101 0 1200 3565
101 0 1201 3559
101 0 1203 3551
101 0 1204 3563
101 0 1205 3544
101 0 1207 3538
101 0 1209 3533
101 0 1210 3543
101 0 1213 3539
103 0 1199 3562
103 0 1200 3579
103 0 1201 3553
103 0 1202 3562
103 0 1202 3577
103 0 1202 3581
103 0 1203 3546
103 0 1203 3554
103 0 1204 3557
103 0 1208 3541
103 0 1210 3535
103 0 1211 3538
103 0 1212 3532
103 0 1214 3535
101 0 1200 3588
103 0 1197 3587
103 0 1199 3584
103 0 1204 3590
103 0 1213 3596
5549 0 1182 3595
5549 0 1184 3591
5549 0 1185 3598
5549 0 1187 3596
5549 0 1188 3593
8581 0 1179 3627
8525 0 1209 3688
8525 0 1210 3685
8527 0 1199 3737
8527 0 1209 3753
7597 0 1167 9930
7597 0 1177 9941
7597 0 1201 9973
8006 0 1168 9940
8007 0 1171 9935
8021 0 1174 9939
11121 0 1187 10264
11128 0 1184 10266
5863 0 1238 1250
936 0 1221 3496
936 0 1222 3488
936 0 1225 3493
936 0 1228 3500
936 0 1237 3518
937 0 1219 3490
937 0 1223 3501
937 0 1229 3489
937 0 1245 3514
938 0 1241 3513
939 0 1246 3517
941 0 1242 3519
2838 0 1235 3473
2838 0 1251 3477
2838 0 1265 3475
2838 0 1277 3479
3908 0 1247 3481
3908 0 1279 3475
3909 0 1231 3475
3909 0 1243 3473
3909 0 1260 3477
3909 0 1268 3470
4145 0 1263 3497
4145 0 1274 3505
4146 0 1266 3499
4147 0 1266 3496
937 0 1233 3521
939 0 1236 3520
7323 0 1266 3541
7323 0 1272 3546
7595 0 1234 3568
7617 0 1276 3559
7619 0 1256 3548
8190 0 1276 3561
8191 0 1277 3562
8192 0 1277 3564
8578 0 1235 3641
8578 0 1240 3636
8578 0 1241 3647
8578 0 1246 3632
8578 0 1250 3631
8578 0 1259 3637
1172 0 1265 3688
2790 0 1261 3692
2792 0 1257 3691
2793 0 1262 3689
2804 0 1250 3688
2805 0 1250 3692
2838 0 1219 3679
2855 0 1244 3696
2855 0 1257 3688
3908 0 1216 3680
8524 0 1271 3707
8524 0 1273 3707
8597 0 1238 3679
8599 0 1251 3681
8599 0 1253 3678
8601 0 1254 3683
10494 0 1252 3687
10495 0 1251 3689
10495 0 1254 3690
10496 0 1253 3693
10496 0 1255 3692
10497 0 1252 3692
10500 0 1248 3686
10505 0 1254 3680
0 0 1234 3761
0 0 1236 3732
0 0 1252 3756
0 0 1262 3731
234 0 1240 3720
234 0 1252 3744
234 0 1276 3728
235 0 1229 3722
235 0 1243 3744
235 0 1256 3737
235 0 1257 3721
238 0 1257 3739
238 0 1260 3742
1838 0 1226 3731
1839 0 1225 3730
2001 0 1226 3729
2003 0 1227 3733
3103 0 1247 3735
5553 0 1220 3747
5553 0 1224 3764
5553 0 1233 3745
5553 0 1242 3760
5553 0 1260 3750
5554 0 1223 3723
5554 0 1238 3740
5555 0 1237 3746
5555 0 1258 3746
5556 0 1219 3761
5556 0 1237 3747
5556 0 1264 3718
5730 0 1236 3727
5730 0 1247 3750
5731 0 1264 3725
8526 0 1221 3714
8530 0 1246 3739
8531 0 1251 3734
8533 0 1241 3756
8534 0 1232 3733
8535 0 1265 3734
8536 0 1235 3752
8537 0 1254 3752
8588 0 1230 3728
8589 0 1248 3760
8590 0 1249 3760
8591 0 1223 3749
8591 0 1237 3733
8591 0 1240 3753
8591 0 1252 3748
8592 0 1230 3735
8592 0 1236 3759
8592 0 1245 3757
8592 0 1262 3735
8593 0 1235 3725
8593 0 1252 3754
8594 0 1256 3758
8595 0 1229 3724
8599 0 1245 3717
8599 0 1251 3719
8601 0 1246 3719
8628 0 1248 3727
8629 0 1246 3753
10725 0 1250 3716
11122 0 1273 3760
8585 0 1243 10083
8585 0 1243 10091
8585 0 1251 10083
8585 0 1251 10091
8607 0 1276 10162
8610 0 1252 10159
8610 0 1255 10147
8610 0 1259 10154
8610 0 1259 10159
8610 0 1266 10152
8610 0 1267 10157
8610 0 1273 10158
8610 0 1260 10192
8610 0 1262 10184
8610 0 1264 10197
8610 0 1268 10179
8610 0 1268 10191
8610 0 1270 10186
8610 0 1275 10181
8610 0 1275 10189
5870 0 1310 1251
5863 0 1302 1314
478 0 1308 3494
478 0 1310 3510
478 0 1311 3498
478 0 1311 3519
478 0 1313 3504
479 0 1280 3501
479 0 1282 3499
2854 0 1336 3485
3030 0 1315 3485
3032 0 1324 3484
3033 0 1304 3479
3034 0 1326 3491
3035 0 1303 3486
3035 0 1314 3477
3664 0 1320 3462
3664 0 1343 3475
3665 0 1328 3469
3665 0 1338 3472
478 0 1307 3529
6915 0 1307 3538
6915 0 1312 3553
6917 0 1315 3543
6917 0 1321 3555
6919 0 1306 3555
6919 0 1317 3562
6919 0 1325 3583
6919 0 1326 3554
6919 0 1340 3541
6919 0 1342 3553
6915 0 1280 3619
6915 0 1285 3599
6915 0 1292 3616
6915 0 1294 3632
6917 0 1281 3617
6917 0 1296 3630
6917 0 1314 3633
6919 0 1280 3615
6919 0 1298 3630
6919 0 1316 3603
6919 0 1318 3632
6919 0 1323 3586
6919 0 1323 3596
6919 0 1323 3602
7601 0 1305 3618
2069 0 1307 3705
2072 0 1292 3709
2839 0 1319 3710
2854 0 1294 3706
2854 0 1303 3709
8563 0 1285 3664
8563 0 1293 3665
8563 0 1311 3669
8563 0 1317 3682
8563 0 1318 3674
8563 0 1325 3669
8563 0 1331 3691
8563 0 1331 3694
8563 0 1334 3691
8563 0 1337 3687
8563 0 1339 3683
8563 0 1339 3691
8564 0 1282 3664
8564 0 1285 3661
8564 0 1318 3677
8564 0 1321 3674
8564 0 1329 3688
8564 0 1333 3684
8564 0 1333 3688
8578 0 1286 3650
8578 0 1286 3651
8578 0 1287 3650
8578 0 1287 3651
8578 0 1308 3672
8578 0 1308 3673
8578 0 1308 3674
8578 0 1309 3672
8578 0 1309 3673
8578 0 1309 3674
8582 0 1319 3673
8599 0 1293 3698
8599 0 1294 3696
8600 0 1291 3696
8601 0 1289 3695
1418 0 1290 3758
1418 0 1291 3753
1418 0 1295 3751
1418 0 1295 3758
2791 0 1306 3713
2792 0 1309 3714
2793 0 1310 3717
2839 0 1322 3713
5007 0 1283 3720
8596 0 1296 3723
2834 0 1280 3837
2834 0 1301 3837
2834 0 1316 3839
8548 0 1300 3828
8549 0 1312 3827
8550 0 1291 3808
8551 0 1332 3822
8552 0 1322 3821
8553 0 1301 3820
8554 0 1311 3833
8555 0 1309 3819
8556 0 1302 3806
8557 0 1324 3798
8558 0 1291 3788
8559 0 1280 3806
8560 0 1326 3812
8561 0 1339 3801
8623 0 1308 3784
8697 0 1297 3796
2834 0 1288 3846
2834 0 1290 3840
2834 0 1325 3843
2834 0 1336 3842
7742 0 1307 9972
7743 0 1302 9970
7743 0 1311 9969
7744 0 1286 9958
7744 0 1319 9949
7744 0 1327 9970
7744 0 1330 9964
7745 0 1290 9952
7745 0 1303 9945
7745 0 1307 9951
7745 0 1324 9954
8565 0 1290 10098
8565 0 1294 10094
8565 0 1312 10094
8565 0 1312 10098
8565 0 1327 10094
8565 0 1331 10098
8579 0 1298 10089
11149 0 1330 10084
8602 0 1310 10209
8603 0 1305 10204
8604 0 1315 10204
8609 0 1303 10235
8609 0 1307 10231
8609 0 1310 10235
8609 0 1315 10235
8610 0 1280 10186
8605 0 1314 10259
8609 0 1302 10240
8609 0 1304 10260
8609 0 1304 10267
8609 0 1305 10247
8609 0 1309 10266
8609 0 1310 10261
8609 0 1311 10246
8609 0 1311 10271
8609 0 1316 10240
8609 0 1317 10245
8609 0 1324 10267
8609 0 1326 10261
8609 0 1329 10267
5863 0 1366 1250
2854 0 1344 3492
2854 0 1345 3486
2854 0 1346 3483
2854 0 1347 3492
2854 0 1349 3490
2854 0 1350 3487
2854 0 1351 3496
2854 0 1352 3490
2854 0 1353 3492
2854 0 1354 3488
2854 0 1354 3495
2854 0 1355 3484
2854 0 1358 3490
2854 0 1358 3495
2854 0 1359 3498
2854 0 1360 3487
2854 0 1364 3485
6914 0 1381 3503
6915 0 1378 3518
6915 0 1381 3519
6915 0 1398 3499
6916 0 1382 3499
6917 0 1396 3496
6918 0 1385 3502
6919 0 1393 3497
7521 0 1387 3503
7522 0 1381 3501
7522 0 1384 3500
7524 0 1383 3503
6914 0 1369 3580
6914 0 1375 3563
6914 0 1376 3574
6914 0 1388 3568
6915 0 1372 3532
6915 0 1399 3563
6916 0 1369 3563
6916 0 1370 3582
6916 0 1375 3567
6917 0 1373 3526
6919 0 1369 3527
6919 0 1378 3581
6919 0 1380 3574
6919 0 1392 3570
7521 0 1372 3581
7521 0 1374 3571
7521 0 1383 3573
7522 0 1372 3567
7522 0 1387 3569
7523 0 1372 3561
7523 0 1378 3576
7524 0 1371 3574
7618 0 1401 3538
8521 0 1367 3632
8523 0 1354 3633
8523 0 1354 3640
8523 0 1355 3621
8523 0 1355 3626
8523 0 1355 3627
8523 0 1355 3634
8523 0 1355 3638
8523 0 1356 3628
8523 0 1357 3630
8523 0 1357 3631
8523 0 1358 3631
8523 0 1358 3640
8523 0 1359 3619
8523 0 1360 3619
8523 0 1360 3624
8523 0 1362 3624
8523 0 1363 3623
8523 0 1381 3629
8523 0 1381 3631
8523 0 1382 3633
8563 0 1344 3702
8563 0 1346 3696
8563 0 1348 3705
8563 0 1350 3699
8563 0 1353 3704
8563 0 1355 3708
8563 0 1359 3696
8563 0 1367 3705
8563 0 1369 3709
8563 0 1372 3707
8564 0 1346 3704
8564 0 1349 3697
8564 0 1354 3710
8564 0 1358 3708
8564 0 1359 3703
8564 0 1363 3706
8566 0 1365 3697
8566 0 1368 3701
8566 0 1371 3700
8566 0 1379 3706
8566 0 1384 3707
8566 0 1385 3701
8567 0 1365 3700
8567 0 1369 3701
8567 0 1370 3692
8567 0 1373 3689
8567 0 1378 3707
8567 0 1383 3707
8567 0 1384 3676
8567 0 1385 3705
8567 0 1388 3692
8567 0 1389 3684
8567 0 1391 3678
8567 0 1392 3689
8567 0 1397 3673
8567 0 1397 3678
8568 0 1365 3695
8568 0 1368 3700
8568 0 1370 3690
8568 0 1372 3692
8568 0 1379 3692
8568 0 1381 3707
8568 0 1384 3697
8568 0 1385 3703
8568 0 1386 3687
8568 0 1386 3694
8568 0 1389 3689
8569 0 1380 3691
8570 0 1371 3693
8570 0 1393 3682
8576 0 1378 3700
8563 0 1363 3714
8563 0 1365 3716
8563 0 1374 3713
8563 0 1374 3718
8563 0 1377 3716
8563 0 1384 3720
8563 0 1390 3718
8563 0 1390 3722
8564 0 1360 3712
8564 0 1361 3717
8564 0 1366 3713
8564 0 1370 3715
8564 0 1374 3716
8564 0 1384 3723
8564 0 1385 3715
8564 0 1393 3721
8566 0 1368 3735
8566 0 1371 3731
8566 0 1387 3731
8566 0 1394 3734
8567 0 1363 3722
8567 0 1369 3737
8567 0 1370 3746
8567 0 1372 3718
8567 0 1374 3732
8567 0 1375 3740
8567 0 1377 3720
8567 0 1390 3732
8567 0 1401 3715
8567 0 1405 3720
8568 0 1363 3717
8568 0 1365 3712
8568 0 1366 3724
8568 0 1370 3723
8568 0 1374 3741
8568 0 1374 3742
8568 0 1374 3751
8568 0 1377 3736
8568 0 1378 3713
8568 0 1387 3735
8568 0 1389 3754
8568 0 1393 3738
8568 0 1393 3747
8568 0 1398 3723
8568 0 1399 3719
8569 0 1372 3749
8569 0 1376 3712
8569 0 1405 3718
8570 0 1359 3713
8571 0 1374 3762
8572 0 1372 3763
8573 0 1370 3761
8574 0 1372 3759
8575 0 1382 3760
8575 0 1384 3744
8576 0 1377 3755
8576 0 1381 3744
8576 0 1402 3757
8577 0 1382 3765
2834 0 1348 3788
2834 0 1349 3783
2834 0 1351 3786
2834 0 1353 3788
8608 0 1348 10243
8615 0 1364 10265
77 0 1427 3517
78 0 1425 3515
79 0 1428 3513
80 0 1431 3517
81 0 1431 3515
3018 0 1469 3561
7482 0 1420 3540
11068 0 1428 3576
11068 0 1434 3572
11068 0 1436 3578
11068 0 1439 3569
11069 0 1428 3571
11069 0 1430 3572
11069 0 1432 3567
11069 0 1432 3577
11069 0 1436 3569
11069 0 1437 3574
11072 0 1416 3536
11076 0 1423 3533
11077 0 1426 3535
11078 0 1420 3535
11081 0 1418 3538
11082 0 1416 3533
11084 0 1428 3539
11086 0 1421 3539
11093 0 1469 3563
11096 0 1469 3556
11102 0 1471 3568
2098 0 1442 3610
2098 0 1446 3618
2099 0 1444 3613
2099 0 1448 3609
2100 0 1439 3610
2100 0 1448 3617
2101 0 1444 3607
2101 0 1446 3614
2101 0 1447 3606
2102 0 1440 3618
2102 0 1441 3614
2102 0 1448 3612
2103 0 1440 3606
8189 0 1428 3592
11062 0 1463 3601
11074 0 1430 3613
11077 0 1429 3612
11080 0 1428 3610
11086 0 1432 3611
5007 0 1429 3663
5007 0 1431 3675
5007 0 1432 3672
5007 0 1435 3660
5007 0 1439 3680
5007 0 1442 3672
6766 0 1424 3700
6767 0 1434 3711
6868 0 1449 3699
6869 0 1448 3696
6870 0 1449 3698
6871 0 1449 3697
6877 0 1468 3682
6914 0 1446 3696
6915 0 1440 3701
6916 0 1447 3698
6917 0 1444 3704
6918 0 1448 3701
7669 0 1439 3667
8567 0 1409 3707
8567 0 1412 3707
8568 0 1411 3704
8568 0 1411 3710
11072 0 1465 3689
11073 0 1466 3694
11073 0 1467 3685
11074 0 1467 3710
11076 0 1465 3686
11076 0 1465 3711
11080 0 1471 3648
11082 0 1466 3708
11083 0 1464 3687
11086 0 1468 3687
11089 0 1467 3703
11089 0 1467 3706
82 0 1428 3774
83 0 1424 3775
2854 0 1446 3750
2862 0 1446 3746
2863 0 1443 3749
3019 0 1442 3771
3019 0 1453 3744
3019 0 1453 3771
3019 0 1462 3765
6766 0 1424 3718
7083 0 1453 3746
7086 0 1460 3761
8567 0 1411 3719
8567 0 1412 3712
8567 0 1412 3715
11072 0 1465 3738
11072 0 1467 3712
11074 0 1465 3731
11075 0 1466 3730
11076 0 1467 3731
11082 0 1464 3728
11082 0 1467 3739
11086 0 1466 3713
11089 0 1467 3717
11089 0 1467 3720
2854 0 1423 3819
2854 0 1424 3829
2854 0 1430 3786
2854 0 1432 3787
2854 0 1433 3785
2854 0 1442 3825
2854 0 1442 3839
2854 0 1443 3822
3027 0 1427 3822
3027 0 1443 3805
3027 0 1447 3796
3027 0 1447 3801
3027 0 1451 3803
7075 0 1432 3812
7075 0 1443 3832
7076 0 1424 3824
7077 0 1440 3822
7077 0 1440 3828
7077 0 1440 3834
7079 0 1434 3822
7079 0 1434 3832
7081 0 1434 3824
7081 0 1434 3834
7084 0 1440 3785
7085 0 1429 3795
8500 0 1410 3811
3019 0 1428 3861
3019 0 1432 3877
3019 0 1433 3853
3019 0 1447 3849
3019 0 1447 3881
7071 0 1452 3858
7075 0 1426 3848
7076 0 1442 3843
7251 0 1451 9900
7251 0 1455 9902
7251 0 1460 9894
7251 0 1460 9907
7252 0 1451 9908
7252 0 1455 9906
7252 0 1457 9897
7252 0 1461 9903
7261 0 1426 9887
7261 0 1428 9884
7261 0 1429 9880
7261 0 1432 9888
7261 0 1433 9879
7261 0 1436 9883
7261 0 1439 9886
7261 0 1444 9881
7262 0 1419 9862
7262 0 1419 9869
7262 0 1424 9864
7262 0 1425 9870
7262 0 1429 9862
7262 0 1446 9865
7262 0 1452 9862
7262 0 1454 9866
7262 0 1459 9867
7262 0 1460 9862
11090 0 1460 9879
8497 0 1434 9946
8732 0 1434 9943
11092 0 1438 9945
11096 0 1442 9961
11097 0 1439 9962
11100 0 1437 9958
11102 0 1440 9950
11106 0 1439 9941
11124 0 1434 9949
11131 0 1434 9940
2838 0 1499 3449
3908 0 1502 3452
3908 0 1503 3448
7459 0 1485 3431
7459 0 1485 3432
7459 0 1494 3443
7460 0 1493 3442
7461 0 1485 3433
7471 0 1504 3401
7476 0 1529 3422
7478 0 1510 3420
7479 0 1497 3422
1173 0 1502 3469
1173 0 1504 3465
1173 0 1508 3465
1173 0 1508 3470
1173 0 1511 3468
1416 0 1522 3474
1416 0 1528 3480
1418 0 1499 3484
1418 0 1503 3479
1418 0 1509 3484
2090 0 1513 3505
2091 0 1519 3508
2092 0 1516 3501
2093 0 1522 3504
2802 0 1474 3473
2856 0 1494 3458
2856 0 1494 3465
2863 0 1492 3461
2863 0 1498 3456
2864 0 1497 3461
2864 0 1501 3459
2910 0 1480 3503
2910 0 1483 3508
2910 0 1487 3501
2910 0 1487 3506
4289 0 1474 3463
4289 0 1483 3464
4289 0 1485 3458
5556 0 1503 3484
5556 0 1506 3475
5556 0 1517 3480
5556 0 1524 3473
5556 0 1525 3480
7473 0 1504 3467
7474 0 1506 3469
7475 0 1506 3465
6790 0 1532 3545
6872 0 1504 3554
6988 0 1509 3563
6990 0 1528 3550
6991 0 1526 3574
7485 0 1478 3531
7486 0 1480 3536
7487 0 1483 3534
7488 0 1482 3530
10888 0 1480 3559
10888 0 1482 3570
10888 0 1490 3557
11050 0 1497 3563
11051 0 1498 3567
11056 0 1510 3551
11059 0 1520 3558
11060 0 1530 3567
11088 0 1480 3533
11092 0 1511 3583
11092 0 1529 3559
11094 0 1496 3541
11096 0 1524 3551
11098 0 1525 3567
11102 0 1520 3581
11104 0 1472 3557
11104 0 1524 3561
11106 0 1500 3540
11109 0 1478 3534
11111 0 1480 3530
11141 0 1496 3557
305 0 1519 3591
6769 0 1511 3592
6826 0 1509 3614
6828 0 1515 3623
6830 0 1527 3617
6832 0 1520 3631
6834 0 1510 3614
6836 0 1516 3623
6838 0 1527 3616
6840 0 1520 3630
6842 0 1515 3614
6844 0 1523 3622
6846 0 1531 3629
6848 0 1521 3613
6850 0 1516 3614
6852 0 1524 3622
6854 0 1531 3628
6856 0 1509 3623
6860 0 1486 3591
6860 0 1486 3593
6863 0 1486 3592
6865 0 1485 3635
6866 0 1482 3636
6867 0 1484 3638
6873 0 1510 3618
6874 0 1521 3621
6875 0 1528 3627
6881 0 1477 3630
6881 0 1478 3643
6881 0 1492 3629
6881 0 1492 3643
6881 0 1532 3614
6882 0 1510 3647
6883 0 1507 3639
6883 0 1513 3641
6884 0 1509 3641
6884 0 1513 3639
6884 0 1517 3639
6885 0 1509 3639
6885 0 1511 3641
6886 0 1503 3641
6886 0 1505 3639
6886 0 1517 3641
6887 0 1507 3641
6887 0 1515 3639
6888 0 1503 3639
6888 0 1511 3639
6888 0 1515 3641
6889 0 1505 3643
6889 0 1513 3645
6889 0 1517 3643
6890 0 1503 3645
6890 0 1509 3643
6890 0 1515 3643
6891 0 1505 3645
6891 0 1513 3643
6891 0 1517 3645
6892 0 1503 3643
6892 0 1507 3645
6892 0 1511 3643
6893 0 1509 3645
6893 0 1515 3645
6894 0 1507 3643
6894 0 1511 3645
6895 0 1504 3632
6992 0 1499 3588
11042 0 1508 3592
11055 0 1497 3593
11057 0 1508 3585
11072 0 1492 3623
11072 0 1511 3632
11072 0 1532 3617
11072 0 1535 3646
11073 0 1525 3642
11074 0 1493 3621
11074 0 1497 3639
11074 0 1535 3616
11075 0 1494 3625
11076 0 1500 3628
11076 0 1521 3644
11076 0 1523 3626
11078 0 1506 3626
11078 0 1531 3633
11079 0 1534 3619
11080 0 1495 3623
11080 0 1533 3642
11081 0 1518 3627
11082 0 1498 3634
11082 0 1527 3632
11082 0 1528 3641
11084 0 1494 3620
11084 0 1522 3641
11086 0 1497 3626
11086 0 1528 3637
11087 0 1495 3646
11092 0 1497 3598
11093 0 1497 3601
11094 0 1499 3596
11096 0 1499 3600
11100 0 1498 3603
11104 0 1495 3596
11106 0 1493 3586
6868 0 1480 3710
6868 0 1499 3700
6868 0 1509 3690
6868 0 1512 3689
6869 0 1477 3699
6869 0 1494 3708
6869 0 1507 3696
6869 0 1511 3692
6870 0 1486 3700
6870 0 1491 3703
6870 0 1506 3693
6870 0 1510 3687
6871 0 1483 3700
6871 0 1494 3696
6871 0 1507 3689
6871 0 1510 3697
6881 0 1483 3677
6914 0 1486 3702
6914 0 1498 3696
6914 0 1508 3694
6914 0 1513 3696
6914 0 1519 3700
6915 0 1482 3702
6915 0 1483 3705
6915 0 1491 3696
6915 0 1493 3704
6915 0 1495 3698
6915 0 1505 3696
6915 0 1513 3705
6915 0 1516 3695
6915 0 1517 3692
6915 0 1517 3698
6915 0 1521 3697
6915 0 1524 3691
6915 0 1524 3704
6915 0 1525 3699
6916 0 1480 3699
6916 0 1487 3699
6916 0 1498 3703
6916 0 1515 3699
6917 0 1485 3707
6917 0 1490 3702
6917 0 1501 3702
6917 0 1511 3703
6917 0 1512 3690
6917 0 1520 3686
6917 0 1522 3693
6917 0 1522 3702
6918 0 1479 3701
6918 0 1483 3703
6918 0 1486 3697
6918 0 1497 3698
6918 0 1509 3704
6919 0 1483 3709
6919 0 1490 3699
6919 0 1490 3710
6919 0 1501 3693
6919 0 1505 3706
6919 0 1511 3694
6919 0 1512 3700
6919 0 1514 3693
6919 0 1514 3703
6919 0 1516 3705
6919 0 1517 3702
6919 0 1518 3690
6919 0 1519 3696
6919 0 1520 3690
6919 0 1523 3701
6919 0 1524 3695
11070 0 1477 3665
11070 0 1494 3653
11070 0 1515 3662
11071 0 1479 3664
11071 0 1493 3651
11071 0 1514 3662
11072 0 1477 3649
11072 0 1478 3661
11073 0 1475 3649
11073 0 1520 3657
11074 0 1481 3671
11074 0 1502 3662
11074 0 1522 3654
11075 0 1505 3664
11076 0 1484 3665
11076 0 1488 3650
11076 0 1505 3659
11076 0 1534 3651
11078 0 1485 3661
11078 0 1524 3667
11078 0 1526 3656
11079 0 1481 3663
11080 0 1499 3654
11080 0 1506 3666
11081 0 1486 3671
11082 0 1518 3659
11084 0 1502 3665
11084 0 1522 3661
11084 0 1528 3659
11085 0 1522 3666
11086 0 1474 3650
11086 0 1483 3672
11086 0 1488 3663
11086 0 1512 3661
1403 0 1498 3762
1404 0 1506 3760
1405 0 1509 3770
1406 0 1480 3767
1407 0 1503 3770
1407 0 1507 3753
1408 0 1512 3769
2827 0 1532 3727
2834 0 1501 3740
2834 0 1505 3738
2834 0 1529 3729
2834 0 1532 3732
3019 0 1483 3766
3019 0 1497 3767
3019 0 1500 3759
3019 0 1511 3761
3019 0 1515 3757
3019 0 1515 3759
3019 0 1522 3753
6868 0 1482 3721
6868 0 1502 3715
6869 0 1489 3716
6870 0 1488 3718
6870 0 1501 3718
6871 0 1484 3717
6871 0 1499 3719
6914 0 1486 3719
6914 0 1503 3717
6915 0 1480 3719
6915 0 1491 3715
6915 0 1511 3714
6915 0 1514 3716
6916 0 1482 3715
6916 0 1506 3716
6917 0 1487 3721
6917 0 1493 3718
6917 0 1498 3721
6917 0 1501 3712
6917 0 1513 3715
6918 0 1490 3719
6919 0 1481 3717
6919 0 1484 3722
6919 0 1495 3716
6919 0 1505 3720
6919 0 1511 3717
7078 0 1522 3736
7078 0 1530 3736
7080 0 1520 3742
7080 0 1524 3742
7080 0 1528 3742
7082 0 1522 3742
7082 0 1526 3742
7082 0 1530 3742
7087 0 1524 3750
7227 0 1517 3733
8496 0 1482 3756
11145 0 1483 3748
11146 0 1482 3746
11147 0 1487 3748
1401 0 1485 3832
1403 0 1520 3810
1405 0 1497 3832
1405 0 1530 3830
1406 0 1487 3810
1408 0 1527 3831
2827 0 1495 3835
2827 0 1499 3810
2827 0 1499 3831
2827 0 1501 3816
2827 0 1502 3833
2827 0 1506 3834
2827 0 1507 3816
2827 0 1508 3810
2834 0 1478 3833
2854 0 1507 3788
2854 0 1531 3805
2856 0 1530 3789
2862 0 1532 3804
3019 0 1482 3808
3019 0 1487 3782
3019 0 1487 3813
3019 0 1498 3833
3019 0 1503 3835
6786 0 1485 3834
8627 0 1517 3834
3019 0 1475 3873
3019 0 1479 3853
3019 0 1488 3880
3019 0 1498 3872
3019 0 1504 3854
7072 0 1497 3864
7073 0 1476 3864
7073 0 1479 3874
7073 0 1498 3871
7074 0 1477 3864
7074 0 1479 3873
7074 0 1498 3870
5552 0 1550 3436
5552 0 1554 3435
5552 0 1555 3442
5552 0 1558 3431
5552 0 1561 3435
5552 0 1564 3430
7462 0 1536 3414
7462 0 1542 3417
10984 0 1584 3433
10985 0 1580 3432
10986 0 1580 3435
10987 0 1583 3435
10988 0 1583 3431
7238 0 1582 3479
7238 0 1594 3489
6987 0 1536 3562
6988 0 1553 3550
6989 0 1558 3564
6992 0 1544 3562
7201 0 1567 3545
7463 0 1581 3563
7463 0 1584 3566
7463 0 1585 3566
7596 0 1543 3571
8180 0 1540 3543
11040 0 1565 3570
11041 0 1539 3556
11043 0 1550 3562
11044 0 1551 3566
11045 0 1552 3568
11046 0 1548 3568
11047 0 1548 3566
11048 0 1550 3565
11052 0 1568 3550
11053 0 1550 3542
11054 0 1560 3561
11058 0 1536 3580
11092 0 1553 3533
11094 0 1546 3549
11094 0 1558 3580
11098 0 1538 3563
11098 0 1548 3530
11100 0 1560 3549
11102 0 1557 3532
11103 0 1551 3534
11104 0 1536 3574
11104 0 1554 3528
11106 0 1559 3557
11123 0 1591 3528
11132 0 1579 3528
6507 0 1540 3624
6508 0 1545 3619
6760 0 1544 3626
6761 0 1541 3619
6763 0 1547 3623
7230 0 1591 3620
11049 0 1552 3633
11063 0 1578 3599
11063 0 1586 3594
11064 0 1576 3595
11064 0 1587 3597
11065 0 1574 3598
11065 0 1584 3596
11072 0 1542 3641
11074 0 1545 3636
11078 0 1558 3636
11082 0 1553 3637
11084 0 1557 3639
11085 0 1554 3639
11094 0 1555 3590
11095 0 1556 3589
11098 0 1558 3587
11100 0 1553 3588
11104 0 1560 3588
2856 0 1568 3711
2856 0 1572 3709
2857 0 1567 3708
3017 0 1565 3701
3017 0 1571 3701
3018 0 1566 3699
3018 0 1577 3665
6876 0 1543 3686
11066 0 1545 3671
11066 0 1549 3669
11066 0 1552 3694
11066 0 1554 3669
11066 0 1554 3692
11066 0 1555 3675
11066 0 1555 3694
11066 0 1555 3697
11066 0 1556 3689
11066 0 1558 3670
11066 0 1560 3673
11066 0 1570 3662
11066 0 1572 3686
11066 0 1574 3658
11066 0 1574 3693
11066 0 1575 3666
11066 0 1575 3683
11066 0 1578 3690
11066 0 1578 3694
11066 0 1579 3685
11067 0 1548 3673
11067 0 1556 3667
11067 0 1569 3657
11067 0 1573 3686
11067 0 1575 3688
11067 0 1576 3661
11072 0 1539 3682
11072 0 1543 3655
11072 0 1547 3687
11073 0 1538 3682
11074 0 1540 3708
11074 0 1541 3681
11074 0 1545 3694
11076 0 1538 3707
11077 0 1540 3655
11078 0 1544 3695
11080 0 1540 3705
11082 0 1545 3654
11084 0 1543 3693
11084 0 1543 3706
11085 0 1539 3706
11086 0 1539 3653
11086 0 1540 3683
11086 0 1546 3703
11092 0 1593 3675
11092 0 1595 3663
11092 0 1596 3684
11093 0 1598 3672
11094 0 1596 3668
11096 0 1588 3672
11098 0 1591 3673
11098 0 1596 3678
11100 0 1594 3671
11102 0 1589 3674
11103 0 1596 3681
11104 0 1598 3663
11104 0 1598 3681
11105 0 1587 3674
11106 0 1597 3674
1403 0 1537 3721
2827 0 1543 3768
2827 0 1544 3772
2827 0 1571 3748
2827 0 1575 3769
2827 0 1576 3751
2827 0 1578 3753
2827 0 1578 3771
2854 0 1536 3719
2854 0 1565 3759
2858 0 1571 3712
3019 0 1543 3714
3019 0 1546 3722
3019 0 1555 3752
3019 0 1574 3766
3019 0 1579 3737
3019 0 1591 3721
7088 0 1551 3749
7089 0 1570 3718
7090 0 1570 3760
7091 0 1568 3763
7092 0 1568 3761
7093 0 1567 3765
7094 0 1569 3765
7485 0 1591 3767
7485 0 1594 3765
7486 0 1589 3764
7487 0 1592 3760
11088 0 1590 3766
11088 0 1593 3762
11109 0 1588 3766
11109 0 1593 3759
11110 0 1591 3761
11111 0 1590 3758
11111 0 1594 3763
1401 0 1554 3796
1402 0 1555 3785
1403 0 1541 3806
1403 0 1541 3810
1405 0 1548 3808
1406 0 1543 3780
2827 0 1546 3799
2827 0 1551 3802
2827 0 1552 3791
2854 0 1545 3802
2854 0 1555 3794
2854 0 1566 3810
2854 0 1566 3827
2854 0 1594 3832
3019 0 1538 3787
3019 0 1538 3814
3019 0 1539 3791
3019 0 1545 3777
3019 0 1545 3807
3019 0 1553 3804
3019 0 1555 3824
3019 0 1557 3821
3019 0 1563 3812
3019 0 1572 3805
3019 0 1572 3833
3019 0 1579 3800
3019 0 1587 3805
3019 0 1588 3792
3019 0 1589 3797
3019 0 1589 3834
7052 0 1597 3818
7052 0 1597 3821
8507 0 1573 3815
8508 0 1578 3808
8508 0 1579 3834
8509 0 1588 3815
8510 0 1574 3825
8511 0 1583 3827
710 0 1580 3901
711 0 1586 3898
712 0 1579 3891
713 0 1585 3893
2085 0 1552 3881
2085 0 1554 3889
2086 0 1562 3887
2087 0 1551 3885
2087 0 1557 3894
7896 0 1545 3895
10722 0 1550 3887
10722 0 1555 3884
10722 0 1558 3890
10722 0 1560 3887
11142 0 1541 3886
9238 0 1575 3951
7506 0 1550 4881
7507 0 1554 4885
7508 0 1558 4881
8030 0 1542 5081
8030 0 1543 5067
8030 0 1547 5073
8030 0 1549 5066
8030 0 1550 5079
8031 0 1581 5072
8031 0 1582 5079
8031 0 1584 5066
8031 0 1588 5080
8031 0 1590 5067
10990 0 1577 9833
7234 0 1548 9893
7234 0 1550 9886
7234 0 1552 9902
7234 0 1554 9892
7234 0 1557 9868
7234 0 1559 9864
7234 0 1559 9902
7234 0 1561 9908
7234 0 1562 9868
7234 0 1568 9900
7234 0 1568 9909
7234 0 1571 9879
7234 0 1571 9883
7234 0 1574 9871
7234 0 1575 9890
7234 0 1577 9899
7234 0 1578 9884
7234 0 1579 9880
7234 0 1579 9912
7234 0 1580 9905
7234 0 1587 9865
7234 0 1590 9863
7234 0 1592 9868
7239 0 1593 9900
11129 0 1562 9952
11134 0 1568 9955
7607 0 1550 10230
7608 0 1554 10221
7610 0 1548 10217
7611 0 1551 10213
7612 0 1541 10224
7613 0 1553 10227
11151 0 1552 10224
2837 0 1600 3453
2837 0 1607 3437
2837 0 1611 3447
2837 0 1617 3438
2837 0 1626 3450
1838 0 1634 3502
1839 0 1636 3500
2002 0 1636 3501
3101 0 1623 3500
7235 0 1657 3506
7236 0 1650 3499
7237 0 1606 3508
7238 0 1614 3491
7238 0 1628 3514
7240 0 1654 3501
7321 0 1615 3514
1418 0 1626 3522
1418 0 1635 3544
1418 0 1638 3535
1418 0 1640 3526
1418 0 1645 3547
1418 0 1648 3528
1418 0 1655 3534
1418 0 1660 3548
1854 0 1624 3570
1854 0 1633 3537
1854 0 1636 3546
1854 0 1637 3529
2070 0 1646 3524
2074 0 1635 3523
2693 0 1637 3568
2693 0 1642 3568
2693 0 1650 3565
2696 0 1646 3565
2696 0 1650 3563
2697 0 1639 3565
2697 0 1649 3567
2698 0 1640 3567
2698 0 1651 3568
2699 0 1648 3564
2786 0 1647 3568
2787 0 1642 3565
3114 0 1644 3566
3664 0 1625 3537
3664 0 1634 3532
3664 0 1634 3545
3664 0 1645 3525
3664 0 1649 3535
5007 0 1623 3527
5007 0 1634 3553
5007 0 1639 3524
6585 0 1645 3573
6989 0 1630 3581
6992 0 1630 3567
7228 0 1656 3543
7305 0 1643 3573
7464 0 1644 3558
7464 0 1650 3558
11092 0 1655 3524
11096 0 1653 3522
11102 0 1660 3522
11103 0 1655 3529
234 0 1626 3624
234 0 1650 3606
234 0 1661 3624
235 0 1623 3599
235 0 1626 3603
235 0 1631 3618
235 0 1649 3617
235 0 1657 3597
1418 0 1637 3589
1418 0 1639 3592
1418 0 1640 3590
1418 0 1651 3588
1418 0 1651 3591
1418 0 1654 3590
1418 0 1655 3592
1418 0 1657 3588
1419 0 1627 3597
1420 0 1662 3619
1421 0 1622 3604
1421 0 1642 3604
1421 0 1653 3621
1421 0 1657 3631
1854 0 1625 3593
1854 0 1625 3632
1854 0 1633 3604
1854 0 1640 3639
1854 0 1661 3614
2854 0 1620 3602
2854 0 1650 3609
2854 0 1652 3635
2854 0 1662 3603
6926 0 1646 3627
6927 0 1636 3633
6928 0 1636 3620
6929 0 1637 3634
6929 0 1639 3621
6929 0 1644 3621
6929 0 1644 3634
6930 0 1637 3621
6930 0 1639 3634
6930 0 1645 3621
6931 0 1638 3634
6931 0 1643 3621
6931 0 1645 3634
6932 0 1640 3621
6932 0 1642 3634
6933 0 1637 3619
6933 0 1638 3632
6933 0 1644 3619
6934 0 1638 3619
6934 0 1639 3632
6934 0 1644 3632
6935 0 1639 3619
6935 0 1642 3619
6935 0 1642 3632
6936 0 1637 3632
6936 0 1643 3632
6936 0 1645 3619
3207 0 1633 3684
3208 0 1640 3684
3211 0 1625 3682
5007 0 1616 3704
6783 0 1638 3668
6785 0 1631 3670
6787 0 1632 3678
6789 0 1641 3679
6791 0 1642 3673
7063 0 1632 3707
7209 0 1632 3665
8499 0 1663 3673
8515 0 1623 3659
8538 0 1648 3665
8542 0 1619 3678
10730 0 1659 3672
11092 0 1605 3669
11094 0 1629 3648
11094 0 1637 3679
11097 0 1628 3650
11098 0 1602 3674
11098 0 1632 3648
11098 0 1637 3666
11100 0 1631 3665
11100 0 1633 3651
11102 0 1605 3677
11102 0 1643 3667
11104 0 1627 3654
11104 0 1630 3682
11106 0 1603 3667
11114 0 1661 3676
11117 0 1612 3669
11120 0 1606 3656
2827 0 1644 3741
2827 0 1646 3765
2854 0 1601 3723
6782 0 1652 3757
6824 0 1619 3758
7057 0 1637 3743
7057 0 1637 3749
7058 0 1622 3743
7058 0 1622 3749
7059 0 1637 3740
7059 0 1637 3746
7060 0 1622 3740
7060 0 1622 3746
7065 0 1648 3723
7065 0 1651 3731
11092 0 1606 3715
11094 0 1624 3714
11095 0 1603 3719
11096 0 1610 3718
11098 0 1625 3722
11100 0 1601 3714
11102 0 1619 3713
11106 0 1621 3719
11107 0 1631 3723
11109 0 1602 3755
11110 0 1604 3751
11111 0 1600 3752
7044 0 1633 3808
7046 0 1639 3814
7047 0 1626 3814
7048 0 1626 3801
7049 0 1639 3801
7614 0 1624 3808
7902 0 1652 3826
2827 0 1603 3844
2827 0 1615 3841
2827 0 1624 3853
2827 0 1655 3880
6824 0 1612 3849
6824 0 1633 3842
6824 0 1633 3879
6824 0 1662 3870
6858 0 1624 3877
7051 0 1635 3868
7374 0 1634 3948
7376 0 1629 3939
7377 0 1631 3941
7378 0 1633 3939
7379 0 1623 3934
7379 0 1623 3937
7379 0 1629 3947
7380 0 1635 3946
7381 0 1629 3941
8626 0 1625 3943
7371 0 1619 4018
7371 0 1619 3996
7371 0 1641 3996
7371 0 1641 4018
7383 0 1614 4001
7383 0 1614 4008
7383 0 1614 4015
7383 0 1617 3994
7383 0 1618 4020
7383 0 1623 4023
7383 0 1625 3991
7383 0 1635 3991
7383 0 1637 4023
7383 0 1642 4020
7383 0 1643 3994
7383 0 1646 4001
7383 0 1646 4008
7383 0 1646 4015
7430 0 1615 4832
7431 0 1639 4838
7432 0 1629 4850
7433 0 1626 4840
7434 0 1636 4817
7435 0 1644 4819
7436 0 1622 4828
7818 0 1631 4975
1538 0 1620 5323
1539 0 1635 5355
1541 0 1659 5340
2916 0 1610 5343
2916 0 1610 5348
2916 0 1610 5352
2916 0 1613 5356
2916 0 1614 5342
2916 0 1614 5361
2916 0 1618 5340
2916 0 1619 5363
2916 0 1623 5342
2916 0 1624 5351
2916 0 1627 5355
2916 0 1627 5360
2916 0 1629 5361
2916 0 1635 5361
2916 0 1638 5363
2916 0 1639 5359
2918 0 1628 5334
2918 0 1635 5326
2918 0 1637 5332
2918 0 1643 5340
2918 0 1645 5358
2918 0 1646 5350
2918 0 1650 5332
2920 0 1639 5345
2921 0 1633 5322
5563 0 1618 5326
5564 0 1623 5331
5564 0 1647 5324
5565 0 1651 5325
7257 0 1637 9991
7257 0 1638 9995
7257 0 1640 9990
7257 0 1640 9997
7257 0 1641 9993
7257 0 1643 9996
7257 0 1643 9999
7257 0 1644 9991
7257 0 1646 9999
7257 0 1648 9996
7258 0 1603 10040
7258 0 1604 10037
7258 0 1604 10045
7258 0 1605 10032
7258 0 1606 10035
7258 0 1606 10043
7258 0 1608 10024
7258 0 1612 10024
7258 0 1615 10020
7258 0 1618 10015
7258 0 1620 10017
7259 0 1660 9999
7259 0 1660 10001
7259 0 1662 10002
7260 0 1656 9996
7260 0 1659 9996
7260 0 1662 9996
7260 0 1662 9999
7261 0 1634 10011
7261 0 1634 10015
7261 0 1637 10008
7261 0 1638 10012
7261 0 1647 10036
7261 0 1650 10034
7261 0 1650 10038
7261 0 1655 10038
7262 0 1638 10017
7262 0 1655 10012
7262 0 1658 10014
7262 0 1662 10014
7263 0 1659 10023
7263 0 1661 10024
7263 0 1663 10021
7263 0 1663 10023
7263 0 1663 10026
7265 0 1638 10045
7265 0 1640 10046
7265 0 1642 10046
7268 0 1637 10033
7268 0 1639 10031
7268 0 1639 10035
7268 0 1639 10044
7268 0 1641 10033
7268 0 1641 10044
7269 0 1639 10033
7269 0 1641 10035
7269 0 1649 10017
7269 0 1650 10016
7270 0 1647 10023
7270 0 1650 10011
7271 0 1644 10012
7271 0 1647 10011
7271 0 1651 10021
7271 0 1654 10023
7272 0 1608 9994
7272 0 1608 9998
7272 0 1612 9998
7272 0 1620 9992
7272 0 1623 9995
7272 0 1625 9992
7276 0 1625 10033
7276 0 1628 10030
7276 0 1629 10035
7276 0 1631 10032
7276 0 1633 10028
7276 0 1634 10031
7279 0 1602 10009
7279 0 1604 10013
7279 0 1606 10009
7279 0 1606 10015
7279 0 1609 10011
7279 0 1619 10007
7279 0 1619 10010
7279 0 1621 10004
7279 0 1646 9988
7279 0 1651 9989
7279 0 1656 9987
7279 0 1657 9990
7282 0 1619 10014
7251 0 1622 10057
7251 0 1624 10048
7251 0 1629 10056
7251 0 1630 10049
7251 0 1632 10054
7251 0 1633 10059
7251 0 1637 10067
7252 0 1618 10054
7252 0 1622 10063
7252 0 1628 10052
7252 0 1631 10062
7252 0 1632 10066
7253 0 1645 10095
7253 0 1650 10091
7253 0 1650 10098
7254 0 1655 10085
7254 0 1661 10086
7255 0 1607 10057
7255 0 1609 10050
7256 0 1639 10060
7256 0 1639 10063
7256 0 1642 10068
7256 0 1643 10063
7256 0 1645 10071
7256 0 1646 10066
7256 0 1647 10062
7256 0 1648 10058
7256 0 1651 10062
7261 0 1662 10070
7261 0 1662 10073
7261 0 1663 10063
7261 0 1663 10066
7265 0 1639 10048
7265 0 1639 10051
7265 0 1640 10054
7273 0 1629 10071
7273 0 1633 10077
7274 0 1611 10076
7274 0 1616 10077
7274 0 1617 10071
7275 0 1611 10090
7275 0 1612 10097
7275 0 1617 10091
7275 0 1618 10097
7280 0 1640 10075
1417 0 1673 3504
1418 0 1668 3501
1418 0 1669 3510
3019 0 1715 3497
5936 0 1674 3478
5936 0 1684 3478
5936 0 1685 3489
5936 0 1690 3479
5936 0 1694 3466
6992 0 1724 3502
7069 0 1717 3467
7207 0 1675 3477
7207 0 1676 3477
7207 0 1683 3487
7207 0 1685 3479
7207 0 1686 3490
7207 0 1688 3474
7207 0 1694 3470
7207 0 1694 3487
7207 0 1695 3472
7207 0 1696 3482
7207 0 1697 3486
7207 0 1698 3461
7207 0 1698 3479
7465 0 1668 3475
7465 0 1672 3469
7466 0 1676 3489
7466 0 1678 3492
7467 0 1674 3469
7467 0 1675 3469
9392 0 1705 3483
0 0 1696 3544
106 0 1665 3553
106 0 1667 3549
106 0 1669 3556
106 0 1672 3552
2837 0 1696 3521
2837 0 1725 3559
3910 0 1717 3566
3910 0 1719 3562
3910 0 1724 3567
6814 0 1690 3541
6922 0 1687 3532
6923 0 1701 3529
7609 0 1673 3580
10717 0 1677 3575
10718 0 1671 3570
10718 0 1679 3571
10719 0 1670 3574
10719 0 1680 3568
10720 0 1679 3578
10721 0 1674 3573
234 0 1671 3613
234 0 1674 3629
234 0 1674 3640
234 0 1683 3605
234 0 1694 3635
234 0 1698 3609
235 0 1666 3601
235 0 1680 3597
235 0 1685 3629
235 0 1687 3612
235 0 1691 3599
235 0 1699 3605
235 0 1701 3596
235 0 1703 3622
237 0 1698 3603
1173 0 1669 3637
1173 0 1669 3640
1173 0 1670 3639
1174 0 1669 3636
1174 0 1669 3639
1174 0 1670 3637
1416 0 1687 3626
1416 0 1697 3606
1416 0 1699 3630
1416 0 1707 3617
1417 0 1689 3619
1417 0 1702 3618
1417 0 1707 3610
1418 0 1669 3617
1418 0 1675 3607
1418 0 1676 3631
1418 0 1683 3611
1418 0 1696 3630
1838 0 1671 3591
1838 0 1694 3591
1838 0 1703 3639
1838 0 1705 3641
1838 0 1707 3632
1838 0 1713 3602
1838 0 1715 3638
1838 0 1718 3613
1839 0 1669 3591
1839 0 1692 3593
1839 0 1706 3588
1839 0 1718 3608
2069 0 1691 3639
2070 0 1666 3631
2071 0 1688 3625
2071 0 1701 3631
2072 0 1690 3615
2072 0 1700 3611
2074 0 1697 3607
2807 0 1679 3636
2807 0 1681 3638
2808 0 1681 3635
2808 0 1682 3638
2808 0 1685 3640
2809 0 1686 3636
2810 0 1678 3639
2811 0 1688 3639
3019 0 1677 3627
3019 0 1686 3630
3019 0 1703 3614
3664 0 1692 3641
3664 0 1705 3612
3901 0 1691 3623
3901 0 1700 3609
6937 0 1676 3620
6938 0 1681 3617
6987 0 1719 3594
6988 0 1678 3609
6990 0 1690 3603
7468 0 1714 3607
7468 0 1715 3612
394 0 1720 3683
394 0 1721 3686
394 0 1724 3685
1417 0 1697 3655
1417 0 1712 3662
1417 0 1713 3655
1417 0 1719 3649
2827 0 1709 3709
2827 0 1710 3706
2827 0 1714 3703
3664 0 1700 3664
3664 0 1703 3651
3664 0 1717 3664
3664 0 1718 3653
5007 0 1696 3683
5007 0 1703 3688
5453 0 1698 3685
5455 0 1701 3684
5456 0 1700 3688
6824 0 1705 3701
6946 0 1664 3669
6987 0 1676 3696
6987 0 1684 3650
6988 0 1667 3656
6988 0 1682 3673
6988 0 1713 3660
6989 0 1667 3685
6989 0 1686 3658
6989 0 1702 3656
6990 0 1666 3661
6990 0 1709 3655
6991 0 1706 3662
6992 0 1669 3650
6992 0 1687 3690
7017 0 1664 3670
8184 0 1668 3673
8185 0 1667 3676
8186 0 1667 3669
8187 0 1665 3674
8498 0 1666 3667
8506 0 1666 3678
8580 0 1666 3671
10714 0 1670 3674
10715 0 1666 3673
10716 0 1670 3672
10728 0 1674 3674
10729 0 1668 3675
10930 0 1676 3683
11092 0 1691 3673
11094 0 1694 3675
11098 0 1687 3671
11102 0 1694 3672
11104 0 1686 3676
11107 0 1689 3675
11115 0 1673 3676
11116 0 1674 3671
11118 0 1677 3674
2827 0 1667 3735
2827 0 1709 3742
6824 0 1678 3757
6824 0 1708 3715
7053 0 1686 3725
7056 0 1720 3724
7061 0 1703 3771
7062 0 1702 3770
7064 0 1678 3766
7066 0 1686 3766
7067 0 1682 3769
7068 0 1686 3764
7203 0 1722 3745
7204 0 1668 3728
7208 0 1698 3742
2827 0 1670 3797
2827 0 1718 3824
7041 0 1712 3829
7231 0 1670 3834
74 0 1686 3880
75 0 1692 3878
75 0 1716 3878
76 0 1703 3880
2827 0 1675 3877
2827 0 1678 3859
2827 0 1691 3855
2827 0 1701 3862
2827 0 1714 3888
2827 0 1721 3855
2827 0 1724 3890
6824 0 1673 3861
6824 0 1700 3857
6824 0 1709 3860
7050 0 1713 3883
7480 0 1704 3940
4321 0 1692 4252
4321 0 1693 4254
4321 0 1699 4254
4345 0 1692 4256
4348 0 1698 4257
4349 0 1695 4257
234 0 1674 6085
234 0 1684 6090
234 0 1701 6098
234 0 1704 6101
235 0 1717 6092
236 0 1685 6094
236 0 1689 6093
236 0 1721 6099
236 0 1727 6092
9476 0 1686 6115
9477 0 1695 6103
9478 0 1691 6098
9478 0 1693 6100
9478 0 1695 6100
9479 0 1667 6095
9480 0 1677 6130
9484 0 1712 6133
9484 0 1714 6133
9485 0 1717 6114
9486 0 1722 6096
5936 0 1667 9833
5936 0 1669 9825
5936 0 1672 9822
5936 0 1673 9831
5936 0 1675 9826
5936 0 1680 9821
7207 0 1667 9832
7207 0 1669 9832
7207 0 1670 9826
7207 0 1671 9823
7207 0 1672 9829
7207 0 1678 9821
7207 0 1678 9823
7207 0 1680 9822
7267 0 1690 9823
7267 0 1694 9824
7267 0 1697 9819
7267 0 1699 9823
7267 0 1708 9844
7267 0 1713 9840
7267 0 1713 9846
7267 0 1718 9842
7249 0 1708 10014
7249 0 1709 10018
7249 0 1711 10011
7249 0 1712 10016
7249 0 1712 10034
7249 0 1713 10013
7249 0 1713 10020
7249 0 1714 10030
7249 0 1716 10016
7249 0 1716 10019
7249 0 1716 10033
7249 0 1717 10030
7249 0 1718 10035
7259 0 1670 9999
7259 0 1671 10002
7259 0 1674 10000
7259 0 1674 9996
7260 0 1664 10000
7260 0 1666 9997
7260 0 1668 9994
7262 0 1686 10030
7262 0 1687 10034
7262 0 1687 10044
7262 0 1689 10047
7262 0 1690 10036
7262 0 1691 10030
7262 0 1693 10033
7264 0 1665 10022
7264 0 1666 10024
7267 0 1701 9995
7267 0 1705 9997
7267 0 1706 10001
7267 0 1707 9993
7267 0 1709 9998
7267 0 1711 9995
7267 0 1720 9991
7267 0 1721 9995
7267 0 1721 9999
7267 0 1723 9992
7267 0 1724 9998
7276 0 1688 10013
7276 0 1688 10018
7276 0 1691 10016
7276 0 1694 10013
7276 0 1694 10019
7277 0 1684 10000
7277 0 1685 9995
7277 0 1685 9998
7277 0 1687 9994
7277 0 1687 9998
7277 0 1687 10000
7277 0 1689 9995
7277 0 1690 9999
7277 0 1691 9997
7277 0 1714 10046
7277 0 1716 10044
7277 0 1720 10045
7277 0 1725 10047
7283 0 1709 10007
7241 0 1669 10054
7241 0 1670 10086
7241 0 1673 10084
7241 0 1673 10096
7241 0 1674 10056
7241 0 1674 10061
7241 0 1674 10087
7241 0 1675 10091
7241 0 1675 10094
7241 0 1675 10098
7241 0 1676 10085
7241 0 1677 10095
7241 0 1678 10058
7242 0 1718 10086
7242 0 1719 10079
7243 0 1720 10090
7243 0 1721 10083
7244 0 1679 10083
7244 0 1686 10097
7244 0 1695 10099
7244 0 1718 10097
7245 0 1682 10087
7245 0 1684 10083
7245 0 1691 10096
7245 0 1706 10099
7246 0 1689 10088
7246 0 1711 10098
7247 0 1706 10065
7247 0 1708 10069
7247 0 1712 10068
7247 0 1718 10063
7247 0 1722 10066
7248 0 1710 10065
7248 0 1716 10067
7248 0 1720 10071
7261 0 1665 10071
7262 0 1685 10049
7262 0 1688 10050
7263 0 1686 10062
7263 0 1687 10060
7263 0 1688 10062
7263 0 1689 10065
7263 0 1690 10063
7263 0 1691 10061
7263 0 1694 10063
7263 0 1696 10065
7263 0 1698 10062
7263 0 1699 10065
7276 0 1672 10071
7276 0 1675 10071
7276 0 1675 10075
7276 0 1678 10073
7276 0 1678 10077
7276 0 1681 10076
7276 0 1685 10075
7277 0 1715 10055
7277 0 1716 10051
7277 0 1720 10055
7277 0 1721 10050
7277 0 1726 10053
7278 0 1691 10081
7278 0 1692 10078
7278 0 1692 10083
7278 0 1694 10082
7278 0 1694 10084
7278 0 1695 10079
7278 0 1696 10081
7278 0 1704 10081
7278 0 1705 10079
7278 0 1706 10083
7278 0 1707 10085
7278 0 1708 10079
7278 0 1709 10081
7278 0 1709 10083
7281 0 1681 10098
9481 0 1673 12512
9482 0 1698 12517
9483 0 1690 12527
9483 0 1691 12522
9483 0 1692 12525
9483 0 1692 12529
9483 0 1694 12521
9483 0 1695 12526
9483 0 1695 12529
9483 0 1696 12520
9483 0 1697 12522
9483 0 1697 12526
9483 0 1699 12524
9483 0 1699 12529
9483 0 1701 12526
5936 0 1748 3412
5936 0 1750 3413
5936 0 1750 3425
5936 0 1752 3410
5936 0 1754 3429
5936 0 1758 3440
5936 0 1759 3439
5936 0 1763 3429
5936 0 1765 3446
5936 0 1767 3409
5936 0 1769 3409
5936 0 1777 3432
5936 0 1779 3407
5936 0 1780 3408
5936 0 1780 3427
5936 0 1781 3408
5936 0 1781 3438
5936 0 1783 3412
5936 0 1785 3404
5936 0 1787 3405
5936 0 1787 3409
7207 0 1749 3411
7207 0 1749 3413
7207 0 1751 3424
7207 0 1751 3426
7207 0 1752 3425
7207 0 1756 3410
7207 0 1757 3439
7207 0 1761 3412
7207 0 1763 3426
7207 0 1763 3445
7207 0 1764 3444
7207 0 1764 3446
7207 0 1766 3427
7207 0 1768 3408
7207 0 1769 3447
7207 0 1774 3412
7207 0 1776 3429
7207 0 1778 3429
7207 0 1779 3438
7207 0 1780 3406
7207 0 1780 3412
7207 0 1780 3437
7207 0 1780 3439
7207 0 1781 3432
7207 0 1786 3403
7207 0 1787 3404
7484 0 1779 3418
1416 0 1758 3501
1418 0 1729 3500
1418 0 1731 3484
1418 0 1742 3495
1418 0 1750 3504
1418 0 1760 3488
2834 0 1766 3509
2834 0 1767 3504
2834 0 1770 3514
3029 0 1779 3508
3031 0 1778 3502
3032 0 1776 3505
3035 0 1772 3508
3036 0 1773 3503
5007 0 1734 3511
5007 0 1740 3480
5007 0 1744 3484
5007 0 1748 3480
5007 0 1750 3506
5007 0 1758 3510
5007 0 1759 3481
5007 0 1762 3476
5007 0 1770 3478
5936 0 1731 3464
5936 0 1733 3469
5936 0 1738 3469
5936 0 1741 3473
5936 0 1750 3468
5936 0 1753 3471
5936 0 1766 3467
5936 0 1773 3460
5936 0 1790 3467
6956 0 1736 3489
6956 0 1738 3488
6956 0 1738 3492
6956 0 1741 3489
6956 0 1743 3498
6956 0 1744 3490
6956 0 1750 3498
6991 0 1740 3494
7207 0 1733 3470
7207 0 1737 3468
7207 0 1748 3464
7207 0 1748 3470
7207 0 1750 3470
7207 0 1757 3469
7207 0 1764 3468
7207 0 1766 3468
7207 0 1766 3469
7207 0 1772 3461
7207 0 1772 3465
7207 0 1774 3462
7207 0 1775 3468
7207 0 1776 3469
7207 0 1777 3468
7207 0 1786 3466
7207 0 1787 3472
7207 0 1791 3469
7483 0 1782 3458
0 0 1741 3552
397 0 1760 3563
398 0 1743 3565
399 0 1744 3564
400 0 1758 3565
3019 0 1751 3533
6921 0 1736 3556
6924 0 1763 3523
6924 0 1764 3543
6924 0 1764 3551
6924 0 1765 3529
6924 0 1767 3535
6924 0 1770 3545
6924 0 1770 3553
6924 0 1771 3523
6924 0 1773 3529
6924 0 1775 3535
6924 0 1776 3547
6924 0 1776 3555
6955 0 1734 3576
6957 0 1749 3534
7901 0 1776 3566
7925 0 1776 3577
10424 0 1747 3538
11139 0 1782 3572
11143 0 1782 3571
397 0 1770 3633
398 0 1741 3591
398 0 1786 3598
399 0 1772 3634
399 0 1788 3596
400 0 1738 3592
1172 0 1765 3643
2790 0 1747 3640
2790 0 1757 3638
2791 0 1751 3636
2791 0 1758 3643
2792 0 1747 3637
2792 0 1761 3642
2793 0 1763 3638
2794 0 1754 3637
2854 0 1731 3616
2854 0 1733 3622
2854 0 1739 3612
2854 0 1743 3618
2863 0 1788 3634
2864 0 1787 3641
3019 0 1738 3611
3097 0 1781 3628
5730 0 1761 3633
5731 0 1787 3592
6823 0 1756 3599
6940 0 1746 3599
6942 0 1746 3598
6942 0 1746 3600
6943 0 1773 3588
6944 0 1763 3593
6945 0 1768 3598
6947 0 1748 3614
6948 0 1740 3620
6949 0 1748 3618
6950 0 1746 3613
6951 0 1747 3618
6952 0 1739 3619
6953 0 1743 3612
6954 0 1741 3612
6962 0 1741 3588
6987 0 1742 3616
6988 0 1731 3618
6988 0 1765 3596
6989 0 1728 3619
6990 0 1729 3615
6991 0 1744 3615
6991 0 1778 3619
6992 0 1730 3612
6992 0 1767 3603
7209 0 1739 3600
7209 0 1742 3595
7209 0 1756 3619
7209 0 1760 3596
7209 0 1765 3601
7209 0 1778 3597
8181 0 1750 3587
10422 0 1767 3622
10423 0 1784 3590
10431 0 1782 3624
518 0 1762 3695
2693 0 1781 3653
2786 0 1779 3651
2854 0 1774 3710
3019 0 1756 3707
5007 0 1734 3700
5007 0 1749 3702
5007 0 1750 3708
5894 0 1769 3683
6989 0 1777 3655
7011 0 1789 3690
7012 0 1780 3684
7013 0 1783 3681
7014 0 1782 3683
7229 0 1761 3709
7897 0 1775 3681
11092 0 1760 3672
11094 0 1788 3710
11095 0 1757 3681
11096 0 1783 3710
11098 0 1759 3677
11101 0 1790 3707
11102 0 1779 3709
11104 0 1756 3674
11106 0 1785 3706
330 0 1747 3774
330 0 1750 3745
330 0 1764 3734
330 0 1765 3762
330 0 1783 3714
330 0 1788 3756
330 0 1789 3729
2854 0 1753 3727
2854 0 1770 3738
2854 0 1786 3747
2854 0 1789 3717
2855 0 1749 3733
2855 0 1752 3761
6973 0 1748 3766
6974 0 1759 3755
6975 0 1764 3746
6976 0 1768 3758
6977 0 1766 3773
6978 0 1778 3731
6979 0 1744 3727
6980 0 1777 3746
6980 0 1780 3731
6983 0 1781 3720
6985 0 1791 3722
6987 0 1751 3750
6988 0 1754 3748
6992 0 1755 3751
6994 0 1751 3738
6994 0 1764 3755
6995 0 1766 3732
6995 0 1773 3756
6996 0 1774 3740
7202 0 1783 3758
11092 0 1786 3775
330 0 1761 3790
330 0 1766 3777
2854 0 1746 3779
2854 0 1747 3790
2854 0 1770 3784
2854 0 1777 3790
7469 0 1761 3796
7469 0 1764 3796
7469 0 1765 3796
7470 0 1747 3802
7470 0 1748 3802
11094 0 1782 3778
74 0 1729 3889
80 0 1734 3876
93 0 1790 3892
97 0 1774 3896
2827 0 1732 3840
2827 0 1737 3851
2827 0 1750 3897
2827 0 1755 3876
2827 0 1768 3858
6824 0 1732 3855
6824 0 1743 3892
7040 0 1762 3852
3516 0 1761 4708
1913 0 1745 4961
1913 0 1759 4977
1913 0 1765 4946
1914 0 1733 4970
1914 0 1752 4977
1914 0 1755 4951
1914 0 1771 4985
1914 0 1783 4951
1919 0 1736 4960
1919 0 1741 4970
1919 0 1749 4943
1919 0 1753 4970
1919 0 1759 4980
1919 0 1772 4970
1920 0 1742 4959
1920 0 1747 4981
1920 0 1757 4936
1920 0 1759 4943
1920 0 1764 4973
1920 0 1782 4961
1920 0 1785 4970
1921 0 1745 4950
1921 0 1763 4975
1921 0 1766 4964
1921 0 1771 4939
1921 0 1773 4959
1922 0 1734 4960
1922 0 1760 4946
1922 0 1762 4978
1922 0 1779 4961
6001 0 1759 4955
6002 0 1758 4973
6002 0 1772 4980
6003 0 1754 4947
6003 0 1759 4939
6004 0 1771 4961
6004 0 1775 4950
6005 0 1737 4950
6005 0 1749 4961
6007 0 1742 4964
6008 0 1781 4954
6009 0 1774 4964
6010 0 1774 4954
6011 0 1740 4979
6012 0 1742 4954
6013 0 1735 4964
6014 0 1752 4938
6015 0 1765 4979
6016 0 1775 4979
6017 0 1750 4979
6018 0 1735 4954
5780 0 1737 5156
5780 0 1739 5177
5780 0 1756 5164
5780 0 1761 5161
5780 0 1765 5178
5781 0 1756 5181
5781 0 1760 5152
5781 0 1779 5165
5781 0 1780 5180
5781 0 1781 5152
5782 0 1742 5163
5782 0 1746 5152
5782 0 1746 5171
5782 0 1762 5182
5782 0 1764 5164
5782 0 1770 5174
5779 0 1759 5189
5780 0 1736 5227
5780 0 1741 5188
5780 0 1772 5200
5780 0 1776 5241
5781 0 1734 5202
5781 0 1746 5221
5781 0 1755 5199
5781 0 1770 5226
5781 0 1783 5191
5782 0 1737 5209
5782 0 1760 5215
5782 0 1763 5196
5782 0 1778 5232
5782 0 1779 5210
1538 0 1748 5323
1539 0 1763 5355
1541 0 1787 5340
2916 0 1738 5343
2916 0 1738 5348
2916 0 1738 5352
2916 0 1741 5356
2916 0 1742 5342
2916 0 1742 5361
2916 0 1746 5340
2916 0 1747 5363
2916 0 1751 5342
2916 0 1752 5351
2916 0 1755 5355
2916 0 1755 5360
2916 0 1757 5361
2916 0 1763 5361
2916 0 1766 5363
2916 0 1767 5359
2918 0 1756 5334
2918 0 1763 5326
2918 0 1765 5332
2918 0 1771 5340
2918 0 1773 5358
2918 0 1774 5350
2918 0 1778 5332
2920 0 1767 5345
2921 0 1761 5322
5563 0 1746 5326
5564 0 1751 5331
5564 0 1775 5324
5565 0 1779 5325
9487 0 1733 6096
9488 0 1730 6101
9488 0 1730 6102
9488 0 1732 6101
9488 0 1732 6102
9488 0 1732 6103
2854 0 1738 10123
2854 0 1741 10166
2854 0 1747 10136
2854 0 1748 10148
2854 0 1756 10120
2854 0 1760 10141
2854 0 1770 10158
2854 0 1772 10133
2854 0 1775 10166
2854 0 1786 10156
2854 0 1789 10133
7906 0 1766 10148
7911 0 1761 10131
7912 0 1761 10145
7913 0 1776 10147
7914 0 1763 10154
7915 0 1767 10152
7916 0 1764 10143
7917 0 1775 10140
7918 0 1765 10136
7919 0 1764 10131
7920 0 1774 10152
7921 0 1772 10158
7922 0 1774 10129
7929 0 1764 10158
1418 0 1793 3513
1418 0 1797 3508
1418 0 1800 3519
1418 0 1803 3513
2845 0 1816 3482
3664 0 1823 3475
3664 0 1834 3482
3665 0 1814 3474
3665 0 1826 3471
3665 0 1826 3484
3901 0 1814 3483
5007 0 1798 3491
5936 0 1797 3469
5936 0 1817 3461
5936 0 1834 3459
5936 0 1842 3462
5936 0 1844 3461
6920 0 1799 3498
7207 0 1802 3464
7207 0 1815 3456
7207 0 1822 3457
7207 0 1831 3460
7207 0 1833 3457
7207 0 1844 3464
0 0 1806 3555
281 0 1848 3538
281 0 1852 3529
281 0 1853 3574
758 0 1815 3536
758 0 1817 3536
758 0 1817 3538
758 0 1818 3537
758 0 1819 3538
6775 0 1805 3562
6776 0 1816 3537
6996 0 1825 3573
11150 0 1806 3550
281 0 1813 3616
281 0 1817 3588
282 0 1800 3635
282 0 1813 3607
2837 0 1792 3617
2862 0 1792 3638
3286 0 1808 3627
3286 0 1832 3599
3286 0 1833 3605
3286 0 1833 3628
3286 0 1834 3615
3286 0 1836 3608
3286 0 1836 3612
3286 0 1836 3631
3286 0 1840 3636
3286 0 1841 3633
3287 0 1838 3614
3287 0 1838 3640
3289 0 1832 3608
3289 0 1832 3618
3289 0 1832 3624
3289 0 1835 3621
3289 0 1836 3635
3289 0 1837 3628
3289 0 1838 3617
3289 0 1840 3642
3289 0 1842 3638
3289 0 1842 3641
3910 0 1793 3624
3910 0 1798 3619
6987 0 1792 3607
6991 0 1796 3603
7155 0 1819 3603
7155 0 1827 3605
7155 0 1828 3614
7155 0 1840 3595
7199 0 1841 3627
7199 0 1842 3619
7200 0 1829 3610
7200 0 1830 3618
1338 0 1806 3690
1338 0 1806 3707
1338 0 1807 3691
1338 0 1807 3706
1338 0 1808 3689
1338 0 1836 3688
1339 0 1806 3689
2147 0 1825 3691
3019 0 1805 3686
3019 0 1805 3703
3019 0 1808 3697
3019 0 1819 3686
3019 0 1824 3688
3019 0 1845 3691
5007 0 1792 3648
5007 0 1794 3654
6987 0 1794 3689
6987 0 1820 3681
6988 0 1806 3710
6988 0 1820 3675
6988 0 1840 3690
6992 0 1821 3678
6992 0 1835 3689
6994 0 1806 3675
6994 0 1806 3681
6995 0 1806 3693
6996 0 1846 3689
6997 0 1815 3688
6998 0 1830 3689
6999 0 1807 3709
7000 0 1844 3691
7001 0 1800 3689
7002 0 1816 3690
7003 0 1817 3690
7004 0 1821 3690
7005 0 1840 3688
7006 0 1810 3690
7007 0 1801 3691
7008 0 1792 3689
7009 0 1807 3696
7010 0 1841 3691
11119 0 1823 3689
11125 0 1826 3691
330 0 1803 3767
330 0 1815 3750
330 0 1825 3722
2854 0 1803 3747
2854 0 1806 3755
2854 0 1807 3753
2854 0 1813 3743
2854 0 1815 3715
2854 0 1834 3747
2854 0 1847 3724
2855 0 1803 3738
2855 0 1812 3756
2855 0 1813 3755
2855 0 1814 3757
2855 0 1836 3742
3019 0 1817 3748
3019 0 1842 3753
3019 0 1848 3748
6764 0 1847 3753
6788 0 1793 3739
6825 0 1826 3770
6825 0 1827 3770
6825 0 1833 3769
6963 0 1831 3719
6966 0 1821 3740
6967 0 1816 3726
6967 0 1831 3737
6967 0 1833 3758
6968 0 1809 3715
6968 0 1826 3748
6968 0 1848 3722
6981 0 1823 3769
6986 0 1807 3723
6987 0 1792 3730
6988 0 1849 3742
6989 0 1792 3747
6989 0 1846 3757
6991 0 1800 3719
6993 0 1795 3748
6993 0 1840 3739
6993 0 1845 3739
6994 0 1801 3729
6994 0 1826 3714
6994 0 1840 3755
6995 0 1812 3748
6996 0 1835 3730
7905 0 1794 3758
7923 0 1803 3742
7928 0 1847 3734
4116 0 1845 3826
6964 0 1840 3786
6965 0 1842 3803
6969 0 1796 3792
6969 0 1804 3792
6970 0 1800 3792
6970 0 1808 3792
7926 0 1796 3782
95 0 1828 3885
99 0 1817 3887
472 0 1826 3864
7042 0 1814 3851
4334 0 1815 4272
284 0 1821 4751
284 0 1830 4768
284 0 1833 4755
285 0 1825 4767
285 0 1826 4754
2854 0 1814 4826
2854 0 1815 4832
2854 0 1823 4829
2854 0 1823 4837
2854 0 1824 4839
2854 0 1825 4831
4044 0 1823 4831
4045 0 1824 4834
4046 0 1825 4836
1154 0 1803 4895
1155 0 1804 4895
1156 0 1805 4895
4717 0 1800 4893
8713 0 1840 9900
244 0 1811 9937
244 0 1818 9931
244 0 1827 9930
244 0 1827 9937
244 0 1828 9928
247 0 1812 9933
247 0 1823 9933
248 0 1815 9937
249 0 1816 9927
249 0 1822 9937
250 0 1821 9929
2145 0 1799 9937
2145 0 1799 9940
2145 0 1802 9937
2145 0 1802 9940
2145 0 1808 9961
2145 0 1808 9964
2145 0 1808 9967
2145 0 1808 9970
2145 0 1812 9961
2145 0 1812 9964
2145 0 1812 9967
2145 0 1812 9970
2145 0 1847 9939
2145 0 1848 9937
2145 0 1848 9941
2145 0 1851 9937
2145 0 1851 9941
2145 0 1852 9939
8703 0 1829 9960
8703 0 1830 9958
8703 0 1832 9960
8703 0 1833 9957
8703 0 1834 9953
8703 0 1835 9960
8703 0 1836 9950
8703 0 1837 9952
8703 0 1837 9955
8703 0 1838 9958
8703 0 1838 9965
8703 0 1839 9960
8703 0 1840 9951
8703 0 1840 9956
8703 0 1841 9963
8703 0 1842 9953
8703 0 1842 9959
8703 0 1843 9957
8703 0 1844 9961
8703 0 1845 9954
8703 0 1845 9958
8711 0 1808 9952
8717 0 1840 9926
8718 0 1796 9953
8719 0 1797 9951
8720 0 1796 9949
2854 0 1800 10126
2854 0 1800 10171
2854 0 1804 10140
2854 0 1811 10159
2854 0 1812 10122
11108 0 1865 3460
5936 0 1857 3542
5936 0 1860 3552
5936 0 1861 3537
5936 0 1861 3560
5936 0 1864 3544
5936 0 1868 3561
5936 0 1870 3553
5936 0 1870 3566
5936 0 1874 3546
5936 0 1876 3556
5936 0 1879 3551
7207 0 1858 3547
7207 0 1859 3559
7207 0 1863 3536
7207 0 1863 3542
7207 0 1863 3561
7207 0 1868 3545
7207 0 1868 3555
7207 0 1869 3557
7207 0 1871 3565
7207 0 1874 3558
7207 0 1876 3554
2855 0 1865 4237
2855 0 1865 4240
2855 0 1868 4243
2855 0 1869 4237
4321 0 1901 4271
4321 0 1909 4271
4332 0 1906 4270
4339 0 1867 4233
4341 0 1906 4281
4350 0 1904 4279
4351 0 1906 4277
4352 0 1904 4274
5939 0 1882 4370
5939 0 1884 4386
5939 0 1891 4369
5939 0 1904 4374
5939 0 1908 4365
5940 0 1879 4375
5940 0 1889 4366
5940 0 1905 4361
5942 0 1886 4370
5942 0 1887 4372
5942 0 1895 4362
5942 0 1899 4364
5943 0 1884 4364
5943 0 1884 4377
5943 0 1891 4360
5943 0 1895 4368
5943 0 1901 4371
5943 0 1913 4367
5945 0 1882 4382
5945 0 1884 4389
5945 0 1887 4386
5945 0 1887 4409
5945 0 1889 4394
5945 0 1895 4409
5945 0 1898 4400
5945 0 1900 4410
5945 0 1904 4401
5945 0 1907 4407
4004 0 1859 4659
4004 0 1859 4664
4004 0 1860 4612
4004 0 1861 4624
4004 0 1862 4651
4004 0 1865 4656
4004 0 1866 4664
4004 0 1868 4628
4004 0 1868 4650
4004 0 1871 4614
4004 0 1871 4641
4004 0 1877 4660
4004 0 1878 4622
4004 0 1886 4611
4004 0 1886 4621
4004 0 1887 4648
4004 0 1890 4666
4004 0 1892 4621
4004 0 1895 4651
4004 0 1897 4632
4004 0 1899 4620
4004 0 1899 4626
4004 0 1899 4638
4004 0 1900 4666
4004 0 1905 4614
4004 0 1906 4612
4004 0 1906 4615
4004 0 1906 4638
4004 0 1906 4664
4004 0 1907 4616
4004 0 1908 4612
4004 0 1908 4615
4004 0 1909 4614
4004 0 1909 4626
4004 0 1910 4657
4004 0 1911 4621
4004 0 1912 4638
4004 0 1914 4664
4004 0 1917 4614
4004 0 1919 4638
4004 0 1919 4640
6184 0 1860 4641
284 0 1884 4815
284 0 1893 4832
284 0 1896 4819
285 0 1888 4831
285 0 1889 4818
5608 0 1885 4825
10710 0 1883 4830
10711 0 1883 4818
5503 0 1890 5018
5504 0 1884 5020
5505 0 1885 5029
5506 0 1887 5026
5507 0 1885 5026
5508 0 1883 5029
5509 0 1883 5026
360 0 1866 5132
234 0 1906 5223
234 0 1907 5221
235 0 1908 5222
2481 0 1862 5190
2481 0 1863 5189
2481 0 1867 5188
2481 0 1870 5235
2481 0 1871 5191
2481 0 1871 5242
2481 0 1872 5227
2481 0 1873 5212
2481 0 1873 5238
2481 0 1874 5216
2481 0 1875 5214
2481 0 1875 5218
2481 0 1878 5216
2481 0 1879 5218
2481 0 1880 5217
2481 0 1880 5220
2483 0 1890 5195
2483 0 1890 5243
2483 0 1893 5189
2483 0 1893 5198
2483 0 1893 5238
2483 0 1893 5241
2483 0 1894 5243
2483 0 1897 5196
2483 0 1897 5244
2483 0 1899 5198
2483 0 1899 5242
2483 0 1900 5208
2483 0 1900 5210
2483 0 1901 5191
2483 0 1901 5197
2483 0 1901 5201
2483 0 1901 5206
2483 0 1902 5193
2483 0 1902 5199
2483 0 1902 5204
2483 0 1902 5207
2483 0 1902 5242
2483 0 1904 5191
2484 0 1860 5205
2484 0 1860 5222
2484 0 1860 5226
2484 0 1862 5201
2485 0 1859 5201
2485 0 1860 5215
2485 0 1862 5220
2485 0 1863 5215
2485 0 1863 5217
2485 0 1864 5218
2486 0 1859 5219
2486 0 1861 5224
2486 0 1862 5228
2486 0 1864 5204
2487 0 1884 5207
2487 0 1885 5203
2487 0 1891 5236
2487 0 1894 5229
2487 0 1910 5236
2487 0 1913 5239
2488 0 1876 5198
2488 0 1884 5201
2488 0 1887 5205
2488 0 1893 5235
2488 0 1895 5228
2488 0 1896 5232
2488 0 1911 5240
2488 0 1912 5244
2488 0 1913 5236
2489 0 1877 5199
2489 0 1892 5226
2489 0 1894 5233
2489 0 1905 5235
2489 0 1912 5242
2490 0 1870 5226
2490 0 1871 5229
2490 0 1871 5236
2490 0 1872 5233
2490 0 1873 5239
2491 0 1886 5188
2491 0 1887 5221
2491 0 1889 5187
2491 0 1889 5191
2491 0 1889 5214
2491 0 1889 5217
2491 0 1890 5224
2491 0 1892 5217
2491 0 1892 5220
2491 0 1894 5193
2491 0 1897 5189
2492 0 1859 5193
2492 0 1859 5203
2492 0 1861 5192
2492 0 1861 5200
2492 0 1861 5229
2492 0 1861 5231
2492 0 1862 5188
2492 0 1862 5204
2492 0 1863 5227
2492 0 1864 5202
2492 0 1865 5188
2492 0 1866 5204
2492 0 1868 5189
2492 0 1869 5226
2492 0 1870 5192
2492 0 1871 5232
2492 0 1872 5190
2492 0 1872 5218
2492 0 1872 5239
2492 0 1873 5188
2492 0 1874 5200
2492 0 1874 5210
2492 0 1876 5189
2492 0 1876 5216
2492 0 1877 5220
2492 0 1879 5198
2492 0 1879 5230
2492 0 1879 5234
2492 0 1880 5200
2492 0 1880 5239
2492 0 1880 5243
2492 0 1881 5232
2492 0 1881 5241
2492 0 1882 5199
2492 0 1882 5201
2492 0 1882 5243
2492 0 1883 5206
2492 0 1883 5234
2492 0 1884 5230
2492 0 1884 5232
2492 0 1885 5205
2492 0 1886 5231
2492 0 1887 5203
2492 0 1889 5206
2492 0 1890 5242
2492 0 1895 5242
2492 0 1898 5241
2492 0 1900 5240
2492 0 1900 5244
2492 0 1904 5235
2492 0 1908 5203
2492 0 1909 5243
2492 0 1910 5202
2492 0 1911 5205
2492 0 1912 5238
2492 0 1913 5235
3389 0 1862 5347
3390 0 1862 5345
3391 0 1862 5351
3392 0 1862 5349
3393 0 1865 5349
3394 0 1865 5347
3395 0 1865 5345
3396 0 1865 5343
3398 0 1863 5352
4849 0 1863 5317
6256 0 1866 5327
1655 0 1877 5410
1662 0 1889 5401
1663 0 1883 5401
1664 0 1892 5401
1665 0 1886 5401
1655 0 1877 5474
1655 0 1896 5474
1662 0 1882 5477
1663 0 1891 5477
1664 0 1891 5466
1665 0 1882 5466
1667 0 1880 5486
1668 0 1874 5485
1669 0 1898 5485
1670 0 1892 5486
238 0 1912 5945
1416 0 1900 5947
1417 0 1909 5926
238 0 1910 6014
238 0 1916 5991
1416 0 1909 5993
10541 0 1900 5965
10541 0 1914 6004
10542 0 1913 5967
238 0 1918 6027
1417 0 1908 6022
5945 0 1944 4356
5945 0 1957 4368
2854 0 1941 4700
2854 0 1942 4689
2854 0 1945 4686
2854 0 1945 4692
2854 0 1946 4712
2854 0 1954 4711
2854 0 1958 4696
2854 0 1962 4702
4598 0 1937 4701
4599 0 1936 4701
4604 0 1938 4689
4605 0 1937 4690
4606 0 1932 4699
4607 0 1932 4701
4608 0 1946 4709
4609 0 1948 4712
4616 0 1935 4702
4616 0 1936 4699
4616 0 1938 4702
4616 0 1949 4708
4616 0 1949 4710
4616 0 1952 4705
4616 0 1956 4703
4616 0 1958 4701
4617 0 1934 4698
4617 0 1936 4703
4617 0 1938 4704
4617 0 1949 4704
4617 0 1951 4708
4617 0 1954 4703
4617 0 1954 4706
4617 0 1957 4700
4617 0 1958 4704
4618 0 1934 4700
4618 0 1936 4705
4618 0 1938 4700
4618 0 1950 4706
4618 0 1952 4707
4618 0 1953 4703
4618 0 1955 4706
4618 0 1959 4702
284 0 1940 4831
284 0 1944 4814
285 0 1948 4833
285 0 1965 4816
5610 0 1947 4827
5611 0 1955 4833
5612 0 1950 4819
1560 0 1936 4966
1561 0 1939 4968
2923 0 1944 4958
238 0 1961 5882
238 0 1980 5878
1173 0 1972 5867
1173 0 1973 5862
1173 0 1978 5869
1173 0 1981 5865
1174 0 1977 5864
1174 0 1981 5872
1174 0 1983 5860
1416 0 1958 5887
1417 0 1974 5868
2792 0 1960 5875
2795 0 1956 5876
2795 0 1958 5872
2795 0 1959 5879
2854 0 1965 5876
2854 0 1972 5878
10513 0 1970 5854
10513 0 1974 5853
10541 0 1977 5887
238 0 1921 5931
238 0 1947 5908
238 0 1955 5949
238 0 1973 5888
238 0 1975 5918
1416 0 1935 5914
1417 0 1954 5931
1417 0 1975 5934
1418 0 1965 5896
5549 0 1960 5897
5549 0 1961 5901
5549 0 1963 5899
5549 0 1969 5890
5549 0 1971 5895
5549 0 1973 5891
10541 0 1941 5945
10541 0 1954 5904
238 0 1931 6038
238 0 1983 6037
1416 0 1961 6047
1417 0 1978 6026
2854 0 1973 6050
2910 0 1934 6021
2910 0 1934 6024
2910 0 1936 6023
2910 0 1937 6025
2910 0 1938 6022
3019 0 1942 6070
3019 0 1945 6067
3664 0 1950 6040
3664 0 1958 6034
3664 0 1964 6045
3665 0 1954 6042
3665 0 1959 6040
10541 0 1920 6032
10541 0 1978 6022
10544 0 1945 6068
10545 0 1940 6068
10559 0 1940 6214
10561 0 1928 6223
10561 0 1934 6224
10561 0 1935 6227
10561 0 1938 6223
10561 0 1939 6220
10561 0 1944 6217
10564 0 1928 6214
10564 0 1931 6227
10564 0 1937 6225
10564 0 1939 6217
10564 0 1941 6221
10564 0 1945 6220
3019 0 1933 9448
3019 0 1937 9447
3019 0 1939 9453
1117 0 2022 4616
1117 0 2024 4620
1136 0 2000 4611
1136 0 2026 4613
1143 0 2008 4613
1148 0 2023 4612
4005 0 1988 4659
4005 0 1988 4664
4005 0 1990 4651
4005 0 1992 4656
4005 0 1993 4632
4005 0 1994 4647
4005 0 1994 4660
4005 0 1995 4650
4005 0 1996 4664
4005 0 1999 4638
4005 0 2000 4645
4005 0 2020 4659
4005 0 2021 4664
4005 0 2023 4655
4005 0 2024 4661
4005 0 2028 4660
4005 0 2029 4664
4005 0 2032 4657
4005 0 2033 4662
4262 0 2043 4632
4262 0 2044 4644
4267 0 2036 4641
4267 0 2039 4636
6287 0 2036 4630
9235 0 2044 4628
9236 0 2037 4636
9236 0 2038 4644
9236 0 2041 4638
9236 0 2044 4642
9237 0 2036 4633
321 0 2011 4762
332 0 2015 4756
333 0 2012 4754
334 0 2006 4755
284 0 2020 4816
285 0 2014 4818
285 0 2014 4832
285 0 2018 4831
285 0 2023 4820
5609 0 2013 4825
10710 0 2011 4830
10711 0 2011 4818
284 0 2012 4879
284 0 2021 4896
284 0 2024 4883
285 0 2016 4895
285 0 2017 4882
2498 0 2013 5237
2498 0 2021 5237
2498 0 2032 5231
2498 0 2040 5231
2498 0 2045 5233
2499 0 2037 5193
2499 0 2038 5187
2499 0 2040 5186
2499 0 2041 5190
2499 0 2042 5192
2499 0 2043 5186
2499 0 2044 5189
2499 0 2045 5193
2500 0 1988 5235
2500 0 1989 5239
2500 0 1991 5242
2500 0 1992 5235
2500 0 1994 5239
2500 0 1994 5241
2500 0 2003 5202
2500 0 2003 5205
2500 0 2005 5199
2500 0 2006 5202
2500 0 2006 5205
2500 0 2008 5201
2500 0 2008 5204
2501 0 2026 5236
2501 0 2028 5234
2501 0 2029 5231
2501 0 2033 5233
2502 0 2029 5236
2502 0 2031 5230
2502 0 2031 5235
2503 0 2026 5234
2503 0 2031 5233
2504 0 1988 5192
2504 0 1990 5188
2504 0 1993 5190
2504 0 2003 5200
2504 0 2005 5201
2504 0 2007 5209
2504 0 2039 5212
2504 0 2039 5215
2504 0 2039 5218
2504 0 2040 5213
2504 0 2041 5218
2504 0 2042 5213
2504 0 2042 5215
2504 0 2043 5215
2504 0 2043 5217
2505 0 1988 5188
2505 0 1992 5192
2505 0 1995 5192
2505 0 2004 5200
2505 0 2005 5206
2505 0 2009 5200
2506 0 1989 5187
2506 0 1993 5192
2506 0 1995 5189
2506 0 2009 5205
2507 0 1988 5242
2507 0 1990 5234
2507 0 1992 5238
2507 0 2008 5190
2507 0 2014 5187
2507 0 2023 5193
2507 0 2025 5189
2508 0 1990 5236
2508 0 1994 5235
2508 0 1995 5240
2508 0 2012 5189
2508 0 2016 5193
2508 0 2022 5186
2508 0 2031 5194
2509 0 1988 5237
2509 0 2018 5186
2509 0 2027 5186
2509 0 2029 5191
2510 0 1988 5189
2510 0 1989 5192
2510 0 2015 5236
2510 0 2037 5211
2511 0 1990 5190
2511 0 1992 5188
2511 0 2019 5235
2511 0 2040 5215
2512 0 1995 5190
2512 0 2019 5238
2513 0 1987 5202
2513 0 1988 5200
2513 0 1988 5205
2513 0 1989 5223
2513 0 1989 5226
2513 0 1989 5236
2513 0 1990 5228
2513 0 1990 5237
2513 0 1991 5233
2513 0 1992 5200
2513 0 1992 5242
2513 0 1993 5191
2513 0 1993 5199
2513 0 1993 5235
2513 0 1994 5207
2513 0 1994 5211
2513 0 1994 5218
2513 0 1995 5214
2513 0 1995 5239
2513 0 2000 5187
2513 0 2004 5186
2513 0 2004 5189
2513 0 2004 5204
2513 0 2004 5207
2513 0 2005 5190
2513 0 2007 5203
2513 0 2009 5187
2513 0 2012 5194
2513 0 2013 5236
2513 0 2014 5190
2513 0 2014 5192
2513 0 2015 5186
2513 0 2017 5192
2513 0 2018 5190
2513 0 2018 5238
2513 0 2022 5188
2513 0 2024 5193
2513 0 2027 5188
2513 0 2027 5192
2513 0 2028 5232
2513 0 2029 5185
2513 0 2030 5235
2513 0 2030 5244
2513 0 2031 5191
2513 0 2031 5243
2513 0 2032 5230
2513 0 2032 5242
2513 0 2033 5242
2513 0 2033 5246
2513 0 2034 5234
2513 0 2034 5244
2513 0 2036 5202
2513 0 2038 5207
2513 0 2040 5190
2513 0 2041 5186
2513 0 2042 5200
2513 0 2042 5204
2513 0 2044 5190
2513 0 2044 5193
2513 0 2046 5201
236 0 1986 5564
1458 0 2026 5610
1459 0 2026 5609
238 0 1988 5870
238 0 2017 5884
238 0 2025 5852
1416 0 1992 5854
1418 0 2035 5877
2091 0 2035 5887
2854 0 2001 5861
2854 0 2002 5869
2854 0 2012 5863
2854 0 2024 5859
10541 0 2042 5874
2090 0 2031 5893
2092 0 2030 5889
2092 0 2038 5893
2093 0 2034 5891
2093 0 2040 5888
10530 0 2016 5930
10546 0 2002 5907
10546 0 2005 5920
10547 0 1996 5912
10555 0 2020 5929
238 0 1990 6051
238 0 2019 6035
1416 0 2011 6065
1417 0 2001 6033
1418 0 1987 6055
1418 0 2041 6021
2837 0 2016 6064
5552 0 2011 6035
5552 0 2013 6039
5552 0 2015 6033
5552 0 2015 6036
5552 0 2017 6037
5552 0 2018 6032
5552 0 2020 6036
10541 0 1989 6056
10541 0 1996 6067
10541 0 2000 6058
10541 0 2023 6067
10541 0 2036 6022
238 0 2104 2873
1416 0 2092 2875
1417 0 2101 2854
238 0 2102 2942
238 0 2108 2919
1416 0 2101 2921
10541 0 2092 2893
10541 0 2106 2932
10542 0 2105 2895
238 0 2110 2955
1417 0 2100 2950
787 0 2079 3882
788 0 2070 3878
789 0 2106 3866
790 0 2064 3880
791 0 2075 3886
792 0 2101 3871
3839 0 2082 3894
3848 0 2085 3890
3849 0 2090 3889
788 0 2096 3942
789 0 2108 3946
3836 0 2082 3929
3838 0 2073 3921
3840 0 2095 3906
3841 0 2085 3914
3842 0 2104 3907
3843 0 2097 3921
3843 0 2098 3921
3845 0 2087 3908
3846 0 2066 3914
3850 0 2109 3920
3856 0 2082 3926
6125 0 2074 3911
6126 0 2099 3921
7501 0 2073 3913
368 0 2093 4466
5490 0 2078 4462
5490 0 2082 4466
5490 0 2087 4470
5490 0 2090 4464
5490 0 2091 4461
5494 0 2080 4464
5494 0 2082 4472
5494 0 2083 4462
5494 0 2083 4463
5494 0 2084 4468
5494 0 2088 4464
5495 0 2078 4466
5495 0 2080 4470
5495 0 2085 4463
5495 0 2086 4467
5495 0 2091 4470
5496 0 2080 4467
5496 0 2084 4465
5496 0 2084 4470
5496 0 2087 4462
5496 0 2089 4466
1835 0 2090 4829
5647 0 2087 5045
7144 0 2072 5651
7144 0 2073 5645
7145 0 2082 5676
7145 0 2095 5658
7145 0 2096 5645
7145 0 2102 5679
7145 0 2105 5659
7146 0 2072 5681
7147 0 2095 5673
7148 0 2080 5651
7148 0 2094 5651
7148 0 2102 5672
7148 0 2111 5661
7149 0 2072 5673
7149 0 2079 5644
7149 0 2100 5641
7149 0 2102 5651
7149 0 2107 5646
238 0 2050 5860
1416 0 2057 5879
1553 0 2070 5861
1553 0 2086 5862
1553 0 2090 5869
1553 0 2097 5873
5936 0 2060 5858
5936 0 2069 5863
5936 0 2081 5870
5936 0 2084 5864
5936 0 2085 5884
5936 0 2089 5887
5936 0 2090 5863
5936 0 2091 5877
5936 0 2093 5857
5936 0 2095 5868
5936 0 2098 5861
7207 0 2065 5863
7207 0 2075 5864
7207 0 2094 5864
7207 0 2105 5857
8733 0 2083 5876
8733 0 2091 5884
8733 0 2099 5858
238 0 2056 5930
238 0 2064 5900
238 0 2092 5946
1416 0 2095 5929
1417 0 2076 5917
1418 0 2052 5922
1553 0 2091 5898
5007 0 2066 5903
5007 0 2075 5914
5007 0 2077 5925
5007 0 2083 5905
8733 0 2083 5892
10514 0 2088 5909
10514 0 2096 5919
10541 0 2050 5902
10541 0 2079 5947
10541 0 2085 5921
2854 0 2070 5956
10560 0 2072 5960
238 0 2086 6028
433 0 2055 6036
433 0 2062 6039
433 0 2067 6030
433 0 2070 6033
434 0 2063 6033
434 0 2065 6037
435 0 2061 6030
435 0 2068 6036
436 0 2059 6038
436 0 2060 6032
1416 0 2110 6037
6762 0 2067 6033
6795 0 2058 6034
6795 0 2064 6030
10515 0 2086 6048
10515 0 2094 6046
10541 0 2097 6027
238 0 2153 2810
238 0 2172 2806
1173 0 2164 2795
1173 0 2165 2790
1173 0 2170 2797
1173 0 2173 2793
1174 0 2169 2792
1174 0 2173 2800
1174 0 2175 2788
1416 0 2150 2815
1417 0 2166 2796
2792 0 2152 2803
2795 0 2148 2804
2795 0 2150 2800
2795 0 2151 2807
2854 0 2157 2804
2854 0 2164 2806
10513 0 2162 2782
10513 0 2166 2781
10541 0 2169 2815
238 0 2113 2859
238 0 2139 2836
238 0 2147 2877
238 0 2165 2816
238 0 2167 2846
1416 0 2127 2842
1417 0 2146 2859
1417 0 2167 2862
1418 0 2157 2824
5549 0 2152 2825
5549 0 2153 2829
5549 0 2155 2827
5549 0 2161 2818
5549 0 2163 2823
5549 0 2165 2819
10541 0 2133 2873
10541 0 2146 2832
238 0 2123 2966
238 0 2175 2965
1416 0 2153 2975
1417 0 2170 2954
2854 0 2165 2978
2910 0 2126 2949
2910 0 2126 2952
2910 0 2128 2951
2910 0 2129 2953
2910 0 2130 2950
3019 0 2134 2998
3019 0 2137 2995
3664 0 2142 2968
3664 0 2150 2962
3664 0 2156 2973
3665 0 2146 2970
3665 0 2151 2968
10541 0 2112 2960
10541 0 2170 2950
10544 0 2137 2996
10545 0 2132 2996
1327 0 2141 3122
1327 0 2148 3122
1327 0 2154 3121
1327 0 2154 3123
1327 0 2159 3125
1327 0 2160 3122
1329 0 2144 3122
1332 0 2145 3122
3419 0 2165 3266
3419 0 2165 3268
3419 0 2165 3286
9195 0 2161 3326
9196 0 2160 3326
9197 0 2158 3325
1331 0 2157 3330
1334 0 2157 3329
1845 0 2169 3387
3420 0 2168 3365
3420 0 2170 3356
9171 0 2165 3373
9171 0 2166 3347
9173 0 2163 3365
9173 0 2165 3374
9199 0 2170 3370
85 0 2168 3427
86 0 2170 3428
87 0 2167 3429
88 0 2167 3432
89 0 2164 3431
253 0 2155 3427
3426 0 2143 3417
3426 0 2155 3406
3426 0 2172 3409
9181 0 2132 3425
9200 0 2166 3417
9243 0 2168 3430
787 0 2142 3900
788 0 2120 3856
789 0 2132 3871
791 0 2136 3853
792 0 2141 3856
2854 0 2117 3887
3835 0 2151 3868
3858 0 2138 3892
6124 0 2149 3867
7500 0 2150 3867
787 0 2114 3938
787 0 2116 3945
787 0 2137 3946
787 0 2142 3939
787 0 2148 3935
787 0 2149 3940
787 0 2155 3943
788 0 2122 3939
790 0 2117 3926
790 0 2117 3951
790 0 2133 3942
791 0 2147 3944
792 0 2160 3937
793 0 2135 3930
3870 0 2138 3907
4645 0 2149 4960
4902 0 2149 4957
4903 0 2150 4956
4904 0 2148 4956
4905 0 2151 4956
4906 0 2147 4956
4907 0 2146 4965
4908 0 2151 4966
4909 0 2152 4965
4910 0 2147 4966
4911 0 2150 4964
4912 0 2148 4961
604 0 2120 5096
606 0 2150 5078
607 0 2145 5087
607 0 2159 5086
608 0 2147 5085
608 0 2158 5083
609 0 2150 5086
609 0 2154 5085
610 0 2150 5085
610 0 2153 5086
611 0 2148 5087
611 0 2153 5084
612 0 2145 5086
612 0 2157 5084
613 0 2141 5083
613 0 2155 5080
614 0 2142 5081
614 0 2156 5078
615 0 2145 5080
615 0 2158 5079
616 0 2148 5080
616 0 2160 5078
617 0 2148 5078
617 0 2162 5079
618 0 2143 5078
618 0 2158 5076
619 0 2152 5073
620 0 2147 5071
621 0 2153 5071
622 0 2158 5071
623 0 2144 5071
624 0 2161 5071
626 0 2140 5093
626 0 2142 5097
626 0 2142 5103
626 0 2143 5094
626 0 2146 5098
626 0 2148 5103
626 0 2151 5094
626 0 2154 5101
626 0 2157 5098
626 0 2159 5104
626 0 2160 5094
635 0 2113 5074
635 0 2162 5061
635 0 2173 5074
2474 0 2142 5252
2474 0 2145 5252
2474 0 2145 5256
2474 0 2148 5253
2474 0 2149 5255
2474 0 2152 5251
2474 0 2153 5254
2474 0 2155 5252
2475 0 2158 5282
2475 0 2161 5281
2475 0 2162 5284
2475 0 2164 5280
2476 0 2119 5296
2476 0 2120 5292
2476 0 2120 5299
2476 0 2122 5291
2476 0 2123 5302
2476 0 2127 5305
2476 0 2129 5302
2476 0 2130 5298
2476 0 2163 5301
2476 0 2166 5303
2476 0 2166 5306
2476 0 2167 5300
2476 0 2169 5303
2476 0 2170 5306
2477 0 2120 5275
2477 0 2121 5273
2477 0 2123 5270
2477 0 2123 5275
2477 0 2124 5272
2477 0 2124 5274
2477 0 2125 5270
2477 0 2126 5274
2477 0 2127 5272
2477 0 2129 5268
2477 0 2129 5270
2477 0 2130 5272
2477 0 2131 5267
2477 0 2142 5256
2477 0 2143 5251
2477 0 2145 5253
2477 0 2145 5306
2477 0 2146 5259
2477 0 2146 5306
2477 0 2147 5255
2477 0 2147 5305
2477 0 2147 5307
2477 0 2149 5304
2477 0 2149 5305
2477 0 2149 5306
2477 0 2150 5307
2477 0 2150 5308
2477 0 2151 5268
2477 0 2151 5305
2477 0 2151 5308
2477 0 2152 5268
2477 0 2152 5306
2477 0 2153 5270
2477 0 2153 5305
2477 0 2153 5306
2477 0 2153 5307
2477 0 2154 5269
2477 0 2154 5271
2477 0 2154 5273
2477 0 2154 5305
2477 0 2155 5254
2477 0 2155 5305
2477 0 2157 5271
2477 0 2157 5273
2477 0 2157 5274
2478 0 2119 5274
2478 0 2120 5277
2478 0 2121 5276
2478 0 2122 5271
2478 0 2124 5269
2478 0 2124 5273
2478 0 2126 5270
2478 0 2126 5272
2478 0 2127 5269
2478 0 2127 5273
2478 0 2128 5271
2478 0 2129 5267
2478 0 2129 5273
2478 0 2150 5267
2478 0 2152 5270
2478 0 2155 5270
2478 0 2155 5271
2478 0 2156 5273
2478 0 2156 5274
2478 0 2165 5255
2478 0 2166 5256
2478 0 2167 5251
2478 0 2167 5253
2478 0 2167 5255
2478 0 2168 5253
2478 0 2168 5256
2478 0 2168 5257
2478 0 2169 5250
2478 0 2169 5254
2478 0 2169 5255
2478 0 2170 5252
2478 0 2170 5254
2478 0 2170 5256
2478 0 2171 5253
2478 0 2172 5254
2479 0 2169 5290
2479 0 2170 5285
2479 0 2171 5280
2479 0 2172 5274
2480 0 2170 5277
2480 0 2170 5288
2480 0 2172 5283
2480 0 2173 5272
7144 0 2112 5651
7144 0 2119 5660
7144 0 2152 5668
7144 0 2157 5658
7145 0 2123 5676
7145 0 2130 5671
7145 0 2142 5678
7148 0 2131 5680
7148 0 2152 5658
7149 0 2152 5678
7150 0 2131 5644
7150 0 2137 5660
7150 0 2145 5643
7150 0 2151 5649
7151 0 2132 5660
7151 0 2136 5646
7151 0 2141 5661
7151 0 2146 5650
238 0 2134 5966
238 0 2141 5992
1416 0 2121 5963
1417 0 2139 5983
1418 0 2130 6007
10541 0 2117 5975
10541 0 2126 6013
10543 0 2128 5997
238 0 2122 6032
1417 0 2126 6020
77 0 2150 9298
78 0 2153 9299
79 0 2151 9316
80 0 2131 9322
241 0 2125 9306
242 0 2126 9303
242 0 2131 9298
265 0 2122 9300
266 0 2129 9304
268 0 2120 9305
268 0 2127 9299
272 0 2148 9293
272 0 2153 9290
272 0 2160 9294
2005 0 2149 9337
2006 0 2156 9330
2007 0 2152 9332
2018 0 2155 9335
2025 0 2161 9330
2025 0 2165 9333
2026 0 2159 9336
2027 0 2163 9337
2027 0 2165 9326
2028 0 2167 9330
2029 0 2167 9323
2078 0 2116 9323
2078 0 2120 9323
2078 0 2120 9331
2079 0 2116 9330
2079 0 2124 9326
2080 0 2116 9320
2080 0 2119 9327
2080 0 2123 9330
238 0 2180 2798
238 0 2209 2812
238 0 2217 2780
1416 0 2184 2782
1418 0 2227 2805
2091 0 2227 2815
2854 0 2193 2789
2854 0 2194 2797
2854 0 2204 2791
2854 0 2216 2787
10541 0 2234 2802
2090 0 2223 2821
2092 0 2222 2817
2092 0 2230 2821
2093 0 2226 2819
2093 0 2232 2816
10527 0 2215 2860
10530 0 2208 2858
10546 0 2194 2835
10546 0 2197 2848
10547 0 2188 2840
10555 0 2212 2857
238 0 2182 2979
238 0 2211 2963
1416 0 2203 2993
1417 0 2193 2961
1418 0 2179 2983
1418 0 2233 2949
2837 0 2208 2992
5552 0 2203 2963
5552 0 2205 2967
5552 0 2207 2961
5552 0 2207 2964
5552 0 2209 2965
5552 0 2210 2960
5552 0 2212 2964
10541 0 2181 2984
10541 0 2188 2995
10541 0 2192 2986
10541 0 2215 2995
10541 0 2228 2950
1616 0 2192 3055
2034 0 2199 3055
2035 0 2204 3050
2036 0 2201 3048
2037 0 2210 3056
2038 0 2189 3069
2039 0 2194 3059
2040 0 2197 3061
2124 0 2212 3057
6488 0 2182 3067
6488 0 2199 3066
2041 0 2221 3092
2125 0 2214 3097
2126 0 2210 3097
2126 0 2215 3096
234 0 2196 3191
234 0 2197 3189
234 0 2198 3181
234 0 2198 3187
234 0 2199 3183
234 0 2199 3187
234 0 2200 3185
234 0 2201 3185
234 0 2204 3180
235 0 2180 3173
235 0 2193 3187
235 0 2196 3184
235 0 2200 3181
235 0 2200 3188
235 0 2203 3189
236 0 2190 3180
238 0 2194 3158
238 0 2216 3188
238 0 2217 3190
238 0 2220 3158
238 0 2222 3141
238 0 2229 3138
238 0 2231 3181
238 0 2236 3155
1114 0 2181 3184
1173 0 2184 3152
1173 0 2186 3153
1174 0 2185 3152
3420 0 2206 3198
3420 0 2208 3195
3420 0 2234 3169
3420 0 2236 3165
3422 0 2206 3196
3423 0 2215 3171
3424 0 2217 3171
3433 0 2188 3171
3434 0 2182 3147
3434 0 2187 3155
3434 0 2189 3152
3434 0 2192 3150
3436 0 2185 3144
3437 0 2187 3149
3438 0 2194 3140
3440 0 2194 3189
3440 0 2196 3187
3440 0 2196 3189
3440 0 2206 3164
3440 0 2209 3164
3440 0 2216 3142
3440 0 2218 3139
3441 0 2192 3188
3441 0 2192 3191
3441 0 2194 3190
3441 0 2208 3163
3441 0 2209 3163
3441 0 2216 3136
3441 0 2216 3140
234 0 2176 3202
234 0 2178 3206
234 0 2180 3203
234 0 2180 3207
234 0 2207 3215
234 0 2212 3222
234 0 2213 3216
234 0 2216 3240
234 0 2216 3242
234 0 2218 3238
234 0 2218 3241
234 0 2220 3242
234 0 2222 3237
235 0 2178 3203
235 0 2182 3201
235 0 2207 3224
235 0 2209 3222
235 0 2211 3218
235 0 2217 3244
235 0 2218 3236
235 0 2220 3240
238 0 2177 3234
238 0 2230 3220
238 0 2231 3234
238 0 2232 3256
238 0 2233 3221
238 0 2233 3223
238 0 2236 3222
238 0 2237 3225
238 0 2238 3205
638 0 2205 3252
3417 0 2210 3237
3417 0 2213 3232
3417 0 2215 3248
3417 0 2225 3243
3420 0 2187 3225
3420 0 2189 3220
3420 0 2189 3223
3420 0 2228 3237
3420 0 2229 3239
3420 0 2231 3238
3420 0 2234 3237
3421 0 2190 3221
3421 0 2230 3238
3421 0 2231 3237
3422 0 2187 3223
3422 0 2189 3225
3422 0 2230 3237
3423 0 2200 3224
3424 0 2199 3222
3424 0 2201 3218
3425 0 2197 3218
3428 0 2188 3242
3428 0 2195 3250
3428 0 2202 3259
3428 0 2208 3257
3428 0 2210 3239
3428 0 2210 3254
3429 0 2193 3244
3429 0 2193 3256
3429 0 2197 3251
3429 0 2198 3261
3429 0 2200 3249
3429 0 2204 3255
3440 0 2178 3238
3440 0 2208 3225
3440 0 2210 3217
3440 0 2213 3243
3440 0 2218 3245
3440 0 2220 3243
3440 0 2221 3243
3441 0 2180 3236
3441 0 2208 3227
3441 0 2210 3215
3441 0 2210 3224
3441 0 2214 3244
3441 0 2215 3245
3441 0 2219 3244
4545 0 2176 3211
3420 0 2182 3281
3420 0 2183 3279
3420 0 2184 3276
3420 0 2185 3279
3420 0 2186 3281
3420 0 2188 3277
3421 0 2183 3277
3422 0 2184 3280
3422 0 2186 3280
9242 0 2238 3268
1172 0 2197 3419
2069 0 2195 3405
2071 0 2197 3401
2074 0 2193 3403
2790 0 2190 3415
2790 0 2193 3419
2791 0 2189 3418
2791 0 2191 3420
2791 0 2195 3416
2793 0 2192 3416
2793 0 2194 3421
9172 0 2226 3430
9172 0 2228 3428
9172 0 2234 3442
9172 0 2235 3433
9174 0 2225 3428
9174 0 2228 3429
9174 0 2233 3424
9174 0 2234 3441
9178 0 2198 3412
9179 0 2210 3413
9180 0 2207 3405
521 0 2194 3806
521 0 2205 3814
2854 0 2223 3793
2854 0 2226 3800
3851 0 2195 3808
3851 0 2196 3822
3851 0 2197 3805
3851 0 2197 3813
3851 0 2201 3812
3851 0 2202 3824
3851 0 2203 3804
3851 0 2207 3813
3851 0 2211 3818
3851 0 2214 3819
3858 0 2222 3789
3863 0 2205 3807
3865 0 2199 3808
3869 0 2211 3815
3870 0 2222 3804
9306 0 2214 3794
85 0 2188 4855
85 0 2193 4845
85 0 2216 4829
86 0 2192 4852
86 0 2218 4818
87 0 2197 4849
87 0 2227 4819
88 0 2210 4824
88 0 2218 4843
89 0 2206 4824
89 0 2223 4848
90 0 2198 4825
90 0 2225 4850
91 0 2194 4824
91 0 2226 4855
92 0 2190 4820
92 0 2218 4837
5613 0 2201 4942
5614 0 2207 4958
238 0 2242 2788
1416 0 2249 2807
1553 0 2262 2789
1553 0 2278 2790
1553 0 2282 2797
1553 0 2289 2801
5936 0 2252 2786
5936 0 2261 2791
5936 0 2273 2798
5936 0 2276 2792
5936 0 2277 2812
5936 0 2281 2815
5936 0 2282 2791
5936 0 2283 2805
5936 0 2285 2785
5936 0 2287 2796
5936 0 2290 2789
7207 0 2257 2791
7207 0 2267 2792
7207 0 2286 2792
7207 0 2297 2785
8733 0 2275 2804
8733 0 2283 2812
8733 0 2291 2786
238 0 2248 2858
238 0 2256 2828
238 0 2284 2874
1416 0 2287 2857
1417 0 2268 2845
1418 0 2244 2850
1553 0 2283 2826
5007 0 2258 2831
5007 0 2267 2842
5007 0 2269 2853
5007 0 2275 2833
8733 0 2275 2820
10514 0 2280 2837
10514 0 2288 2847
10541 0 2242 2830
10541 0 2271 2875
10541 0 2277 2849
2854 0 2262 2884
10560 0 2264 2888
238 0 2278 2956
433 0 2247 2964
433 0 2254 2967
433 0 2259 2958
433 0 2262 2961
434 0 2255 2961
434 0 2257 2965
435 0 2253 2958
435 0 2260 2964
436 0 2251 2966
436 0 2252 2960
1416 0 2302 2965
6762 0 2259 2961
6795 0 2250 2962
6795 0 2256 2958
10515 0 2278 2976
10515 0 2286 2974
10541 0 2289 2955
4548 0 2276 3093
234 0 2241 3139
234 0 2241 3144
234 0 2242 3150
234 0 2243 3140
234 0 2244 3137
234 0 2244 3146
234 0 2245 3139
234 0 2245 3141
234 0 2245 3146
234 0 2246 3139
234 0 2246 3142
234 0 2247 3138
234 0 2247 3141
234 0 2247 3144
234 0 2247 3147
234 0 2247 3177
234 0 2250 3177
234 0 2251 3138
234 0 2251 3141
234 0 2252 3140
234 0 2253 3141
234 0 2254 3137
234 0 2254 3139
234 0 2255 3175
234 0 2256 3173
234 0 2257 3177
234 0 2282 3147
234 0 2284 3151
234 0 2286 3146
234 0 2287 3150
234 0 2287 3153
234 0 2290 3154
235 0 2240 3148
235 0 2242 3143
235 0 2242 3151
235 0 2244 3138
235 0 2244 3144
235 0 2244 3179
235 0 2245 3137
235 0 2246 3181
235 0 2247 3143
235 0 2249 3142
235 0 2249 3143
235 0 2250 3137
235 0 2250 3180
235 0 2252 3139
235 0 2254 3140
235 0 2278 3141
235 0 2279 3137
235 0 2281 3139
235 0 2284 3140
237 0 2277 3183
238 0 2275 3161
238 0 2291 3179
238 0 2296 3164
889 0 2257 3149
890 0 2291 3147
1116 0 2289 3145
3420 0 2240 3164
3420 0 2243 3161
3420 0 2264 3140
3420 0 2273 3182
3420 0 2274 3164
3420 0 2279 3158
3420 0 2293 3175
3420 0 2295 3177
3420 0 2297 3176
3421 0 2241 3163
3421 0 2242 3164
3421 0 2297 3175
3422 0 2242 3162
3422 0 2265 3141
3422 0 2278 3160
3422 0 2296 3176
3423 0 2293 3156
3424 0 2291 3156
3425 0 2292 3153
3426 0 2294 3185
3426 0 2296 3187
3440 0 2281 3142
3440 0 2283 3136
3440 0 2283 3145
3440 0 2296 3195
3441 0 2282 3140
4259 0 2256 3168
4556 0 2256 3167
4559 0 2303 3197
9392 0 2279 3188
234 0 2249 3260
234 0 2250 3257
234 0 2250 3259
234 0 2252 3261
234 0 2253 3256
234 0 2262 3226
234 0 2264 3225
234 0 2266 3229
234 0 2268 3227
234 0 2269 3222
234 0 2269 3224
234 0 2270 3223
234 0 2270 3226
235 0 2268 3228
238 0 2255 3216
238 0 2262 3210
238 0 2271 3204
238 0 2294 3219
238 0 2296 3206
238 0 2298 3201
3418 0 2264 3258
3418 0 2267 3253
3418 0 2274 3248
3418 0 2275 3240
3418 0 2282 3248
3420 0 2279 3219
3420 0 2296 3250
3421 0 2295 3250
3422 0 2296 3249
3440 0 2247 3226
3440 0 2249 3227
3440 0 2249 3258
3440 0 2251 3260
3440 0 2259 3211
3440 0 2267 3223
3440 0 2267 3225
3440 0 2298 3262
3441 0 2248 3225
3441 0 2248 3227
3441 0 2251 3257
3441 0 2253 3259
3441 0 2268 3224
3441 0 2291 3262
4003 0 2260 3213
4254 0 2240 3265
3420 0 2298 3383
3420 0 2300 3380
3420 0 2301 3382
3420 0 2302 3383
3420 0 2303 3381
9012 0 2299 3328
9193 0 2302 3380
9233 0 2299 3328
9242 0 2299 3329
2911 0 2266 3411
2911 0 2268 3409
2911 0 2269 3413
2911 0 2271 3411
2911 0 2273 3404
2911 0 2275 3407
2911 0 2276 3401
2911 0 2277 3404
2911 0 2279 3405
9175 0 2282 3445
9176 0 2279 3447
9177 0 2276 3451
9198 0 2285 3411
9202 0 2249 3448
7412 0 2280 3609
7505 0 2278 4034
8058 0 2269 4062
239 0 2269 4697
4093 0 2270 4759
5127 0 2278 5549
5128 0 2267 5516
5128 0 2278 5533
493 0 2245 10026
493 0 2246 10013
493 0 2246 10019
493 0 2254 10035
493 0 2255 10024
493 0 2255 10029
493 0 2257 10039
493 0 2259 9996
493 0 2259 10021
493 0 2261 10016
493 0 2264 10003
493 0 2266 10011
493 0 2267 9993
493 0 2267 9996
493 0 2270 9989
493 0 2274 10009
493 0 2280 10010
493 0 2285 10005
493 0 2291 10016
493 0 2292 9991
493 0 2296 9992
493 0 2296 10002
493 0 2297 9998
493 0 2298 10010
493 0 2298 10017
496 0 2278 10034
2917 0 2248 9994
2917 0 2248 9997
2917 0 2250 9991
2917 0 2250 9995
2917 0 2252 9993
2917 0 2255 9989
2917 0 2258 9988
2917 0 2259 9991
2917 0 2261 9987
2917 0 2264 9988
2917 0 2280 9989
2917 0 2281 9987
2917 0 2285 9988
2917 0 2287 9987
2917 0 2287 9989
5534 0 2275 10034
5534 0 2275 10038
5534 0 2284 10034
5534 0 2284 10038
8137 0 2257 10463
8137 0 2261 10472
8137 0 2267 10478
8137 0 2273 10472
8137 0 2277 10456
8137 0 2283 10483
8137 0 2284 10466
238 0 2326 2894
238 0 2333 2920
1416 0 2313 2891
1417 0 2331 2911
1418 0 2322 2935
10541 0 2309 2903
10541 0 2318 2941
10543 0 2320 2925
238 0 2314 2960
1417 0 2318 2948
887 0 2349 3064
1473 0 2332 3061
1473 0 2332 3063
1473 0 2333 3060
1473 0 2334 3065
1473 0 2335 3067
1473 0 2336 3059
1473 0 2336 3068
1473 0 2337 3067
1473 0 2338 3056
1473 0 2338 3061
1473 0 2339 3066
1473 0 2340 3056
1473 0 2341 3062
1473 0 2342 3057
1473 0 2342 3062
0 0 2346 3164
1262 0 2322 3189
1477 0 2334 3182
1478 0 2324 3179
1479 0 2352 3166
1480 0 2354 3166
1481 0 2324 3164
2689 0 2346 3160
2693 0 2319 3191
2697 0 2325 3190
2699 0 2322 3192
3206 0 2326 3149
3427 0 2349 3173
4007 0 2352 3170
4258 0 2351 3174
4260 0 2351 3170
4261 0 2352 3174
4539 0 2353 3175
4542 0 2349 3170
4544 0 2353 3179
4546 0 2354 3176
4547 0 2339 3164
4549 0 2353 3173
5292 0 2353 3172
5293 0 2345 3175
5294 0 2329 3173
5295 0 2329 3170
5297 0 2337 3159
5299 0 2335 3177
5300 0 2331 3165
5302 0 2340 3173
5303 0 2335 3169
6286 0 2353 3171
8817 0 2323 3160
8824 0 2354 3155
8828 0 2326 3161
3021 0 2337 3311
3021 0 2337 3314
3021 0 2338 3310
3021 0 2341 3309
3021 0 2342 3311
3021 0 2343 3309
3021 0 2344 3318
3021 0 2345 3310
3021 0 2345 3312
3021 0 2350 3310
3426 0 2311 3271
3426 0 2317 3271
3426 0 2320 3266
3426 0 2335 3276
3426 0 2339 3272
3426 0 2339 3279
1505 0 2305 3516
1505 0 2309 3515
1505 0 2311 3506
1505 0 2311 3519
1505 0 2313 3510
1505 0 2316 3500
1505 0 2316 3511
1505 0 2317 3505
1505 0 2319 3518
2024 0 2318 3503
5317 0 2319 3477
5317 0 2323 3485
5317 0 2334 3485
5317 0 2334 3495
1349 0 2306 3541
1349 0 2307 3541
1349 0 2307 3577
1349 0 2309 3577
1349 0 2315 3523
1349 0 2315 3526
1349 0 2316 3560
1349 0 2318 3560
1349 0 2330 3550
1349 0 2330 3552
1349 0 2342 3544
1349 0 2343 3544
1349 0 2348 3523
1349 0 2349 3523
1349 0 2350 3563
1349 0 2351 3563
1349 0 2362 3577
1349 0 2362 3578
1349 0 2363 3537
1349 0 2363 3540
2910 0 2315 3545
2910 0 2315 3549
2910 0 2317 3539
2910 0 2322 3545
2910 0 2350 3540
2910 0 2351 3534
2910 0 2354 3536
2910 0 2356 3540
2910 0 2360 3569
2910 0 2361 3561
2910 0 2364 3565
5532 0 2365 3579
5533 0 2367 3576
5556 0 2320 3535
5556 0 2326 3527
5556 0 2331 3540
5556 0 2334 3544
5556 0 2339 3546
5556 0 2342 3540
5556 0 2343 3525
5556 0 2349 3554
5556 0 2352 3549
5556 0 2358 3563
5556 0 2361 3549
5556 0 2362 3557
1346 0 2307 3605
1346 0 2307 3606
1346 0 2307 3620
1346 0 2307 3621
1346 0 2308 3642
1346 0 2310 3642
1346 0 2319 3595
1346 0 2320 3595
1346 0 2321 3643
1346 0 2321 3644
1346 0 2323 3614
1346 0 2323 3628
1346 0 2324 3614
1346 0 2324 3628
1346 0 2327 3635
1346 0 2328 3635
1346 0 2336 3631
1346 0 2336 3632
1346 0 2342 3641
1346 0 2343 3641
2910 0 2314 3596
2910 0 2316 3606
2910 0 2321 3599
2910 0 2321 3611
2910 0 2330 3622
2910 0 2332 3626
2910 0 2334 3591
2910 0 2339 3593
2910 0 2339 3615
2910 0 2341 3618
2910 0 2342 3590
4299 0 2357 3640
5552 0 2305 3593
5552 0 2307 3596
5552 0 2309 3593
5552 0 2310 3587
5552 0 2313 3584
5552 0 2315 3587
5552 0 2341 3599
5552 0 2341 3604
5552 0 2345 3601
5552 0 2352 3584
5552 0 2354 3587
5552 0 2357 3584
5552 0 2360 3591
5552 0 2362 3588
5552 0 2364 3591
5556 0 2311 3611
5556 0 2315 3613
5556 0 2316 3603
5556 0 2319 3597
5556 0 2321 3605
5556 0 2324 3594
5556 0 2325 3600
5556 0 2328 3598
5556 0 2334 3586
5556 0 2338 3591
9392 0 2354 3608
3365 0 2353 3683
4291 0 2354 3683
4292 0 2344 3667
4293 0 2330 3691
4294 0 2313 3686
4295 0 2323 3684
4296 0 2344 3678
4300 0 2345 3651
4316 0 2310 3697
4316 0 2311 3704
4316 0 2326 3700
4316 0 2343 3702
4316 0 2349 3702
4319 0 2316 3685
4319 0 2316 3687
4319 0 2317 3689
4319 0 2320 3689
4319 0 2321 3679
4319 0 2321 3685
4319 0 2321 3687
4319 0 2325 3671
4319 0 2331 3666
4319 0 2331 3671
4319 0 2333 3671
1874 0 2325 3836
1874 0 2329 3828
1874 0 2336 3835
1880 0 2334 3800
1881 0 2334 3798
1882 0 2311 3781
1884 0 2335 3806
1885 0 2332 3803
1886 0 2325 3794
1887 0 2320 3798
1888 0 2350 3802
1889 0 2330 3803
1889 0 2330 3806
1890 0 2316 3815
1890 0 2325 3813
1890 0 2340 3819
1891 0 2316 3833
1891 0 2318 3833
1891 0 2320 3834
1893 0 2338 3798
1894 0 2338 3800
1895 0 2336 3811
2979 0 2335 3799
5816 0 2318 3794
5816 0 2321 3793
5816 0 2321 3797
5816 0 2322 3789
5816 0 2325 3791
5816 0 2325 3796
5828 0 2329 3832
5828 0 2356 3831
5828 0 2365 3832
5829 0 2362 3834
5830 0 2365 3829
6486 0 2339 3807
6712 0 2332 3801
6712 0 2343 3810
6712 0 2357 3799
5817 0 2317 3870
5817 0 2327 3879
5817 0 2337 3868
5817 0 2342 3881
5817 0 2366 3877
5818 0 2311 3866
5818 0 2334 3875
5818 0 2356 3879
5828 0 2321 3891
5828 0 2325 3862
5828 0 2340 3892
5828 0 2341 3862
5828 0 2354 3863
5828 0 2362 3892
5829 0 2320 3889
5829 0 2324 3860
5829 0 2343 3861
5829 0 2344 3893
5829 0 2351 3865
5829 0 2359 3892
5830 0 2318 3891
5830 0 2321 3894
5830 0 2327 3858
5830 0 2342 3894
5830 0 2343 3890
5830 0 2346 3863
5830 0 2355 3865
5830 0 2361 3894
5830 0 2362 3890
5831 0 2323 3892
5831 0 2341 3890
5831 0 2364 3891
1858 0 2349 4435
1859 0 2348 4433
2964 0 2340 4453
2964 0 2357 4451
2965 0 2346 4450
2965 0 2354 4439
2966 0 2333 4457
2966 0 2357 4437
2967 0 2334 4452
2967 0 2343 4442
2969 0 2355 4456
2970 0 2353 4446
2971 0 2352 4457
5425 0 2333 4450
5425 0 2345 4432
5425 0 2347 4444
234 0 2324 4599
234 0 2325 4597
234 0 2326 4589
234 0 2326 4595
234 0 2327 4591
234 0 2327 4595
234 0 2328 4593
234 0 2329 4593
234 0 2332 4588
235 0 2308 4581
235 0 2321 4595
235 0 2324 4592
235 0 2328 4589
235 0 2328 4596
235 0 2331 4597
236 0 2318 4588
238 0 2322 4566
238 0 2344 4596
238 0 2345 4598
238 0 2348 4566
238 0 2350 4549
238 0 2357 4546
238 0 2359 4589
238 0 2364 4563
639 0 2312 4556
639 0 2314 4556
639 0 2316 4556
1173 0 2312 4560
1173 0 2314 4561
1174 0 2313 4560
3420 0 2304 4587
3420 0 2306 4585
3420 0 2307 4583
3420 0 2309 4582
3420 0 2309 4584
3420 0 2334 4606
3420 0 2336 4603
3420 0 2362 4577
3420 0 2364 4573
3421 0 2308 4583
3422 0 2305 4583
3422 0 2305 4584
3422 0 2307 4582
3422 0 2307 4584
3422 0 2307 4587
3422 0 2334 4604
3423 0 2343 4579
3424 0 2345 4579
8139 0 2321 4829
8139 0 2322 4827
8139 0 2322 4833
8139 0 2323 4835
8139 0 2324 4820
8139 0 2324 4822
8139 0 2325 4840
8139 0 2326 4842
8139 0 2327 4817
8139 0 2329 4816
8139 0 2331 4844
8139 0 2333 4814
8139 0 2333 4845
8139 0 2335 4814
8139 0 2339 4844
8139 0 2340 4815
8139 0 2341 4817
8139 0 2341 4843
8139 0 2345 4820
8139 0 2345 4822
8139 0 2345 4837
8139 0 2346 4835
8139 0 2348 4828
8139 0 2348 4830
4800 0 2312 5086
4800 0 2314 5068
4800 0 2327 5065
4800 0 2327 5093
4800 0 2334 5086
4800 0 2340 5076
4800 0 2340 5108
4801 0 2351 5093
4805 0 2313 5103
4805 0 2315 5105
4805 0 2316 5109
4805 0 2318 5104
2514 0 2355 5241
2514 0 2357 5240
2514 0 2358 5243
2514 0 2358 5245
2514 0 2359 5239
2514 0 2359 5241
2514 0 2361 5240
2514 0 2361 5242
2514 0 2363 5240
2515 0 2324 5198
2515 0 2325 5197
2515 0 2326 5201
2515 0 2326 5205
2515 0 2326 5206
2515 0 2327 5199
2515 0 2327 5202
2515 0 2328 5197
2515 0 2329 5203
2515 0 2330 5195
2515 0 2331 5202
2516 0 2315 5229
2516 0 2317 5226
2516 0 2318 5230
2516 0 2320 5224
2516 0 2321 5232
2516 0 2322 5222
2516 0 2322 5227
2516 0 2322 5229
2516 0 2323 5224
2516 0 2324 5230
2516 0 2324 5236
2516 0 2327 5227
2520 0 2326 5199
2520 0 2326 5208
2520 0 2332 5202
2520 0 2350 5200
2520 0 2352 5195
2520 0 2353 5192
2520 0 2355 5198
2521 0 2328 5205
2521 0 2329 5200
2521 0 2348 5197
2521 0 2353 5203
2521 0 2354 5191
2522 0 2346 5196
2522 0 2355 5195
2522 0 2356 5190
2523 0 2322 5199
2523 0 2324 5206
2523 0 2333 5202
2523 0 2349 5197
2523 0 2354 5189
2524 0 2311 5187
2524 0 2311 5193
2525 0 2309 5187
2525 0 2311 5191
2526 0 2310 5189
2526 0 2312 5188
2527 0 2352 5189
2527 0 2353 5197
2527 0 2356 5204
2527 0 2357 5194
2528 0 2315 5226
2528 0 2325 5232
2528 0 2326 5226
2528 0 2348 5194
2528 0 2354 5202
2529 0 2318 5224
2529 0 2322 5230
2529 0 2324 5224
2529 0 2352 5200
2529 0 2354 5194
2530 0 2320 5226
2530 0 2320 5229
2530 0 2321 5225
2530 0 2354 5200
2530 0 2356 5193
2531 0 2305 5233
2531 0 2305 5241
2531 0 2306 5229
2531 0 2306 5243
2531 0 2309 5246
2531 0 2311 5237
2531 0 2314 5237
2531 0 2314 5244
2531 0 2315 5236
2531 0 2316 5227
2531 0 2322 5235
2531 0 2325 5228
6740 0 2356 5216
6740 0 2357 5213
6740 0 2363 5212
6740 0 2365 5216
6741 0 2363 5209
7673 0 2338 5213
2854 0 2339 9356
2854 0 2354 9390
2854 0 2361 9403
2854 0 2362 9347
3028 0 2316 9392
3028 0 2319 9367
3028 0 2321 9402
3028 0 2322 9387
3028 0 2325 9360
3028 0 2333 9346
3028 0 2335 9382
3028 0 2337 9387
3028 0 2343 9360
3028 0 2344 9369
3028 0 2348 9390
3028 0 2349 9380
3028 0 2349 9402
3028 0 2359 9345
3028 0 2359 9359
3028 0 2359 9374
3028 0 2359 9382
3028 0 2363 9403
3045 0 2305 9385
3045 0 2307 9359
3045 0 2307 9403
3045 0 2310 9396
3045 0 2317 9371
3045 0 2317 9383
3045 0 2324 9404
3045 0 2333 9366
3045 0 2335 9393
3045 0 2339 9403
3045 0 2342 9347
3045 0 2351 9359
3045 0 2359 9392
5368 0 2327 9394
5374 0 2364 9399
5375 0 2364 9398
5376 0 2323 9377
5377 0 2351 9358
498 0 2351 9448
498 0 2354 9455
498 0 2358 9445
498 0 2367 9455
499 0 2360 9452
4538 0 2334 9574
3104 0 2313 9853
3104 0 2315 9851
3104 0 2318 9847
3104 0 2319 9852
3104 0 2322 9846
3104 0 2323 9843
3104 0 2323 9852
3104 0 2326 9848
3104 0 2331 9852
3104 0 2333 9851
3104 0 2334 9853
3104 0 2335 9847
3104 0 2338 9844
3104 0 2338 9851
3104 0 2340 9848
3104 0 2341 9852
3104 0 2342 9840
3104 0 2342 9841
3104 0 2343 9849
3104 0 2345 9851
3104 0 2346 9854
3104 0 2347 9854
3104 0 2348 9843
4551 0 2315 9806
4552 0 2323 9804
4553 0 2325 9799
8820 0 2312 9814
8896 0 2312 9801
8900 0 2308 9804
8905 0 2321 9798
8909 0 2328 9796
8912 0 2328 9803
8916 0 2318 9808
3104 0 2311 9857
3104 0 2314 9862
3104 0 2315 9857
3104 0 2317 9867
3104 0 2320 9856
3104 0 2320 9859
3104 0 2323 9863
3104 0 2324 9856
3104 0 2324 9874
3104 0 2325 9859
3104 0 2325 9864
3104 0 2325 9867
3104 0 2328 9871
3104 0 2329 9856
3104 0 2330 9859
3104 0 2331 9857
3104 0 2333 9858
3104 0 2335 9868
3104 0 2337 9856
3104 0 2337 9872
3104 0 2338 9862
3104 0 2340 9860
3104 0 2342 9857
3104 0 2342 9862
3104 0 2342 9866
3104 0 2346 9856
3104 0 2346 9864
3104 0 2347 9856
3104 0 2350 9867
3104 0 2352 9856
4533 0 2349 9894
4533 0 2349 9899
4533 0 2350 9896
4533 0 2351 9895
4533 0 2351 9896
4533 0 2352 9897
4533 0 2352 9899
4533 0 2353 9896
4561 0 2329 9898
4561 0 2330 9914
4561 0 2332 9894
4561 0 2334 9878
4561 0 2334 9887
4561 0 2334 9900
4561 0 2336 9893
4561 0 2337 9888
4561 0 2337 9898
4561 0 2338 9906
4561 0 2339 9875
4561 0 2339 9881
4561 0 2339 9893
4561 0 2339 9914
4561 0 2341 9897
4561 0 2344 9879
4561 0 2344 9905
4561 0 2345 9888
4561 0 2346 9873
4561 0 2346 9881
4561 0 2346 9890
4561 0 2346 9915
4561 0 2347 9878
4561 0 2347 9887
4561 0 2347 9900
4561 0 2349 9897
4561 0 2349 9916
4561 0 2350 9875
4561 0 2352 9909
4561 0 2353 9899
4561 0 2354 9878
4561 0 2354 9914
4561 0 2355 9905
4561 0 2355 9907
4561 0 2356 9881
4561 0 2357 9885
4561 0 2357 9889
4561 0 2358 9918
4561 0 2360 9879
4561 0 2360 9891
4561 0 2361 9884
4561 0 2361 9911
4561 0 2362 9894
4561 0 2362 9904
4561 0 2363 9905
4561 0 2363 9910
4561 0 2363 9916
4561 0 2364 9897
4561 0 2364 9914
8978 0 2347 9916
8978 0 2348 9914
8978 0 2349 9918
8978 0 2350 9911
8978 0 2351 9910
8978 0 2352 9914
8978 0 2353 9916
8978 0 2354 9902
8978 0 2354 9903
8978 0 2355 9902
8978 0 2355 9910
8978 0 2355 9911
8978 0 2356 9909
8978 0 2357 9902
8978 0 2357 9916
8978 0 2358 9902
8978 0 2358 9916
8978 0 2359 9912
8978 0 2360 9911
8978 0 2360 9912
8978 0 2360 9914
8978 0 2361 9906
8978 0 2363 9908
8978 0 2364 9912
9216 0 2356 9911
885 0 2411 3044
886 0 2380 3043
1473 0 2391 3053
1473 0 2392 3051
1473 0 2394 3043
1473 0 2394 3045
1473 0 2394 3052
1473 0 2394 3056
1473 0 2397 3040
1473 0 2397 3053
1473 0 2398 3047
1473 0 2399 3046
1473 0 2400 3040
1473 0 2402 3042
7654 0 2410 3060
106 0 2379 3344
106 0 2395 3340
106 0 2398 3330
106 0 2406 3329
2838 0 2387 3376
2838 0 2398 3366
2838 0 2412 3378
2838 0 2419 3372
3017 0 2369 3374
3017 0 2372 3379
3017 0 2378 3366
3017 0 2379 3378
3017 0 2387 3370
3017 0 2394 3365
3017 0 2402 3386
3017 0 2405 3381
3017 0 2407 3387
3017 0 2412 3384
3045 0 2373 3333
3045 0 2385 3339
3045 0 2394 3334
6094 0 2399 3356
6095 0 2400 3356
6096 0 2401 3357
234 0 2416 3404
234 0 2424 3410
234 0 2430 3405
235 0 2378 3418
235 0 2380 3422
235 0 2393 3442
235 0 2397 3440
235 0 2423 3399
235 0 2425 3406
235 0 2427 3402
1506 0 2382 3414
1506 0 2383 3418
1506 0 2385 3410
1506 0 2385 3423
1506 0 2389 3423
1506 0 2390 3407
1506 0 2391 3421
1838 0 2391 3413
1838 0 2395 3412
1838 0 2401 3409
1838 0 2402 3409
1838 0 2404 3406
1839 0 2393 3411
2002 0 2393 3412
2064 0 2375 3432
2064 0 2375 3440
2064 0 2378 3431
2064 0 2380 3436
2065 0 2378 3429
2065 0 2379 3439
2065 0 2382 3436
2066 0 2375 3435
2066 0 2382 3430
2067 0 2381 3428
2067 0 2392 3405
2067 0 2413 3397
2067 0 2415 3408
2098 0 2369 3404
2099 0 2369 3401
2100 0 2372 3401
2101 0 2371 3398
2102 0 2372 3395
2103 0 2369 3394
2571 0 2378 3433
6081 0 2392 3454
6081 0 2394 3436
6081 0 2408 3452
6081 0 2421 3413
6082 0 2410 3416
6082 0 2420 3435
6082 0 2420 3447
6082 0 2427 3410
6094 0 2383 3452
6094 0 2401 3417
6094 0 2402 3422
6094 0 2402 3441
6094 0 2403 3430
6094 0 2408 3441
6094 0 2409 3430
6094 0 2423 3426
6094 0 2427 3428
6094 0 2427 3440
6095 0 2377 3442
6095 0 2380 3425
6095 0 2383 3433
6095 0 2405 3447
6095 0 2406 3440
6096 0 2378 3423
6096 0 2393 3435
6096 0 2394 3425
6096 0 2395 3449
6096 0 2403 3433
6096 0 2420 3429
6096 0 2420 3438
6171 0 2369 3428
6171 0 2378 3416
6171 0 2393 3427
235 0 2422 3489
236 0 2374 3469
236 0 2376 3466
237 0 2371 3460
237 0 2372 3456
237 0 2422 3467
2573 0 2417 3517
3142 0 2406 3498
3143 0 2400 3483
3143 0 2400 3485
3143 0 2400 3487
3143 0 2400 3489
3143 0 2400 3491
3143 0 2400 3493
3147 0 2396 3485
3147 0 2396 3487
3147 0 2396 3489
3147 0 2396 3491
3151 0 2391 3484
3151 0 2391 3487
3151 0 2391 3489
3151 0 2391 3492
3155 0 2393 3483
3155 0 2393 3493
3157 0 2384 3488
3158 0 2395 3495
3158 0 2397 3495
4297 0 2370 3484
4973 0 2384 3481
4973 0 2388 3473
4974 0 2409 3507
6077 0 2392 3475
6077 0 2394 3506
6077 0 2396 3471
6077 0 2405 3499
6077 0 2416 3487
6086 0 2379 3482
6086 0 2381 3496
6086 0 2384 3497
6086 0 2391 3476
6086 0 2410 3496
6086 0 2421 3481
6087 0 2378 3482
6087 0 2383 3496
6087 0 2402 3507
6087 0 2406 3476
6087 0 2422 3485
6116 0 2396 3481
6207 0 2368 3486
5532 0 2374 3575
5532 0 2380 3581
5533 0 2375 3578
6075 0 2416 3527
6075 0 2424 3529
6076 0 2410 3528
6101 0 2421 3525
1340 0 2376 3606
5531 0 2370 3587
5531 0 2370 3591
5531 0 2372 3584
5531 0 2379 3585
5531 0 2382 3584
5531 0 2384 3586
5531 0 2391 3592
5532 0 2368 3589
5532 0 2368 3594
5532 0 2388 3590
5532 0 2389 3598
5533 0 2390 3588
1897 0 2407 3802
1898 0 2408 3802
1899 0 2409 3804
1940 0 2421 3781
1941 0 2398 3798
1942 0 2418 3813
1943 0 2396 3798
1944 0 2394 3805
1945 0 2417 3817
1946 0 2416 3799
1949 0 2408 3806
1950 0 2387 3797
1950 0 2387 3800
1950 0 2411 3795
1950 0 2414 3795
1950 0 2414 3824
1950 0 2417 3824
1951 0 2390 3801
1952 0 2412 3808
1990 0 2404 3813
1991 0 2402 3802
1993 0 2392 3800
1993 0 2409 3820
1993 0 2412 3801
1997 0 2403 3809
1998 0 2398 3814
1999 0 2408 3815
2000 0 2406 3816
5820 0 2401 3781
5820 0 2414 3780
5820 0 2414 3783
5820 0 2419 3789
5820 0 2424 3782
5821 0 2403 3778
5821 0 2409 3780
5821 0 2409 3783
5821 0 2419 3783
5821 0 2422 3789
5828 0 2370 3833
5830 0 2372 3833
6712 0 2393 3801
6712 0 2405 3808
6712 0 2413 3803
6712 0 2413 3819
1874 0 2387 3869
1874 0 2396 3856
1875 0 2400 3857
1875 0 2418 3866
1876 0 2408 3859
5817 0 2392 3877
5817 0 2397 3882
5817 0 2412 3874
5818 0 2378 3877
5818 0 2400 3878
5828 0 2374 3888
5828 0 2377 3894
5828 0 2394 3862
5828 0 2406 3865
5829 0 2376 3892
5829 0 2394 3866
5829 0 2398 3853
5829 0 2408 3863
5830 0 2374 3895
5830 0 2377 3890
5830 0 2403 3856
5831 0 2379 3893
7437 0 2406 3850
7437 0 2408 3852
7437 0 2410 3854
7438 0 2407 3851
7438 0 2409 3853
7438 0 2411 3855
1023 0 2412 4370
1023 0 2416 4376
1023 0 2419 4374
1023 0 2420 4377
1023 0 2421 4370
5853 0 2373 4387
5853 0 2373 4391
5853 0 2377 4376
5853 0 2377 4386
5853 0 2392 4379
5854 0 2375 4381
5854 0 2394 4378
5854 0 2397 4358
6534 0 2401 4378
234 0 2415 4466
234 0 2419 4427
234 0 2421 4468
234 0 2426 4431
235 0 2394 4453
235 0 2394 4457
235 0 2406 4447
536 0 2412 4470
536 0 2414 4467
536 0 2415 4475
536 0 2419 4467
536 0 2419 4474
1860 0 2410 4434
2843 0 2381 4425
2843 0 2382 4421
2843 0 2382 4429
2843 0 2386 4419
2843 0 2388 4428
2843 0 2389 4422
2868 0 2378 4447
2869 0 2376 4447
2968 0 2388 4470
3092 0 2383 4456
3092 0 2383 4459
3092 0 2385 4457
3092 0 2386 4460
3367 0 2373 4447
3367 0 2375 4448
3367 0 2376 4445
3367 0 2377 4450
3367 0 2381 4459
3367 0 2383 4424
3367 0 2383 4455
3367 0 2385 4458
3367 0 2386 4431
3367 0 2388 4425
3367 0 2391 4453
3367 0 2393 4447
3367 0 2394 4440
3367 0 2395 4461
3367 0 2396 4457
3367 0 2398 4448
3367 0 2408 4445
3367 0 2412 4437
3367 0 2415 4438
3367 0 2418 4437
3367 0 2418 4447
3367 0 2419 4465
3367 0 2423 4461
3367 0 2426 4433
3367 0 2427 4461
3367 0 2431 4457
5236 0 2396 4455
5424 0 2398 4453
5736 0 2426 4442
5737 0 2424 4436
5843 0 2415 4451
5843 0 2416 4435
5843 0 2423 4432
5844 0 2410 4456
5844 0 2415 4429
5856 0 2386 4439
2005 0 2416 4684
2006 0 2413 4681
2007 0 2412 4677
3964 0 2384 4706
3964 0 2393 4713
3964 0 2394 4731
3964 0 2395 4721
3965 0 2401 4705
3965 0 2405 4712
3965 0 2412 4723
3965 0 2414 4731
3966 0 2408 4698
3966 0 2417 4699
3966 0 2424 4701
3966 0 2428 4696
3967 0 2373 4692
3967 0 2386 4689
3967 0 2392 4678
281 0 2381 4843
281 0 2382 4858
281 0 2405 4860
281 0 2408 4859
281 0 2416 4858
281 0 2417 4832
281 0 2421 4842
3421 0 2385 4838
3421 0 2413 4836
3422 0 2387 4846
3422 0 2391 4829
3422 0 2399 4856
5240 0 2380 4839
5240 0 2392 4856
5240 0 2409 4853
5241 0 2396 4858
5241 0 2407 4827
2181 0 2399 5178
9806 0 2400 5986
9807 0 2398 5981
9808 0 2402 5985
9809 0 2398 5985
9810 0 2402 5981
9811 0 2400 5983
498 0 2368 9442
498 0 2370 9449
498 0 2380 9429
498 0 2382 9458
498 0 2382 9465
498 0 2383 9444
498 0 2384 9434
498 0 2384 9452
498 0 2390 9459
498 0 2391 9422
498 0 2391 9443
498 0 2393 9437
498 0 2395 9450
498 0 2396 9430
498 0 2398 9442
498 0 2399 9459
498 0 2401 9421
498 0 2402 9448
498 0 2404 9454
498 0 2405 9438
498 0 2406 9433
498 0 2409 9461
498 0 2410 9452
498 0 2412 9421
498 0 2412 9427
498 0 2413 9433
498 0 2413 9444
498 0 2417 9455
498 0 2419 9424
498 0 2419 9435
498 0 2421 9460
498 0 2422 9448
4543 0 2396 9595
70 0 2371 9611
70 0 2396 9611
71 0 2375 9609
71 0 2400 9609
77 0 2380 9609
77 0 2405 9609
78 0 2372 9606
78 0 2397 9606
80 0 2383 9605
80 0 2408 9605
2834 0 2373 9630
2834 0 2374 9635
2834 0 2419 9636
2834 0 2421 9634
2834 0 2422 9631
2854 0 2370 9640
2854 0 2370 9641
2854 0 2372 9642
2854 0 2372 9643
2854 0 2379 9630
2854 0 2379 9638
2854 0 2381 9619
2854 0 2383 9619
2854 0 2384 9619
2854 0 2384 9640
2854 0 2385 9624
2854 0 2386 9619
2854 0 2390 9620
2854 0 2393 9618
2854 0 2394 9639
2854 0 2395 9619
2854 0 2396 9620
2854 0 2400 9620
2854 0 2402 9628
2854 0 2405 9620
2854 0 2406 9628
2854 0 2407 9620
2854 0 2409 9629
2854 0 2412 9619
2854 0 2412 9640
2854 0 2421 9632
2854 0 2422 9622
3045 0 2377 9657
3045 0 2381 9655
3045 0 2384 9655
3045 0 2392 9656
3045 0 2396 9658
3045 0 2397 9655
3046 0 2391 9655
4534 0 2370 9642
4534 0 2391 9618
4534 0 2397 9619
4535 0 2372 9640
8677 0 2392 9653
8977 0 2423 9609
9203 0 2392 9659
9203 0 2394 9658
9204 0 2389 9658
9205 0 2387 9653
9206 0 2384 9659
9206 0 2385 9657
9207 0 2381 9654
9207 0 2382 9653
9208 0 2380 9659
9209 0 2397 9603
26 0 2405 9713
27 0 2394 9707
28 0 2410 9707
29 0 2398 9704
31 0 2400 9701
49 0 2396 9710
49 0 2407 9702
49 0 2408 9712
50 0 2398 9707
50 0 2401 9714
50 0 2409 9704
51 0 2397 9702
51 0 2399 9712
51 0 2406 9709
2095 0 2387 9685
2095 0 2389 9683
4533 0 2395 9683
4533 0 2397 9684
4533 0 2400 9682
4533 0 2402 9680
9210 0 2424 9721
9211 0 2422 9718
9212 0 2426 9718
105 0 2409 9786
105 0 2412 9784
105 0 2415 9786
105 0 2426 9773
105 0 2426 9782
105 0 2429 9770
105 0 2429 9786
105 0 2430 9775
2081 0 2392 9785
2081 0 2395 9771
2081 0 2400 9777
2081 0 2410 9777
2082 0 2391 9781
2082 0 2399 9770
2082 0 2402 9780
2082 0 2412 9774
2083 0 2394 9778
2083 0 2401 9784
2083 0 2403 9769
2083 0 2415 9772
105 0 2410 9801
105 0 2413 9797
105 0 2417 9796
4913 0 2409 9817
2020 0 2392 9890
2021 0 2392 9895
5284 0 2415 9910
1874 0 2404 10215
1992 0 2376 10198
1992 0 2386 10185
1992 0 2386 10197
1992 0 2389 10209
1992 0 2401 10189
1992 0 2407 10214
1992 0 2411 10192
1992 0 2420 10199
5828 0 2378 10216
5828 0 2402 10225
5828 0 2408 10227
5828 0 2420 10215
5829 0 2401 10220
5829 0 2411 10220
5830 0 2401 10217
5830 0 2403 10223
5830 0 2409 10223
7259 0 2406 10419
7259 0 2408 10410
7259 0 2409 10415
7259 0 2413 10425
7259 0 2414 10412
7259 0 2430 10421
7259 0 2431 10410
7260 0 2407 10418
7260 0 2410 10412
7260 0 2412 10415
7260 0 2412 10420
7260 0 2416 10429
7260 0 2420 10422
7260 0 2421 10430
7260 0 2423 10424
7260 0 2430 10412
9293 0 2403 10390
9293 0 2407 10385
9293 0 2409 10391
9293 0 2413 10387
9293 0 2414 10392
9293 0 2415 10397
9293 0 2420 10375
9293 0 2421 10384
9293 0 2423 10379
9293 0 2427 10389
9293 0 2428 10383
7259 0 2413 10433
7259 0 2415 10436
7259 0 2422 10433
7260 0 2410 10435
7260 0 2417 10432
7950 0 2458 2868
7954 0 2442 2859
7985 0 2480 2875
7986 0 2492 2848
7987 0 2490 2850
8038 0 2466 2850
8039 0 2454 2850
8041 0 2457 2844
106 0 2482 2923
106 0 2491 2922
106 0 2491 2927
106 0 2491 2931
115 0 2487 2924
7946 0 2453 2891
7946 0 2456 2893
7946 0 2458 2890
860 0 2443 3051
861 0 2442 3049
862 0 2443 3046
863 0 2446 3049
864 0 2454 3047
865 0 2443 3038
865 0 2452 3030
866 0 2486 3048
867 0 2482 3046
872 0 2461 3047
872 0 2466 3052
873 0 2464 3049
874 0 2464 3045
875 0 2467 3049
876 0 2468 3046
877 0 2470 3055
878 0 2469 3039
879 0 2480 3046
3291 0 2445 3097
4729 0 2460 3108
5721 0 2441 3089
9392 0 2455 3084
0 0 2485 3178
1507 0 2461 3150
1507 0 2462 3145
1507 0 2465 3156
1507 0 2468 3157
1507 0 2474 3153
2683 0 2488 3179
2838 0 2477 3143
2838 0 2484 3155
5365 0 2443 3189
5378 0 2467 3183
5379 0 2465 3183
5380 0 2470 3185
5381 0 2469 3158
6403 0 2439 3186
528 0 2454 3247
528 0 2455 3240
528 0 2465 3248
528 0 2468 3243
528 0 2470 3243
528 0 2473 3241
528 0 2474 3248
528 0 2477 3238
528 0 2477 3244
2098 0 2438 3218
2099 0 2441 3217
2100 0 2439 3212
2101 0 2438 3208
2102 0 2443 3211
2103 0 2445 3209
2839 0 2460 3200
2839 0 2478 3200
2904 0 2448 3225
2904 0 2449 3224
2904 0 2449 3226
2904 0 2453 3221
2904 0 2464 3251
2904 0 2468 3242
2904 0 2472 3239
2904 0 2474 3237
2904 0 2476 3236
5370 0 2460 3223
5370 0 2464 3223
5370 0 2465 3220
5370 0 2468 3221
5370 0 2469 3226
5370 0 2476 3223
5371 0 2465 3227
5372 0 2465 3229
5372 0 2467 3228
5372 0 2470 3230
5372 0 2471 3222
5372 0 2472 3224
7425 0 2455 3232
106 0 2462 3274
106 0 2465 3272
106 0 2465 3275
106 0 2470 3272
106 0 2472 3274
106 0 2477 3275
1118 0 2465 3307
1118 0 2482 3293
1119 0 2453 3307
1119 0 2480 3300
1130 0 2473 3288
1131 0 2470 3290
1131 0 2472 3296
1131 0 2483 3318
1131 0 2483 3323
1131 0 2490 3293
1132 0 2464 3302
1132 0 2466 3300
1132 0 2466 3307
1132 0 2467 3306
1132 0 2468 3315
1132 0 2469 3319
1132 0 2471 3323
1132 0 2473 3305
1132 0 2474 3296
1132 0 2476 3307
1132 0 2478 3323
1132 0 2480 3296
1132 0 2481 3313
1132 0 2485 3312
1133 0 2462 3306
1133 0 2465 3305
1133 0 2469 3295
1133 0 2477 3319
1133 0 2482 3311
1139 0 2472 3307
1139 0 2492 3314
1140 0 2463 3317
1140 0 2482 3296
1140 0 2485 3315
1141 0 2482 3286
1141 0 2489 3295
1142 0 2468 3290
1142 0 2475 3325
1142 0 2479 3311
2854 0 2461 3293
2854 0 2462 3300
2854 0 2463 3285
2854 0 2464 3310
2854 0 2465 3295
2854 0 2466 3294
2854 0 2466 3299
2854 0 2467 3322
2854 0 2468 3326
2854 0 2470 3314
2854 0 2470 3318
2854 0 2470 3321
2854 0 2471 3298
2854 0 2471 3316
2854 0 2472 3301
2854 0 2472 3314
2854 0 2472 3324
2854 0 2473 3326
2854 0 2474 3301
2854 0 2474 3306
2854 0 2475 3303
2854 0 2476 3293
2854 0 2476 3322
2854 0 2477 3286
2854 0 2477 3298
2854 0 2477 3301
2854 0 2477 3324
2854 0 2478 3285
2854 0 2478 3304
2854 0 2479 3313
2854 0 2480 3293
2854 0 2480 3306
2854 0 2480 3315
2854 0 2481 3295
2854 0 2481 3300
2854 0 2481 3307
2854 0 2482 3284
2854 0 2482 3302
2854 0 2483 3285
2854 0 2484 3294
2854 0 2484 3300
2854 0 2484 3304
2854 0 2484 3307
2854 0 2486 3281
2854 0 2486 3285
2854 0 2486 3292
2854 0 2486 3296
2854 0 2486 3300
2854 0 2486 3313
2854 0 2487 3286
2854 0 2487 3303
2854 0 2488 3305
2854 0 2488 3319
2854 0 2489 3284
2854 0 2489 3302
2854 0 2490 3307
2854 0 2490 3321
2854 0 2490 3323
2854 0 2492 3303
3505 0 2468 3304
3505 0 2476 3317
3505 0 2478 3291
3505 0 2492 3312
3506 0 2469 3309
3506 0 2475 3298
3506 0 2487 3308
3506 0 2490 3289
3507 0 2476 3313
3507 0 2481 3289
3507 0 2490 3313
3507 0 2491 3300
4262 0 2473 3290
4262 0 2485 3321
4267 0 2466 3318
4267 0 2484 3302
4527 0 2464 3287
4528 0 2436 3315
4558 0 2457 3309
4969 0 2454 3301
4969 0 2458 3298
4971 0 2457 3302
5285 0 2495 3312
106 0 2437 3336
106 0 2439 3333
106 0 2439 3335
106 0 2440 3333
106 0 2440 3335
234 0 2478 3373
234 0 2479 3381
234 0 2481 3384
234 0 2490 3371
1431 0 2459 3382
2067 0 2432 3387
2067 0 2442 3388
2067 0 2453 3363
2067 0 2463 3375
3049 0 2445 3362
3049 0 2447 3361
3050 0 2443 3359
3050 0 2445 3359
3050 0 2446 3357
3050 0 2448 3329
3050 0 2448 3331
3050 0 2451 3330
3490 0 2437 3347
6081 0 2459 3385
6081 0 2463 3385
6082 0 2460 3382
6082 0 2462 3382
6131 0 2457 3357
0 0 2439 3414
0 0 2478 3444
234 0 2437 3425
234 0 2438 3422
234 0 2450 3419
235 0 2446 3396
235 0 2470 3397
238 0 2479 3396
490 0 2432 3423
2064 0 2436 3434
2067 0 2437 3442
2067 0 2449 3421
2067 0 2457 3394
2067 0 2464 3394
2067 0 2480 3406
2682 0 2474 3446
2687 0 2438 3418
6080 0 2469 3423
6080 0 2469 3434
6080 0 2470 3426
6080 0 2477 3426
6080 0 2479 3427
6080 0 2482 3422
6080 0 2489 3423
6080 0 2489 3427
6080 0 2490 3435
6081 0 2451 3414
6081 0 2459 3395
6081 0 2459 3438
6081 0 2462 3395
6082 0 2459 3392
6082 0 2461 3422
6082 0 2462 3392
6086 0 2434 3436
6086 0 2437 3451
6086 0 2438 3427
6086 0 2441 3411
6086 0 2466 3449
6086 0 2470 3399
6086 0 2472 3400
6086 0 2473 3412
6086 0 2476 3454
6086 0 2482 3397
6086 0 2489 3401
6087 0 2439 3433
6087 0 2441 3449
6087 0 2442 3428
6087 0 2446 3403
6087 0 2450 3416
6087 0 2468 3441
6087 0 2480 3408
6095 0 2456 3425
6095 0 2459 3421
6095 0 2462 3431
6171 0 2459 3393
6171 0 2459 3394
6171 0 2463 3393
6171 0 2463 3394
6171 0 2479 3428
236 0 2434 3516
236 0 2479 3501
237 0 2444 3491
238 0 2447 3467
238 0 2448 3469
1423 0 2466 3497
1455 0 2465 3490
1456 0 2434 3519
1457 0 2436 3519
2067 0 2463 3456
2067 0 2468 3456
2546 0 2439 3502
2546 0 2440 3500
2549 0 2442 3503
2550 0 2442 3501
4730 0 2480 3458
5518 0 2466 3459
6081 0 2442 3489
6081 0 2450 3485
6081 0 2451 3507
6081 0 2453 3490
6081 0 2459 3503
6081 0 2461 3509
6081 0 2464 3465
6081 0 2464 3468
6081 0 2468 3465
6081 0 2468 3468
6081 0 2468 3506
6081 0 2472 3484
6081 0 2475 3490
6081 0 2475 3502
6081 0 2477 3512
6081 0 2481 3485
6081 0 2482 3501
6082 0 2441 3497
6082 0 2447 3510
6082 0 2461 3487
6082 0 2464 3472
6082 0 2464 3489
6082 0 2467 3489
6082 0 2468 3472
6082 0 2473 3503
6082 0 2478 3497
6086 0 2438 3465
6086 0 2442 3505
6086 0 2448 3486
6086 0 2449 3487
6086 0 2450 3489
6086 0 2450 3505
6086 0 2454 3465
6087 0 2448 3489
6087 0 2450 3488
6087 0 2463 3508
6087 0 2473 3489
6087 0 2474 3457
6087 0 2479 3503
6087 0 2486 3467
6094 0 2435 3460
6094 0 2440 3470
6094 0 2447 3502
6094 0 2457 3462
6094 0 2478 3502
6095 0 2437 3478
6095 0 2442 3465
6095 0 2456 3467
6095 0 2471 3496
6095 0 2474 3508
6095 0 2475 3471
6095 0 2479 3468
6095 0 2486 3470
6095 0 2492 3474
6096 0 2433 3474
6096 0 2433 3492
6096 0 2458 3497
6096 0 2464 3505
6096 0 2476 3458
6171 0 2438 3480
6171 0 2440 3513
6171 0 2464 3501
6171 0 2465 3466
6171 0 2466 3490
6171 0 2467 3466
7179 0 2480 3457
7184 0 2437 3519
9269 0 2466 4010
9272 0 2471 3995
252 0 2460 4376
254 0 2459 4359
255 0 2454 4370
256 0 2448 4359
1871 0 2438 4393
234 0 2464 4421
234 0 2466 4423
234 0 2486 4464
235 0 2475 4459
235 0 2480 4458
235 0 2481 4454
235 0 2488 4465
404 0 2444 4431
1172 0 2435 4450
3201 0 2484 4452
3202 0 2475 4465
3203 0 2479 4469
3204 0 2486 4470
3367 0 2440 4425
3367 0 2441 4429
3367 0 2446 4432
3367 0 2451 4423
3367 0 2451 4427
3367 0 2452 4431
3367 0 2474 4455
3367 0 2476 4441
3367 0 2481 4450
3367 0 2484 4463
3367 0 2488 4457
3367 0 2489 4428
5236 0 2436 4455
5236 0 2438 4453
5387 0 2438 4442
5424 0 2452 4466
5424 0 2456 4467
5835 0 2452 4451
5840 0 2464 4436
5840 0 2466 4432
5840 0 2467 4438
5840 0 2471 4436
5842 0 2435 4442
5842 0 2439 4457
5842 0 2441 4448
5849 0 2445 4427
5850 0 2446 4427
5851 0 2448 4428
5852 0 2445 4430
9392 0 2481 4442
4426 0 2445 4599
3837 0 2450 4647
5431 0 2463 4782
5432 0 2455 4784
5432 0 2458 4773
5432 0 2463 4778
5432 0 2464 4770
5432 0 2467 4774
5432 0 2468 4789
5432 0 2474 4781
4679 0 2488 4973
4680 0 2458 4981
4681 0 2457 4966
4683 0 2476 4958
4684 0 2443 4956
4685 0 2469 4941
4686 0 2451 4939
2156 0 2443 5111
2156 0 2456 5108
2156 0 2472 5090
2156 0 2482 5101
2157 0 2437 5114
2157 0 2477 5084
2159 0 2490 5101
2160 0 2492 5078
2167 0 2474 5086
2168 0 2468 5094
2169 0 2455 5116
2170 0 2495 5080
2171 0 2473 5088
2171 0 2485 5079
2171 0 2490 5081
2173 0 2490 5076
2175 0 2457 5117
2175 0 2476 5087
2176 0 2464 5099
2177 0 2456 5105
2177 0 2466 5097
2177 0 2486 5083
2179 0 2439 5113
2179 0 2448 5111
2179 0 2451 5117
2179 0 2460 5108
2179 0 2461 5104
2179 0 2478 5111
2179 0 2480 5084
2179 0 2484 5104
2179 0 2486 5081
7676 0 2446 5104
7676 0 2477 5078
7676 0 2479 5078
7679 0 2435 5117
7679 0 2440 5114
7679 0 2446 5110
7679 0 2447 5113
7679 0 2458 5103
7679 0 2459 5112
7679 0 2460 5101
7679 0 2463 5095
7679 0 2469 5091
7679 0 2470 5095
7679 0 2472 5114
7679 0 2476 5111
7679 0 2479 5081
7679 0 2480 5107
7679 0 2481 5104
7679 0 2486 5101
7679 0 2488 5083
7679 0 2492 5099
7679 0 2495 5094
7681 0 2459 5091
7682 0 2477 5108
7684 0 2452 5088
7684 0 2472 5118
7686 0 2486 5103
7687 0 2459 5093
7688 0 2490 5070
7690 0 2494 5113
2154 0 2491 5157
2155 0 2480 5154
2158 0 2461 5142
2159 0 2473 5129
2160 0 2455 5122
2160 0 2475 5122
2160 0 2486 5136
2161 0 2485 5140
2162 0 2485 5134
2163 0 2452 5123
2163 0 2455 5139
2163 0 2481 5137
2164 0 2458 5124
2164 0 2458 5126
2164 0 2462 5141
2165 0 2469 5146
2165 0 2472 5143
2166 0 2475 5153
2166 0 2479 5129
2166 0 2484 5157
2166 0 2488 5156
2166 0 2491 5159
2166 0 2493 5155
2167 0 2480 5134
2168 0 2471 5123
2168 0 2480 5132
2169 0 2457 5158
2169 0 2470 5165
2169 0 2487 5171
2170 0 2451 5167
2170 0 2455 5154
2170 0 2460 5162
2170 0 2479 5166
2170 0 2490 5175
2170 0 2492 5139
2171 0 2436 5171
2171 0 2440 5141
2171 0 2441 5138
2171 0 2450 5147
2171 0 2472 5125
2172 0 2437 5128
2172 0 2438 5123
2174 0 2487 5138
2177 0 2445 5169
2177 0 2447 5143
2178 0 2439 5133
2178 0 2443 5145
2178 0 2459 5161
2178 0 2464 5162
2178 0 2482 5159
2178 0 2491 5173
2179 0 2452 5151
2179 0 2457 5129
2179 0 2467 5142
2179 0 2472 5166
2179 0 2473 5147
2179 0 2479 5168
2179 0 2482 5154
2180 0 2438 5169
2183 0 2478 5146
2184 0 2464 5149
2185 0 2462 5125
2186 0 2472 5139
2186 0 2475 5140
2187 0 2436 5122
2187 0 2450 5121
2187 0 2457 5121
2187 0 2492 5173
2187 0 2492 5176
2187 0 2493 5156
2187 0 2493 5159
7652 0 2454 5133
7677 0 2445 5180
7679 0 2472 5121
7679 0 2474 5127
7679 0 2476 5133
7679 0 2477 5125
7679 0 2478 5131
7679 0 2483 5136
7679 0 2489 5139
7679 0 2489 5143
7679 0 2493 5142
5163 0 2487 5519
5164 0 2484 5522
5164 0 2486 5548
5165 0 2439 5525
5165 0 2487 5542
5166 0 2436 5553
5166 0 2439 5532
5166 0 2487 5530
5167 0 2439 5539
5167 0 2483 5539
5167 0 2484 5552
5168 0 2439 5549
5168 0 2484 5544
5169 0 2485 5540
5170 0 2439 5544
5170 0 2485 5535
5171 0 2436 5540
5172 0 2437 5549
5172 0 2484 5531
5173 0 2436 5526
5173 0 2486 5525
5174 0 2439 5520
5175 0 2487 5538
5176 0 2438 5535
8796 0 2454 6091
8809 0 2444 6092
8819 0 2438 6110
8826 0 2439 6099
8829 0 2448 6089
8895 0 2442 6087
8899 0 2437 6092
8904 0 2450 6084
8908 0 2440 6088
8911 0 2452 6090
8915 0 2444 6097
8926 0 2459 6089
8940 0 2451 6094
8941 0 2437 6084
8942 0 2453 6087
8943 0 2441 6083
8944 0 2446 6094
8945 0 2435 6094
8945 0 2441 6112
8945 0 2442 6100
8945 0 2442 6118
8945 0 2450 6107
8945 0 2457 6084
8946 0 2444 6084
8946 0 2449 6110
8947 0 2439 6117
8947 0 2446 6109
8948 0 2435 6112
8948 0 2448 6118
8949 0 2440 6096
8949 0 2449 6100
4533 0 2477 6182
4533 0 2477 6187
4533 0 2478 6184
4533 0 2479 6183
4533 0 2479 6184
4533 0 2480 6185
4533 0 2480 6187
4533 0 2481 6184
4561 0 2457 6186
4561 0 2458 6202
4561 0 2460 6182
4561 0 2462 6166
4561 0 2462 6175
4561 0 2462 6188
4561 0 2464 6181
4561 0 2465 6176
4561 0 2465 6186
4561 0 2466 6194
4561 0 2467 6163
4561 0 2467 6169
4561 0 2467 6181
4561 0 2467 6202
4561 0 2469 6185
4561 0 2472 6167
4561 0 2472 6193
4561 0 2473 6176
4561 0 2474 6161
4561 0 2474 6169
4561 0 2474 6178
4561 0 2474 6203
4561 0 2475 6166
4561 0 2475 6175
4561 0 2475 6188
4561 0 2477 6185
4561 0 2477 6204
4561 0 2478 6163
4561 0 2480 6197
4561 0 2481 6187
4561 0 2482 6166
4561 0 2482 6202
4561 0 2483 6193
4561 0 2483 6195
4561 0 2484 6169
4561 0 2485 6173
4561 0 2485 6177
4561 0 2486 6206
4561 0 2488 6167
4561 0 2488 6179
4561 0 2489 6172
4561 0 2489 6199
4561 0 2490 6182
4561 0 2490 6192
4561 0 2491 6193
4561 0 2491 6198
4561 0 2491 6204
4561 0 2492 6185
4561 0 2492 6202
8978 0 2475 6204
8978 0 2476 6202
8978 0 2477 6206
8978 0 2478 6199
8978 0 2479 6198
8978 0 2480 6202
8978 0 2481 6204
8978 0 2482 6190
8978 0 2482 6191
8978 0 2483 6190
8978 0 2483 6198
8978 0 2483 6199
8978 0 2484 6197
8978 0 2485 6190
8978 0 2485 6204
8978 0 2486 6190
8978 0 2486 6204
8978 0 2487 6200
8978 0 2488 6199
8978 0 2488 6200
8978 0 2488 6202
8978 0 2489 6194
8978 0 2491 6196
8978 0 2492 6200
868 0 2449 9429
869 0 2449 9434
870 0 2455 9435
871 0 2452 9440
4532 0 2443 9607
26 0 2452 9684
28 0 2453 9680
30 0 2455 9677
49 0 2455 9680
2834 0 2468 9696
2834 0 2471 9693
2834 0 2485 9704
2834 0 2488 9703
2834 0 2490 9698
2834 0 2491 9705
3045 0 2438 9700
3045 0 2439 9696
3045 0 2441 9698
4529 0 2449 9716
4530 0 2479 9679
4533 0 2432 9724
4533 0 2433 9687
4533 0 2434 9693
4533 0 2434 9721
4533 0 2435 9690
4533 0 2436 9725
4533 0 2437 9688
4533 0 2437 9692
4533 0 2437 9722
4533 0 2440 9689
6 0 2443 9785
6 0 2444 9777
6 0 2456 9777
6 0 2470 9782
6 0 2471 9776
7 0 2441 9775
7 0 2443 9781
7 0 2456 9790
7 0 2458 9780
7 0 2459 9774
7 0 2468 9778
105 0 2433 9771
105 0 2433 9784
6 0 2452 9794
6 0 2460 9793
486 0 2434 9817
486 0 2434 9824
486 0 2447 9822
486 0 2451 9817
486 0 2465 9830
486 0 2470 9834
486 0 2485 9822
486 0 2489 9818
487 0 2440 9821
487 0 2453 9822
487 0 2472 9830
487 0 2488 9827
2517 0 2475 9798
2517 0 2477 9807
2517 0 2483 9801
2518 0 2470 9803
2518 0 2472 9797
2518 0 2481 9799
2519 0 2468 9802
2519 0 2475 9808
1423 0 2464 9897
2834 0 2443 9862
2834 0 2451 9860
2834 0 2460 9860
2834 0 2469 9863
2854 0 2438 9885
2854 0 2442 9891
2854 0 2443 9882
2854 0 2447 9891
2854 0 2451 9882
2854 0 2452 9878
2854 0 2453 9890
2854 0 2456 9858
2854 0 2456 9872
2854 0 2456 9883
2854 0 2458 9877
2854 0 2460 9863
2854 0 2462 9890
2854 0 2467 9860
2854 0 2470 9888
2854 0 2475 9866
2854 0 2476 9887
2854 0 2481 9869
2854 0 2482 9865
2854 0 2488 9861
2854 0 2489 9866
2856 0 2450 9903
2856 0 2450 9912
2856 0 2456 9910
2856 0 2464 9908
2856 0 2466 9881
2856 0 2477 9896
2856 0 2482 9914
2856 0 2483 9888
2856 0 2488 9912
6081 0 2461 9895
6081 0 2465 9894
6081 0 2465 9899
101 0 2442 10159
101 0 2449 10160
101 0 2451 10165
101 0 2455 10164
101 0 2456 10161
101 0 2459 10166
101 0 2460 10153
103 0 2443 10158
103 0 2443 10159
103 0 2449 10164
103 0 2454 10159
103 0 2458 10160
103 0 2460 10155
103 0 2461 10154
103 0 2464 10165
103 0 2464 10167
103 0 2470 10164
103 0 2472 10162
3185 0 2443 10150
3185 0 2444 10141
3185 0 2445 10154
3185 0 2447 10140
3185 0 2451 10146
3185 0 2451 10161
3185 0 2454 10145
3185 0 2454 10149
3185 0 2455 10155
3185 0 2456 10136
3185 0 2457 10141
3185 0 2458 10156
3185 0 2459 10136
3185 0 2460 10131
3185 0 2461 10138
3185 0 2461 10163
3185 0 2463 10134
3185 0 2463 10158
3185 0 2464 10131
3185 0 2464 10161
3185 0 2466 10164
3185 0 2467 10137
3185 0 2468 10133
3185 0 2468 10158
3185 0 2469 10130
3185 0 2470 10136
3185 0 2470 10161
3185 0 2471 10138
3185 0 2471 10155
3185 0 2472 10134
3185 0 2473 10129
3185 0 2473 10141
3185 0 2474 10154
3185 0 2476 10143
3185 0 2476 10148
3185 0 2476 10156
3185 0 2478 10141
3185 0 2478 10152
3185 0 2479 10145
3185 0 2480 10148
3185 0 2482 10127
3185 0 2482 10143
3185 0 2482 10154
3185 0 2482 10157
3185 0 2485 10126
3185 0 2485 10153
3185 0 2485 10158
3185 0 2485 10163
3185 0 2486 10141
3185 0 2487 10131
3185 0 2487 10146
3185 0 2488 10137
3185 0 2488 10155
3185 0 2488 10162
5932 0 2444 10137
5932 0 2447 10164
5932 0 2448 10166
5932 0 2449 10167
5932 0 2451 10134
5932 0 2452 10133
5932 0 2452 10136
5932 0 2454 10126
5932 0 2454 10129
5932 0 2454 10132
5932 0 2458 10147
5932 0 2458 10148
5932 0 2459 10127
5932 0 2459 10169
5932 0 2460 10169
5932 0 2462 10128
5932 0 2465 10125
5932 0 2466 10141
5932 0 2467 10141
5932 0 2469 10125
5932 0 2474 10159
5932 0 2475 10126
5932 0 2477 10158
5932 0 2478 10158
5932 0 2481 10125
5932 0 2485 10123
5932 0 2485 10168
5932 0 2487 10124
5932 0 2489 10144
5932 0 2492 10139
5932 0 2492 10155
417 0 2459 10398
417 0 2459 10403
417 0 2461 10407
417 0 2463 10399
417 0 2464 10403
417 0 2467 10398
417 0 2475 10403
417 0 2478 10408
417 0 2480 10401
417 0 2481 10405
417 0 2482 10410
417 0 2485 10406
7260 0 2433 10417
7260 0 2435 10414
7260 0 2446 10430
7260 0 2479 10430
9293 0 2432 10392
9293 0 2434 10387
9293 0 2450 10380
9293 0 2450 10389
9293 0 2453 10384
9293 0 2455 10378
9293 0 2455 10390
9293 0 2459 10382
9293 0 2460 10388
7259 0 2434 10446
7259 0 2436 10451
7259 0 2440 10438
7259 0 2442 10446
7259 0 2446 10437
7259 0 2446 10461
7259 0 2447 10445
7259 0 2449 10455
7259 0 2451 10450
7259 0 2452 10432
7259 0 2456 10442
7259 0 2469 10448
7259 0 2473 10453
7259 0 2474 10445
7259 0 2477 10454
7259 0 2479 10448
7259 0 2480 10452
7259 0 2484 10443
7259 0 2487 10433
7260 0 2436 10447
7260 0 2438 10444
7260 0 2443 10436
7260 0 2444 10442
7260 0 2447 10457
7260 0 2450 10436
7260 0 2451 10458
7260 0 2452 10447
7260 0 2452 10453
7260 0 2455 10438
7260 0 2472 10436
7260 0 2474 10449
7260 0 2475 10433
7260 0 2478 10437
7260 0 2478 10444
7260 0 2481 10433
7260 0 2481 10436
7260 0 2481 10440
1338 0 2549 2860
1338 0 2557 2864
2845 0 2507 2869
2845 0 2512 2860
2845 0 2524 2855
2845 0 2527 2869
7947 0 2509 2838
7947 0 2515 2838
7974 0 2548 2863
7978 0 2559 2856
7984 0 2553 2868
1504 0 2525 2917
2908 0 2544 2910
2908 0 2550 2904
2908 0 2556 2895
2911 0 2497 2901
2911 0 2497 2909
2911 0 2501 2906
2911 0 2503 2881
2911 0 2507 2885
2911 0 2553 2935
2911 0 2556 2914
2911 0 2557 2932
2911 0 2557 2936
2911 0 2559 2911
2911 0 2559 2918
5529 0 2527 2893
5548 0 2499 2890
5548 0 2502 2892
5548 0 2504 2888
5548 0 2511 2914
5548 0 2513 2911
5548 0 2515 2914
5548 0 2523 2939
5548 0 2525 2933
5548 0 2526 2939
5548 0 2538 2884
5548 0 2543 2887
5548 0 2545 2882
5553 0 2532 2905
5553 0 2540 2898
5553 0 2540 2914
5553 0 2550 2893
5553 0 2551 2915
106 0 2496 2959
106 0 2498 2968
106 0 2500 2959
106 0 2502 2969
106 0 2509 2964
1359 0 2544 2973
1473 0 2523 2977
1473 0 2524 2981
1473 0 2525 2975
1473 0 2528 2983
1473 0 2530 2978
1473 0 2543 2984
1473 0 2545 2988
1473 0 2547 2982
1473 0 2551 2985
2095 0 2504 2965
2095 0 2504 2984
2095 0 2520 2973
2095 0 2525 2986
2095 0 2533 2977
2095 0 2536 2975
2095 0 2539 2990
2095 0 2549 2979
2095 0 2551 2955
2095 0 2552 2961
2854 0 2527 2986
2854 0 2531 2976
2854 0 2547 2990
3018 0 2517 2976
3018 0 2550 2981
1451 0 2543 3031
2095 0 2513 3026
2095 0 2522 3055
2095 0 2523 3057
2095 0 2529 3032
2095 0 2539 3018
2095 0 2541 3016
2095 0 2550 3043
2095 0 2550 3046
2095 0 2553 3047
2096 0 2510 3044
2096 0 2520 3046
2096 0 2526 3039
4362 0 2505 3032
4362 0 2512 3022
4362 0 2518 3041
4362 0 2528 3044
4369 0 2549 3029
4369 0 2551 3031
4370 0 2505 3062
4370 0 2507 3062
4371 0 2501 3012
4371 0 2503 3011
4372 0 2526 3018
4372 0 2529 3019
4373 0 2541 3029
4373 0 2541 3034
4381 0 2507 3036
4381 0 2507 3040
4401 0 2518 3035
4402 0 2528 3048
4403 0 2513 3034
4404 0 2525 3043
1320 0 2556 3078
2095 0 2496 3092
2095 0 2497 3089
2095 0 2500 3092
2095 0 2500 3097
2095 0 2503 3095
2095 0 2504 3133
2096 0 2502 3114
2096 0 2505 3111
2096 0 2507 3108
2096 0 2508 3119
2096 0 2509 3087
2096 0 2510 3084
2096 0 2513 3087
2096 0 2514 3081
4364 0 2506 3116
4365 0 2513 3084
4405 0 2540 3090
4405 0 2545 3113
4405 0 2546 3116
4405 0 2549 3112
4405 0 2554 3117
4406 0 2535 3091
5382 0 2550 3100
5383 0 2551 3078
5421 0 2540 3102
5421 0 2542 3094
5421 0 2543 3088
5421 0 2545 3094
5421 0 2546 3085
5421 0 2547 3091
6706 0 2540 3092
6706 0 2558 3090
106 0 2516 3197
106 0 2548 3179
234 0 2549 3139
238 0 2540 3167
2064 0 2498 3141
2064 0 2504 3140
2095 0 2554 3192
2098 0 2545 3144
2099 0 2548 3147
2100 0 2507 3149
2839 0 2501 3159
2854 0 2502 3184
2854 0 2506 3190
2854 0 2508 3187
2854 0 2509 3191
2854 0 2511 3188
2854 0 2512 3190
2854 0 2513 3187
2854 0 2516 3190
2854 0 2516 3191
2856 0 2517 3184
2863 0 2520 3187
3019 0 2535 3181
3019 0 2535 3183
3019 0 2536 3180
3019 0 2537 3183
3019 0 2541 3182
3019 0 2541 3188
3019 0 2542 3186
3019 0 2544 3191
3019 0 2548 3190
3028 0 2550 3197
3028 0 2552 3195
3028 0 2553 3198
3028 0 2555 3194
3045 0 2505 3176
3045 0 2519 3145
3045 0 2523 3155
3045 0 2542 3155
3045 0 2550 3166
3045 0 2557 3198
4963 0 2542 3169
4966 0 2524 3169
4979 0 2541 3168
4979 0 2541 3171
4979 0 2542 3167
4979 0 2542 3172
4980 0 2521 3177
6094 0 2526 3168
6094 0 2529 3163
6094 0 2530 3172
6094 0 2536 3169
6095 0 2521 3169
6095 0 2521 3171
6096 0 2522 3172
6265 0 2504 3191
6266 0 2514 3159
4964 0 2523 3211
4972 0 2509 3254
4975 0 2502 3261
4976 0 2524 3257
4977 0 2496 3235
5964 0 2502 3242
5964 0 2509 3241
5964 0 2511 3240
5964 0 2512 3246
5964 0 2514 3235
5964 0 2516 3246
5964 0 2517 3242
5964 0 2518 3248
5964 0 2518 3255
5964 0 2519 3244
5964 0 2519 3248
5964 0 2520 3242
5964 0 2522 3238
5964 0 2528 3248
5964 0 2529 3235
5964 0 2529 3252
5964 0 2530 3235
5964 0 2531 3235
5964 0 2536 3248
5964 0 2537 3241
5964 0 2537 3249
5964 0 2541 3243
5964 0 2543 3246
5965 0 2512 3233
5965 0 2516 3236
5965 0 2520 3232
5965 0 2522 3234
5965 0 2527 3239
5965 0 2528 3237
5965 0 2528 3239
5965 0 2529 3236
5965 0 2529 3237
5965 0 2529 3239
5965 0 2531 3243
5965 0 2532 3244
5965 0 2534 3238
5965 0 2538 3241
5965 0 2539 3243
5965 0 2544 3247
5966 0 2529 3225
5966 0 2529 3227
5966 0 2531 3212
5966 0 2532 3225
5966 0 2532 3226
5966 0 2533 3212
5966 0 2534 3212
5966 0 2537 3212
5966 0 2538 3212
5967 0 2507 3210
5967 0 2507 3211
5967 0 2530 3226
5967 0 2530 3227
5967 0 2531 3227
5967 0 2532 3212
5967 0 2532 3227
5967 0 2533 3226
5967 0 2536 3212
5967 0 2539 3212
5968 0 2506 3229
5968 0 2519 3210
5968 0 2522 3215
5968 0 2526 3218
5968 0 2526 3226
5968 0 2531 3209
5968 0 2531 3210
5968 0 2532 3209
5968 0 2532 3210
5968 0 2532 3220
5968 0 2533 3209
5968 0 2533 3210
5968 0 2534 3209
5968 0 2534 3210
5968 0 2536 3209
5968 0 2536 3210
5968 0 2536 3215
5968 0 2536 3234
5968 0 2537 3209
5968 0 2537 3210
5968 0 2538 3209
5968 0 2538 3210
5968 0 2539 3209
5968 0 2539 3210
5968 0 2542 3222
5968 0 2543 3217
5968 0 2545 3228
5968 0 2546 3211
5968 0 2553 3220
5969 0 2511 3210
5969 0 2515 3216
5969 0 2515 3230
5969 0 2519 3212
5969 0 2521 3218
5969 0 2524 3214
5969 0 2527 3203
5969 0 2529 3218
5969 0 2534 3220
5969 0 2540 3224
5969 0 2544 3225
5969 0 2547 3221
5969 0 2554 3233
5969 0 2555 3225
5970 0 2508 3209
5970 0 2510 3209
5970 0 2513 3216
5970 0 2517 3212
5970 0 2518 3217
5970 0 2520 3218
5970 0 2525 3204
5970 0 2525 3221
5970 0 2529 3220
5970 0 2536 3218
5970 0 2540 3219
5970 0 2548 3227
5970 0 2550 3228
5970 0 2551 3222
5970 0 2551 3230
5970 0 2552 3232
5970 0 2553 3224
5971 0 2500 3226
5971 0 2532 3217
5972 0 2524 3234
5972 0 2534 3217
5973 0 2530 3217
5973 0 2537 3236
6076 0 2510 3203
6076 0 2519 3204
6095 0 2556 3226
6100 0 2515 3205
32 0 2499 3286
34 0 2500 3283
37 0 2506 3284
52 0 2497 3292
54 0 2511 3287
85 0 2501 3289
89 0 2501 3294
1118 0 2509 3325
1119 0 2511 3322
1119 0 2540 3279
1130 0 2504 3326
1130 0 2509 3314
1130 0 2546 3277
1131 0 2510 3318
1131 0 2524 3271
1132 0 2504 3318
1132 0 2547 3277
1133 0 2518 3275
1133 0 2523 3307
1137 0 2529 3285
1139 0 2553 3275
1140 0 2519 3277
1141 0 2537 3324
1142 0 2513 3315
1152 0 2516 3274
4252 0 2536 3314
4255 0 2528 3317
4262 0 2502 3304
4262 0 2525 3308
4262 0 2531 3327
4262 0 2532 3274
4262 0 2548 3298
4262 0 2549 3323
4267 0 2500 3320
4267 0 2521 3283
4267 0 2527 3326
4267 0 2538 3304
4267 0 2544 3324
4267 0 2549 3282
4267 0 2549 3315
4267 0 2552 3326
4270 0 2540 3308
4271 0 2536 3308
5286 0 2542 3286
5287 0 2513 3294
5287 0 2518 3320
5287 0 2530 3274
5287 0 2535 3296
5311 0 2542 3306
5312 0 2540 3305
7382 0 2534 3273
7382 0 2539 3273
8968 0 2520 3314
9222 0 2524 3292
9222 0 2536 3294
9222 0 2538 3321
9223 0 2501 3315
9223 0 2513 3325
9223 0 2526 3279
9223 0 2528 3297
9223 0 2535 3288
9223 0 2548 3287
9224 0 2556 3266
9225 0 2559 3266
9226 0 2518 3309
9226 0 2526 3303
9226 0 2543 3309
9227 0 2552 3320
9229 0 2548 3324
9229 0 2550 3326
9229 0 2553 3325
9231 0 2545 3326
9231 0 2551 3322
9231 0 2555 3324
9232 0 2559 3304
1111 0 2510 3378
1111 0 2511 3383
1111 0 2515 3356
1111 0 2519 3356
1111 0 2521 3383
1111 0 2524 3362
1111 0 2525 3383
1112 0 2519 3366
1112 0 2525 3369
1112 0 2531 3368
1113 0 2508 3370
1113 0 2512 3374
1113 0 2518 3371
1113 0 2525 3380
1153 0 2523 3373
1153 0 2523 3376
1153 0 2526 3373
1153 0 2526 3376
1153 0 2529 3373
1153 0 2529 3376
1153 0 2531 3376
1153 0 2532 3373
2854 0 2499 3330
2854 0 2500 3331
2854 0 2503 3330
2854 0 2503 3333
2854 0 2508 3330
2854 0 2514 3330
2854 0 2514 3334
2854 0 2517 3332
2854 0 2518 3329
2854 0 2521 3329
2854 0 2525 3334
2854 0 2529 3328
2854 0 2530 3332
2854 0 2532 3330
2854 0 2535 3332
2894 0 2514 3385
4263 0 2531 3331
4264 0 2531 3333
4265 0 2530 3331
234 0 2556 3444
679 0 2535 3432
1508 0 2508 3421
1508 0 2527 3412
1508 0 2530 3412
1508 0 2533 3410
1508 0 2534 3403
1508 0 2537 3406
2090 0 2549 3408
2091 0 2554 3409
2092 0 2554 3401
2093 0 2556 3406
4179 0 2516 3428
4180 0 2528 3414
6104 0 2555 3444
1542 0 2500 3506
1542 0 2500 3512
1542 0 2504 3497
1542 0 2506 3493
1542 0 2520 3518
2914 0 2501 3487
4181 0 2522 3498
4182 0 2511 3484
5188 0 2554 3472
5189 0 2554 3476
1173 0 2554 3563
1174 0 2553 3562
1174 0 2553 3565
1544 0 2498 3547
1544 0 2511 3562
1544 0 2516 3575
1656 0 2536 3577
1657 0 2534 3568
1659 0 2525 3564
1660 0 2520 3568
1661 0 2526 3575
2153 0 2540 3548
3055 0 2546 3560
3056 0 2546 3565
3057 0 2549 3566
3059 0 2549 3570
3062 0 2544 3577
3069 0 2550 3563
3071 0 2548 3558
5227 0 2544 3567
5227 0 2544 3571
5229 0 2552 3570
4425 0 2508 3635
101 0 2502 3754
101 0 2514 3766
101 0 2522 3716
101 0 2523 3723
101 0 2534 3719
101 0 2537 3765
101 0 2553 3746
103 0 2501 3755
103 0 2512 3765
103 0 2512 3766
103 0 2521 3756
103 0 2524 3724
103 0 2529 3740
103 0 2530 3762
103 0 2531 3721
103 0 2532 3760
103 0 2541 3757
103 0 2543 3754
103 0 2548 3734
2260 0 2539 3739
3049 0 2503 3730
3049 0 2526 3739
10407 0 2544 3761
1099 0 2509 3848
2063 0 2499 3893
2063 0 2499 3896
2063 0 2500 3895
2063 0 2501 3896
2063 0 2501 3897
2063 0 2503 3898
2063 0 2505 3897
2063 0 2505 3899
3653 0 2550 3869
3654 0 2526 3893
3656 0 2527 3855
3661 0 2512 3862
3661 0 2512 3867
3661 0 2537 3892
3661 0 2539 3893
3661 0 2545 3893
3661 0 2547 3893
3662 0 2514 3859
3662 0 2516 3865
3663 0 2518 3865
3664 0 2549 3869
3664 0 2552 3866
3665 0 2545 3869
3665 0 2554 3871
3671 0 2551 3897
3672 0 2538 3852
3673 0 2514 3866
3674 0 2518 3859
3675 0 2501 3868
3676 0 2514 3855
3677 0 2502 3852
3678 0 2541 3896
3681 0 2513 3865
3682 0 2511 3871
3683 0 2511 3854
3684 0 2513 3866
3685 0 2512 3871
3686 0 2515 3863
3687 0 2518 3867
3688 0 2518 3866
3689 0 2516 3864
281 0 2553 4576
282 0 2547 4580
283 0 2530 4578
283 0 2550 4577
2848 0 2509 4550
2848 0 2513 4553
2848 0 2516 4552
2848 0 2518 4545
2848 0 2522 4556
2848 0 2524 4552
2848 0 2525 4549
4699 0 2528 4589
4705 0 2523 4567
4706 0 2541 4565
4709 0 2524 4567
4709 0 2540 4566
4712 0 2515 4591
4713 0 2528 4591
4424 0 2518 4633
1600 0 2534 4714
1601 0 2534 4719
1602 0 2508 4696
1603 0 2541 4715
391 0 2524 4777
393 0 2527 4777
2154 0 2528 5095
2155 0 2510 5084
2156 0 2511 5110
2157 0 2497 5101
2157 0 2502 5079
2157 0 2508 5102
2158 0 2508 5068
2159 0 2497 5082
2160 0 2500 5084
2167 0 2504 5098
2168 0 2510 5108
2168 0 2527 5099
2168 0 2532 5107
2169 0 2501 5101
2169 0 2528 5097
2171 0 2502 5098
2171 0 2513 5109
2171 0 2521 5085
2171 0 2532 5097
2172 0 2497 5093
2172 0 2515 5083
2172 0 2516 5118
2174 0 2519 5116
2175 0 2533 5105
2175 0 2538 5110
2176 0 2514 5107
2176 0 2535 5111
2176 0 2536 5101
2177 0 2502 5082
2178 0 2517 5085
2178 0 2527 5091
2178 0 2534 5113
2179 0 2505 5102
7676 0 2536 5086
7676 0 2541 5088
7679 0 2497 5085
7679 0 2499 5079
7679 0 2499 5099
7679 0 2504 5100
7679 0 2505 5073
7679 0 2505 5083
7679 0 2507 5104
7679 0 2510 5070
7679 0 2512 5105
7679 0 2513 5085
7679 0 2516 5072
7679 0 2516 5113
7679 0 2519 5080
7679 0 2520 5118
7679 0 2521 5087
7679 0 2527 5088
7679 0 2530 5101
7679 0 2532 5110
7679 0 2535 5104
7679 0 2536 5115
7682 0 2516 5115
7683 0 2513 5112
7683 0 2540 5116
7684 0 2509 5105
7684 0 2513 5115
7684 0 2516 5112
7684 0 2519 5115
7685 0 2524 5088
7685 0 2525 5094
7685 0 2531 5090
7685 0 2533 5095
7686 0 2508 5071
7686 0 2530 5097
7686 0 2533 5103
7687 0 2535 5091
7689 0 2523 5075
10626 0 2545 5110
2155 0 2537 5121
2156 0 2517 5132
2156 0 2529 5142
2157 0 2498 5140
2157 0 2502 5139
2158 0 2504 5139
2159 0 2520 5123
2167 0 2508 5139
2168 0 2500 5160
2168 0 2500 5172
2168 0 2508 5163
2168 0 2518 5162
2168 0 2523 5158
2168 0 2529 5133
2168 0 2537 5124
2169 0 2521 5162
2169 0 2543 5132
2170 0 2533 5142
2171 0 2510 5134
2171 0 2541 5128
2172 0 2506 5134
2172 0 2519 5125
2172 0 2523 5149
2172 0 2530 5139
2173 0 2506 5168
2174 0 2517 5158
2174 0 2522 5131
2175 0 2513 5134
2175 0 2526 5152
2176 0 2527 5142
2177 0 2497 5143
2177 0 2541 5122
2178 0 2501 5142
2178 0 2511 5136
2178 0 2516 5125
2179 0 2519 5128
7678 0 2542 5140
7679 0 2499 5143
7679 0 2505 5136
7679 0 2505 5142
7679 0 2513 5130
7679 0 2513 5160
7679 0 2515 5121
7679 0 2515 5128
7679 0 2520 5129
7679 0 2523 5155
7679 0 2524 5145
7679 0 2529 5135
7679 0 2533 5138
7679 0 2538 5129
7680 0 2550 5128
7682 0 2528 5145
7683 0 2531 5128
7684 0 2501 5169
7684 0 2503 5162
7684 0 2508 5135
7684 0 2519 5130
7686 0 2502 5143
7686 0 2510 5132
7686 0 2526 5132
7687 0 2517 5129
5178 0 2511 5536
5179 0 2512 5535
5180 0 2513 5533
5181 0 2511 5532
5182 0 2511 5563
6284 0 2512 5563
7118 0 2504 9072
7118 0 2506 9070
7118 0 2506 9076
7118 0 2510 9072
7118 0 2522 9044
7118 0 2526 9042
7118 0 2530 9042
7119 0 2504 9068
7119 0 2504 9076
7119 0 2509 9075
7119 0 2523 9042
7119 0 2526 9045
7119 0 2531 9040
1492 0 2516 9322
1492 0 2523 9317
2911 0 2512 9300
2911 0 2513 9294
2911 0 2513 9297
2911 0 2515 9289
2911 0 2518 9302
2911 0 2518 9305
2911 0 2519 9292
2911 0 2520 9288
2911 0 2520 9298
2911 0 2523 9302
2911 0 2525 9296
2911 0 2526 9289
2911 0 2528 9292
2911 0 2528 9303
2911 0 2529 9300
2854 0 2501 9430
2854 0 2502 9437
2854 0 2505 9461
2854 0 2509 9457
2854 0 2509 9464
2854 0 2514 9462
2854 0 2519 9454
2854 0 2524 9437
2854 0 2527 9412
2854 0 2533 9451
2854 0 2534 9441
2854 0 2540 9425
2854 0 2543 9415
2854 0 2543 9460
2854 0 2546 9418
2854 0 2547 9461
2854 0 2548 9413
2854 0 2548 9421
4374 0 2499 9433
4375 0 2523 9411
4376 0 2530 9465
4377 0 2515 9452
4378 0 2500 9451
4379 0 2503 9415
26 0 2541 9569
28 0 2548 9567
49 0 2539 9566
2834 0 2540 9566
2834 0 2542 9557
2834 0 2543 9564
3049 0 2513 9569
3049 0 2515 9568
3049 0 2515 9571
3049 0 2515 9573
3049 0 2519 9561
3049 0 2519 9571
3049 0 2522 9561
3049 0 2529 9555
3049 0 2533 9556
4183 0 2515 9581
6206 0 2541 9672
1151 0 2545 9746
3430 0 2546 9745
3431 0 2540 9741
3435 0 2539 9741
3983 0 2542 9744
4006 0 2537 9745
6205 0 2517 9755
26 0 2540 9823
29 0 2533 9842
30 0 2540 9843
50 0 2542 9840
51 0 2546 9842
70 0 2538 9816
77 0 2529 9841
78 0 2543 9847
78 0 2545 9822
80 0 2540 9813
81 0 2530 9846
234 0 2540 9820
234 0 2543 9813
234 0 2546 9817
891 0 2528 9843
891 0 2541 9845
891 0 2542 9819
2854 0 2542 9897
970 0 2513 10018
970 0 2518 10027
970 0 2520 10018
970 0 2522 10028
970 0 2527 10019
971 0 2515 10030
971 0 2518 10013
971 0 2521 10015
971 0 2522 10023
971 0 2524 10033
971 0 2532 10023
971 0 2535 10030
972 0 2514 10012
972 0 2524 10014
972 0 2526 10035
973 0 2515 10016
973 0 2523 10019
974 0 2511 10020
974 0 2514 10027
974 0 2534 10025
975 0 2519 10031
975 0 2527 10024
2250 0 2545 10141
2253 0 2543 10143
2256 0 2545 10145
2259 0 2497 10129
2259 0 2499 10126
2259 0 2499 10128
2259 0 2500 10123
2259 0 2502 10125
2259 0 2504 10128
2259 0 2505 10126
2259 0 2508 10128
2259 0 2509 10125
2259 0 2511 10130
2259 0 2513 10129
2259 0 2515 10124
2259 0 2515 10127
2259 0 2518 10121
2259 0 2518 10129
2259 0 2519 10126
2259 0 2521 10122
2259 0 2522 10120
2259 0 2522 10125
2259 0 2523 10128
2259 0 2525 10127
2259 0 2526 10124
2259 0 2528 10122
2259 0 2529 10125
2259 0 2529 10129
2259 0 2531 10122
2259 0 2531 10125
2259 0 2531 10129
2259 0 2533 10126
2259 0 2536 10123
2259 0 2536 10127
2259 0 2536 10130
2259 0 2538 10127
2259 0 2540 10127
2259 0 2541 10130
2259 0 2544 10131
2259 0 2545 10129
2259 0 2548 10130
2259 0 2550 10134
2262 0 2497 10165
2262 0 2500 10162
2262 0 2504 10161
2262 0 2504 10166
2262 0 2508 10159
2262 0 2508 10164
2262 0 2512 10160
2262 0 2513 10164
2262 0 2516 10161
2262 0 2518 10165
2262 0 2521 10158
2262 0 2521 10163
2262 0 2523 10166
2262 0 2526 10163
2262 0 2528 10161
2262 0 2531 10165
2262 0 2532 10160
2262 0 2536 10162
2262 0 2537 10158
2262 0 2538 10166
2262 0 2540 10162
2262 0 2542 10166
2262 0 2544 10158
2262 0 2546 10150
2262 0 2546 10155
2262 0 2546 10165
2262 0 2549 10153
5932 0 2546 10142
5932 0 2546 10144
5938 0 2496 10148
5938 0 2498 10146
5938 0 2500 10148
5938 0 2502 10143
5938 0 2503 10145
5938 0 2504 10143
5938 0 2504 10147
5938 0 2506 10150
5938 0 2508 10145
5938 0 2508 10149
5938 0 2509 10142
5938 0 2512 10144
5938 0 2512 10147
5938 0 2513 10142
5938 0 2514 10148
5938 0 2517 10144
5938 0 2517 10150
5938 0 2518 10141
5938 0 2520 10144
5938 0 2520 10148
5938 0 2522 10142
5938 0 2522 10149
5938 0 2523 10145
5938 0 2525 10147
5938 0 2526 10142
5938 0 2529 10144
5938 0 2530 10141
5938 0 2533 10142
5938 0 2536 10142
1078 0 2528 10259
1079 0 2506 10250
1080 0 2508 10260
1081 0 2521 10251
1082 0 2509 10257
1083 0 2523 10257
1084 0 2526 10263
1085 0 2531 10249
1091 0 2517 10263
1092 0 2519 10263
1093 0 2516 10262
1094 0 2504 10280
1095 0 2508 10278
1096 0 2529 10256
1262 0 2576 2868
1331 0 2589 2851
1334 0 2587 2851
1339 0 2564 2855
1339 0 2566 2861
1339 0 2574 2852
1339 0 2577 2857
1339 0 2578 2862
1339 0 2579 2845
1339 0 2581 2851
7960 0 2586 2867
7994 0 2569 2866
1348 0 2565 2903
1348 0 2567 2903
1348 0 2572 2929
1348 0 2572 2931
1348 0 2573 2896
1348 0 2573 2898
1348 0 2574 2909
1348 0 2574 2911
1348 0 2575 2916
1348 0 2575 2926
1348 0 2577 2926
1348 0 2581 2884
1348 0 2581 2886
1348 0 2584 2912
1348 0 2584 2914
2908 0 2563 2888
2908 0 2573 2883
5549 0 2585 2884
5549 0 2588 2886
5549 0 2591 2881
5549 0 2604 2916
5549 0 2605 2922
5549 0 2606 2893
5549 0 2607 2929
5549 0 2609 2897
5549 0 2609 2918
5549 0 2610 2934
5549 0 2612 2893
5549 0 2612 2900
5549 0 2612 2925
5549 0 2614 2938
5549 0 2615 2933
5553 0 2563 2920
5553 0 2566 2886
106 0 2602 2955
106 0 2605 2963
106 0 2607 2967
106 0 2610 2958
106 0 2610 2961
106 0 2610 2965
1473 0 2595 2964
1473 0 2595 2968
1473 0 2596 2962
1473 0 2596 2970
1473 0 2599 2962
1473 0 2599 2970
1473 0 2602 2969
1473 0 2603 2966
2095 0 2568 2991
2095 0 2574 2988
2095 0 2584 2967
2095 0 2585 2977
2095 0 2592 2965
2095 0 2608 2980
2095 0 2609 2990
2095 0 2614 2998
4362 0 2615 2987
290 0 2596 3056
290 0 2600 3062
290 0 2605 3057
290 0 2608 3061
2095 0 2561 3020
2095 0 2567 3046
2096 0 2571 3027
2096 0 2572 3031
2096 0 2575 3024
2096 0 2578 3031
2837 0 2571 3058
2837 0 2579 3066
2839 0 2606 3008
4366 0 2576 3027
4367 0 2577 3021
0 0 2573 3108
383 0 2606 3100
881 0 2588 3087
1120 0 2608 3116
1172 0 2585 3122
1501 0 2568 3082
1502 0 2567 3085
1613 0 2615 3092
1618 0 2615 3091
2561 0 2590 3092
2671 0 2578 3101
2790 0 2580 3117
2790 0 2582 3122
2790 0 2588 3119
2790 0 2604 3114
3106 0 2596 3104
3108 0 2596 3106
3248 0 2594 3089
3257 0 2588 3090
3257 0 2589 3084
5007 0 2595 3131
5007 0 2597 3120
5007 0 2606 3126
5007 0 2608 3134
5007 0 2614 3116
5007 0 2616 3126
5007 0 2621 3133
5007 0 2622 3118
6528 0 2615 3094
6706 0 2575 3090
6706 0 2599 3087
6706 0 2612 3092
6706 0 2614 3104
8685 0 2566 3098
1208 0 2584 3141
1208 0 2591 3139
1208 0 2595 3139
1208 0 2614 3150
1208 0 2617 3172
1208 0 2618 3159
1208 0 2618 3166
1209 0 2615 3141
1210 0 2610 3193
1211 0 2564 3146
1211 0 2567 3149
1211 0 2570 3142
1211 0 2577 3162
1211 0 2579 3171
1211 0 2580 3166
1211 0 2583 3149
1211 0 2589 3193
1211 0 2592 3182
1211 0 2592 3185
1211 0 2593 3179
1211 0 2594 3176
1211 0 2596 3184
1211 0 2598 3182
1211 0 2599 3193
1211 0 2606 3171
1211 0 2607 3183
1211 0 2607 3185
1211 0 2608 3186
1211 0 2609 3149
1211 0 2610 3149
1211 0 2614 3186
1213 0 2606 3154
1214 0 2566 3140
1215 0 2589 3142
1216 0 2587 3142
1217 0 2595 3142
1217 0 2616 3160
1217 0 2616 3163
1218 0 2598 3142
1219 0 2566 3199
1220 0 2616 3168
1221 0 2602 3154
1222 0 2601 3168
1223 0 2583 3171
1224 0 2608 3162
1225 0 2608 3165
1226 0 2608 3159
0 0 2619 3221
2677 0 2617 3227
3606 0 2569 3249
4244 0 2604 3209
4245 0 2614 3259
4246 0 2606 3217
4246 0 2608 3209
4246 0 2618 3209
5411 0 2607 3260
106 0 2616 3283
106 0 2620 3283
827 0 2597 3266
845 0 2596 3270
1115 0 2617 3299
1145 0 2612 3324
1198 0 2565 3271
1200 0 2570 3275
1201 0 2565 3273
1202 0 2571 3269
1203 0 2569 3272
1319 0 2575 3320
1495 0 2607 3264
2063 0 2592 3269
2063 0 2594 3271
2063 0 2596 3269
2094 0 2622 3272
2097 0 2622 3277
2835 0 2615 3266
2835 0 2619 3265
2835 0 2621 3266
2845 0 2610 3275
2845 0 2611 3275
2845 0 2611 3276
2845 0 2616 3275
2845 0 2616 3276
2848 0 2598 3276
2848 0 2600 3275
2848 0 2600 3279
2848 0 2603 3279
2848 0 2603 3281
2848 0 2604 3277
3024 0 2602 3267
3024 0 2603 3270
3024 0 2607 3268
3026 0 2601 3269
3026 0 2604 3272
3026 0 2605 3268
3026 0 2606 3271
3260 0 2584 3305
3260 0 2585 3289
3260 0 2587 3291
3293 0 2571 3307
3293 0 2572 3303
3293 0 2575 3296
3293 0 2577 3308
3293 0 2581 3286
3293 0 2581 3299
3293 0 2583 3292
3297 0 2582 3297
3299 0 2612 3316
3302 0 2603 3284
3302 0 2611 3269
3302 0 2619 3279
3444 0 2573 3321
3984 0 2614 3306
4273 0 2560 3304
4576 0 2562 3319
4589 0 2562 3320
4768 0 2612 3287
4768 0 2613 3287
4769 0 2611 3285
5235 0 2595 3277
5235 0 2602 3274
5235 0 2608 3279
5279 0 2599 3274
5279 0 2599 3278
5279 0 2601 3277
5279 0 2601 3282
5279 0 2602 3279
5279 0 2604 3276
5279 0 2605 3279
5279 0 2605 3280
5279 0 2606 3279
5310 0 2560 3288
5417 0 2617 3308
5519 0 2574 3325
5906 0 2622 3293
6705 0 2579 3298
6705 0 2581 3323
6705 0 2602 3264
6705 0 2604 3289
6705 0 2608 3297
8682 0 2613 3294
8683 0 2615 3292
8799 0 2569 3299
9232 0 2561 3303
9232 0 2561 3305
10420 0 2614 3318
520 0 2561 3355
520 0 2561 3357
520 0 2563 3355
520 0 2563 3358
1509 0 2561 3374
1509 0 2566 3370
1618 0 2618 3330
1618 0 2619 3330
2011 0 2592 3336
3260 0 2569 3387
3260 0 2572 3383
3260 0 2572 3388
3260 0 2575 3384
3985 0 2593 3358
3990 0 2597 3362
3991 0 2598 3361
3992 0 2597 3360
3993 0 2596 3359
4249 0 2573 3333
5301 0 2582 3329
6179 0 2609 3344
6179 0 2610 3343
6179 0 2610 3345
6180 0 2621 3367
6180 0 2622 3366
6180 0 2623 3367
6181 0 2560 3389
6181 0 2561 3388
6181 0 2561 3390
6182 0 2610 3391
6182 0 2611 3390
6182 0 2612 3391
6204 0 2568 3334
6523 0 2615 3330
6705 0 2588 3341
6705 0 2613 3341
9392 0 2567 3384
1510 0 2599 3419
1510 0 2602 3426
1510 0 2603 3419
1510 0 2604 3417
1510 0 2604 3426
1510 0 2606 3416
1510 0 2607 3410
1510 0 2608 3416
1510 0 2612 3411
1510 0 2612 3414
1510 0 2612 3415
1511 0 2601 3422
1511 0 2602 3412
1511 0 2602 3415
1511 0 2605 3420
1511 0 2605 3424
1511 0 2605 3425
1613 0 2584 3418
1613 0 2584 3419
1613 0 2584 3422
1618 0 2584 3421
1838 0 2594 3446
1838 0 2595 3449
1838 0 2596 3453
1838 0 2598 3440
1838 0 2598 3444
1838 0 2600 3435
1838 0 2605 3433
1838 0 2615 3423
1838 0 2616 3420
1838 0 2616 3450
1838 0 2617 3407
1838 0 2617 3425
1838 0 2619 3409
1838 0 2619 3421
1838 0 2620 3405
1838 0 2620 3407
1838 0 2620 3449
1839 0 2593 3445
1839 0 2593 3454
1839 0 2594 3452
1839 0 2595 3447
1839 0 2595 3454
1839 0 2596 3439
1839 0 2597 3443
1839 0 2597 3446
1839 0 2598 3437
1839 0 2598 3454
1839 0 2599 3434
1839 0 2600 3440
1839 0 2600 3445
1839 0 2601 3436
1839 0 2602 3433
1839 0 2604 3430
1839 0 2604 3434
1839 0 2605 3432
1839 0 2607 3433
1839 0 2613 3422
1839 0 2614 3424
1839 0 2614 3449
1839 0 2615 3421
1839 0 2615 3425
1839 0 2615 3453
1839 0 2616 3423
1839 0 2617 3405
1839 0 2617 3410
1839 0 2617 3448
1839 0 2618 3406
1839 0 2618 3422
1839 0 2619 3424
1839 0 2619 3450
1839 0 2620 3403
1839 0 2621 3405
1839 0 2621 3410
2002 0 2593 3446
2002 0 2601 3437
2002 0 2604 3431
2002 0 2613 3423
2002 0 2616 3424
2854 0 2592 3416
2913 0 2611 3393
3106 0 2603 3421
5195 0 2566 3453
5195 0 2578 3400
5196 0 2567 3428
5196 0 2568 3403
5197 0 2563 3398
5197 0 2569 3442
5199 0 2571 3442
5200 0 2563 3416
5201 0 2574 3409
5202 0 2579 3413
5202 0 2620 3394
5203 0 2586 3425
5203 0 2621 3393
5204 0 2583 3435
5204 0 2584 3412
5204 0 2623 3396
5205 0 2569 3410
5205 0 2576 3436
5205 0 2623 3397
5206 0 2563 3439
5206 0 2581 3395
5207 0 2568 3433
5207 0 2572 3396
5207 0 2584 3428
5208 0 2564 3407
5208 0 2572 3420
7730 0 2609 3443
7731 0 2612 3444
7732 0 2617 3444
7733 0 2620 3443
7735 0 2599 3425
7735 0 2614 3446
8684 0 2596 3400
2834 0 2571 3481
2834 0 2572 3472
2834 0 2578 3476
2834 0 2586 3473
2834 0 2591 3479
2834 0 2592 3484
2834 0 2594 3474
2854 0 2610 3479
2854 0 2611 3475
2854 0 2614 3478
3364 0 2575 3486
4064 0 2612 3474
5186 0 2572 3456
5187 0 2560 3456
5191 0 2567 3460
5192 0 2564 3456
3854 0 2620 3693
3950 0 2619 3671
3950 0 2622 3654
6535 0 2621 3683
7322 0 2621 3690
0 0 2596 3860
766 0 2620 3895
767 0 2615 3899
768 0 2604 3881
769 0 2594 3886
770 0 2614 3883
771 0 2603 3871
772 0 2603 3858
773 0 2605 3877
774 0 2603 3877
775 0 2605 3876
776 0 2602 3876
1100 0 2619 3865
2676 0 2591 3865
2685 0 2616 3859
3655 0 2576 3852
3657 0 2572 3860
3657 0 2577 3854
3657 0 2582 3851
3658 0 2594 3891
3659 0 2582 3864
3661 0 2602 3877
3661 0 2612 3897
3661 0 2612 3900
3661 0 2617 3897
3662 0 2601 3874
3662 0 2601 3878
3662 0 2606 3867
3663 0 2606 3877
3664 0 2560 3869
3664 0 2588 3874
3665 0 2592 3867
3680 0 2581 3847
3907 0 2580 3892
3907 0 2581 3888
3907 0 2585 3896
3907 0 2602 3901
233 0 2571 3907
2063 0 2579 3908
2063 0 2580 3910
2063 0 2581 3912
2063 0 2581 3915
2063 0 2581 3916
2063 0 2582 3908
2063 0 2583 3916
2063 0 2584 3907
2063 0 2584 3910
2063 0 2584 3913
2063 0 2584 3914
2063 0 2585 3918
2063 0 2586 3908
2063 0 2586 3911
2063 0 2586 3916
2063 0 2587 3913
2063 0 2587 3917
2063 0 2588 3907
2063 0 2588 3910
2063 0 2588 3915
2063 0 2590 3911
2063 0 2590 3914
2063 0 2590 3917
2063 0 2591 3908
2063 0 2593 3909
2063 0 2593 3911
1645 0 2563 4291
1645 0 2563 4348
1645 0 2568 4323
1645 0 2571 4305
1645 0 2571 4337
1645 0 2581 4300
1645 0 2584 4344
1645 0 2596 4296
1645 0 2609 4339
1645 0 2610 4304
1645 0 2615 4322
1645 0 2620 4291
1645 0 2620 4348
1646 0 2564 4321
1646 0 2574 4321
1646 0 2574 4331
1646 0 2587 4300
1646 0 2590 4348
1646 0 2592 4291
1646 0 2595 4343
1646 0 2612 4309
1646 0 2612 4327
1646 0 2619 4322
1647 0 2568 4296
1647 0 2568 4327
1647 0 2574 4311
1647 0 2580 4343
1647 0 2585 4296
1647 0 2597 4293
1647 0 2602 4346
1647 0 2609 4317
1647 0 2615 4298
1647 0 2615 4342
1647 0 2618 4321
1648 0 2568 4317
1648 0 2570 4330
1648 0 2574 4305
1648 0 2587 4342
1648 0 2590 4298
1648 0 2598 4340
1648 0 2611 4334
1648 0 2612 4310
1649 0 2574 4317
1649 0 2576 4337
1649 0 2585 4298
1649 0 2601 4343
1649 0 2612 4318
1650 0 2567 4319
1650 0 2591 4295
1650 0 2591 4340
1650 0 2615 4326
5734 0 2586 4314
5735 0 2592 4320
5738 0 2563 4292
5738 0 2564 4348
5738 0 2566 4294
5738 0 2566 4345
5738 0 2569 4297
5738 0 2570 4342
5738 0 2572 4300
5738 0 2572 4339
5738 0 2575 4303
5738 0 2575 4336
5738 0 2578 4306
5738 0 2578 4333
5738 0 2581 4309
5738 0 2581 4330
5738 0 2602 4310
5738 0 2602 4330
5738 0 2604 4306
5738 0 2605 4333
5738 0 2608 4303
5738 0 2608 4336
5738 0 2611 4300
5738 0 2611 4339
5738 0 2614 4297
5738 0 2614 4342
5738 0 2616 4294
5738 0 2617 4345
5738 0 2619 4291
5738 0 2619 4348
9390 0 2576 4336
9390 0 2610 4301
9391 0 2569 4342
9391 0 2570 4297
9391 0 2572 4321
9391 0 2575 4306
9391 0 2578 4334
9391 0 2591 4301
9391 0 2591 4339
9391 0 2605 4306
9391 0 2605 4334
9391 0 2610 4320
9391 0 2616 4343
9391 0 2617 4295
9392 0 2570 4332
9392 0 2574 4322
9392 0 2578 4299
9392 0 2585 4340
9392 0 2589 4299
9392 0 2598 4302
9392 0 2603 4340
9392 0 2609 4322
9392 0 2614 4308
9392 0 2615 4333
9394 0 2590 4319
9395 0 2590 4320
9396 0 2593 4319
9397 0 2591 4319
27 0 2605 4449
28 0 2612 4447
49 0 2603 4446
892 0 2579 4451
2834 0 2604 4446
2834 0 2606 4437
2834 0 2607 4444
3049 0 2576 4460
3049 0 2576 4462
3049 0 2579 4458
3049 0 2579 4461
3049 0 2579 4463
3049 0 2581 4462
3049 0 2582 4461
372 0 2599 4775
5497 0 2599 4772
5497 0 2603 4774
5497 0 2610 4774
5498 0 2598 4777
5498 0 2606 4778
5498 0 2608 4772
5499 0 2597 4779
5499 0 2598 4774
5499 0 2605 4777
5501 0 2600 4777
5501 0 2603 4769
5501 0 2607 4775
4522 0 2566 5189
4523 0 2566 5201
4524 0 2567 5195
4525 0 2577 5201
4526 0 2567 5202
1658 0 2589 5264
1659 0 2604 5290
1660 0 2583 5280
1661 0 2579 5290
1666 0 2602 5280
7118 0 2577 9052
7118 0 2577 9056
7118 0 2579 9061
7118 0 2582 9053
7118 0 2582 9059
7118 0 2586 9054
7119 0 2565 9046
7119 0 2567 9050
7119 0 2575 9054
7119 0 2578 9059
7119 0 2582 9060
7119 0 2583 9055
7119 0 2584 9058
70 0 2576 9436
70 0 2579 9461
70 0 2590 9437
265 0 2590 9461
265 0 2592 9431
266 0 2604 9443
267 0 2609 9459
268 0 2579 9445
269 0 2568 9437
2025 0 2586 9458
2025 0 2615 9426
2026 0 2618 9424
2027 0 2615 9423
2028 0 2612 9423
2834 0 2608 9421
2834 0 2612 9416
2834 0 2619 9427
2834 0 2620 9419
3019 0 2565 9443
3019 0 2576 9454
3019 0 2586 9423
3019 0 2588 9431
3019 0 2600 9432
3019 0 2604 9441
3019 0 2607 9460
3019 0 2608 9436
3019 0 2610 9446
3019 0 2617 9451
4362 0 2568 9432
4362 0 2573 9447
4362 0 2579 9441
4362 0 2580 9431
4362 0 2611 9454
4362 0 2616 9447
6208 0 2592 9436
6209 0 2582 9437
6210 0 2577 9451
6211 0 2599 9461
6212 0 2607 9451
6213 0 2606 9438
49 0 2583 9493
49 0 2590 9493
49 0 2593 9492
50 0 2584 9491
50 0 2591 9492
50 0 2593 9491
51 0 2587 9492
51 0 2590 9491
82 0 2562 9506
82 0 2564 9504
82 0 2564 9509
82 0 2565 9507
82 0 2567 9506
82 0 2568 9509
304 0 2613 9523
520 0 2611 9483
520 0 2611 9487
520 0 2612 9488
520 0 2613 9482
520 0 2613 9521
520 0 2614 9483
520 0 2614 9521
520 0 2614 9525
520 0 2615 9487
520 0 2616 9484
520 0 2616 9522
532 0 2576 9501
532 0 2578 9500
532 0 2579 9508
532 0 2580 9497
532 0 2580 9502
532 0 2583 9499
532 0 2588 9498
532 0 2594 9498
532 0 2598 9497
2834 0 2569 9530
2834 0 2571 9525
2834 0 2575 9525
2834 0 2599 9485
2834 0 2600 9480
2834 0 2601 9478
2834 0 2602 9484
2834 0 2607 9485
3246 0 2588 9489
5423 0 2613 9506
3023 0 2570 9567
3023 0 2575 9578
3023 0 2577 9580
3023 0 2578 9583
3023 0 2579 9577
3023 0 2579 9583
3023 0 2581 9583
3023 0 2582 9577
3023 0 2584 9575
3023 0 2590 9574
3023 0 2594 9569
3023 0 2596 9556
3023 0 2598 9570
3023 0 2599 9555
3023 0 2599 9565
3023 0 2600 9552
3023 0 2601 9559
3023 0 2603 9558
2095 0 2585 9608
2095 0 2586 9614
2095 0 2588 9606
2854 0 2568 9620
2854 0 2573 9612
2854 0 2579 9631
2854 0 2580 9600
2854 0 2580 9614
2854 0 2580 9620
2854 0 2580 9626
2854 0 2583 9632
2854 0 2584 9625
2854 0 2584 9637
2854 0 2589 9644
2854 0 2590 9601
2854 0 2590 9638
2854 0 2591 9601
2854 0 2591 9621
2854 0 2594 9636
2854 0 2594 9644
2854 0 2597 9604
2854 0 2607 9615
2854 0 2608 9628
2854 0 2614 9651
2854 0 2614 9656
2854 0 2615 9647
2854 0 2615 9661
2854 0 2616 9633
2854 0 2618 9630
2865 0 2573 9630
3017 0 2602 9640
3017 0 2603 9635
3017 0 2603 9638
3017 0 2605 9637
3017 0 2605 9639
3017 0 2606 9635
3017 0 2606 9646
3017 0 2607 9637
3017 0 2607 9641
3017 0 2607 9644
3017 0 2607 9648
3017 0 2608 9635
3017 0 2608 9642
3017 0 2609 9639
3017 0 2609 9643
3028 0 2564 9653
3028 0 2565 9655
3028 0 2566 9626
3028 0 2567 9653
3028 0 2569 9633
3028 0 2607 9621
3045 0 2562 9659
3045 0 2563 9661
3045 0 2599 9626
3045 0 2601 9627
3045 0 2605 9621
3045 0 2610 9620
3046 0 2562 9657
3046 0 2571 9653
3049 0 2566 9632
3049 0 2573 9626
3607 0 2579 9655
3607 0 2581 9659
3607 0 2583 9659
3607 0 2587 9656
3607 0 2589 9658
3608 0 2581 9656
3608 0 2589 9654
3608 0 2591 9656
3609 0 2584 9656
3609 0 2586 9659
3609 0 2591 9659
4247 0 2564 9609
4247 0 2566 9605
4248 0 2569 9606
1150 0 2574 9714
1199 0 2566 9670
1204 0 2609 9670
1206 0 2566 9683
1207 0 2602 9680
1207 0 2605 9670
1207 0 2607 9680
1207 0 2608 9674
1207 0 2610 9686
2854 0 2567 9680
2854 0 2569 9681
2854 0 2573 9690
2854 0 2576 9689
2854 0 2576 9691
2854 0 2577 9689
2854 0 2578 9688
2854 0 2600 9709
2854 0 2601 9711
2854 0 2602 9681
2854 0 2602 9709
2854 0 2605 9673
2854 0 2606 9688
2854 0 2607 9676
2854 0 2608 9683
2854 0 2617 9724
2854 0 2619 9724
2854 0 2619 9726
2866 0 2577 9692
8732 0 2574 9708
8800 0 2568 9709
8801 0 2570 9713
8801 0 2571 9705
2095 0 2581 9738
2095 0 2581 9742
2095 0 2584 9734
2095 0 2585 9738
2095 0 2587 9733
2095 0 2587 9740
2095 0 2590 9737
2834 0 2563 9753
2834 0 2565 9754
2834 0 2567 9752
2834 0 2569 9753
2834 0 2572 9752
1363 0 2620 9833
1363 0 2620 9836
2834 0 2596 9836
2834 0 2599 9837
2834 0 2606 9825
2834 0 2609 9817
2834 0 2609 9823
2834 0 2612 9815
2854 0 2573 9805
2854 0 2575 9803
2854 0 2578 9806
2854 0 2579 9804
2854 0 2583 9803
2854 0 2585 9804
2854 0 2585 9830
2854 0 2587 9803
2854 0 2588 9825
2854 0 2591 9801
2854 0 2592 9806
2854 0 2594 9801
2854 0 2599 9803
2854 0 2599 9812
2854 0 2601 9810
2854 0 2610 9806
2854 0 2612 9812
2854 0 2613 9805
2854 0 2613 9806
2865 0 2588 9806
2866 0 2585 9801
2866 0 2601 9801
2867 0 2580 9804
2867 0 2594 9803
5193 0 2592 9819
5195 0 2570 9845
5195 0 2584 9829
5196 0 2586 9832
5197 0 2591 9830
5198 0 2580 9825
5198 0 2584 9835
5199 0 2589 9834
5200 0 2587 9837
5201 0 2579 9841
5201 0 2591 9836
5202 0 2580 9847
5202 0 2594 9826
5203 0 2580 9850
5203 0 2584 9826
5204 0 2564 9836
5204 0 2568 9844
5205 0 2565 9835
5205 0 2569 9847
5206 0 2570 9850
5206 0 2597 9821
5207 0 2566 9849
5207 0 2595 9821
5208 0 2590 9821
82 0 2586 9884
82 0 2588 9883
82 0 2589 9886
84 0 2585 9878
84 0 2588 9880
84 0 2590 9882
84 0 2592 9884
2078 0 2568 9889
2078 0 2577 9890
2078 0 2577 9897
2078 0 2581 9895
2079 0 2565 9887
2079 0 2569 9886
2079 0 2573 9895
2079 0 2580 9890
2080 0 2562 9886
2080 0 2575 9891
2080 0 2578 9895
2854 0 2566 9877
2854 0 2566 9891
2854 0 2568 9898
2854 0 2572 9865
2854 0 2574 9889
2854 0 2583 9875
2854 0 2584 9896
2854 0 2604 9890
2854 0 2606 9897
3016 0 2572 9875
3016 0 2574 9876
3016 0 2576 9875
3016 0 2576 9877
3016 0 2580 9876
4009 0 2605 9915
4536 0 2565 9905
4536 0 2603 9904
4537 0 2607 9914
1086 0 2571 10278
1087 0 2573 10278
1088 0 2572 10277
1089 0 2573 10277
1090 0 2572 10278
1097 0 2595 10271
1097 0 2595 10280
1097 0 2597 10263
1097 0 2597 10275
1097 0 2598 10253
1097 0 2599 10257
1097 0 2599 10267
1097 0 2604 10247
1097 0 2605 10251
1097 0 2611 10251
1098 0 2577 10295
1098 0 2581 10297
1098 0 2583 10294
1098 0 2587 10294
1098 0 2589 10287
1098 0 2589 10291
1098 0 2592 10288
1755 0 2654 2663
1756 0 2659 2665
1757 0 2662 2649
1758 0 2662 2653
1759 0 2658 2668
1760 0 2656 2658
1761 0 2667 2654
1762 0 2662 2661
1763 0 2666 2651
1764 0 2668 2651
1765 0 2667 2660
1766 0 2649 2659
1767 0 2658 2652
1768 0 2648 2665
1769 0 2659 2676
1771 0 2657 2637
1772 0 2644 2641
1773 0 2638 2656
2060 0 2667 2657
5513 0 2667 2648
6713 0 2652 2655
6713 0 2658 2658
6713 0 2662 2654
1470 0 2630 2981
6259 0 2651 2962
6260 0 2655 2964
3019 0 2671 3107
3019 0 2672 3109
3020 0 2667 3090
3020 0 2669 3091
3020 0 2670 3087
3020 0 2670 3089
3020 0 2672 3093
3020 0 2673 3085
3020 0 2673 3088
3020 0 2673 3092
3020 0 2674 3096
3020 0 2674 3111
3020 0 2677 3097
3020 0 2678 3084
3020 0 2678 3091
3020 0 2680 3081
3020 0 2680 3090
3020 0 2680 3094
3020 0 2680 3110
3020 0 2681 3086
3020 0 2681 3094
3020 0 2681 3114
3020 0 2683 3088
1330 0 2673 3144
1332 0 2675 3144
1358 0 2678 3153
2888 0 2641 3171
2888 0 2655 3152
5607 0 2668 3162
888 0 2666 3246
1025 0 2671 3240
3587 0 2650 3227
3596 0 2645 3229
3597 0 2645 3224
3598 0 2645 3230
3599 0 2643 3226
5007 0 2625 3203
5007 0 2625 3217
5007 0 2629 3233
5007 0 2630 3210
5007 0 2632 3202
5007 0 2633 3222
5007 0 2633 3243
5007 0 2639 3206
5007 0 2639 3230
6154 0 2639 3219
6156 0 2640 3221
6157 0 2638 3220
6158 0 2640 3220
114 0 2624 3319
114 0 2624 3327
114 0 2641 3315
114 0 2646 3325
279 0 2665 3311
746 0 2684 3274
1613 0 2657 3286
1618 0 2657 3280
1977 0 2683 3275
2837 0 2629 3266
2837 0 2634 3265
2838 0 2632 3280
2838 0 2633 3274
3097 0 2639 3291
3260 0 2629 3295
3260 0 2632 3299
3294 0 2653 3315
3294 0 2657 3307
3295 0 2630 3288
3295 0 2647 3306
3295 0 2667 3316
3297 0 2652 3318
3297 0 2653 3300
3297 0 2669 3298
3297 0 2671 3313
3650 0 2679 3275
5313 0 2644 3274
5313 0 2644 3276
5313 0 2647 3271
5314 0 2683 3326
5315 0 2635 3311
5418 0 2651 3307
5418 0 2659 3309
5418 0 2660 3309
5418 0 2661 3309
5418 0 2663 3301
5418 0 2664 3318
5418 0 2665 3300
6528 0 2657 3283
6705 0 2648 3327
6705 0 2653 3284
6705 0 2661 3306
6705 0 2687 3305
8681 0 2653 3295
8722 0 2658 3316
8723 0 2669 3303
8724 0 2654 3311
8725 0 2669 3310
8726 0 2658 3296
8727 0 2666 3295
8728 0 2656 3301
10419 0 2655 3321
10430 0 2635 3294
0 0 2671 3368
222 0 2663 3334
224 0 2666 3330
226 0 2669 3331
228 0 2671 3330
230 0 2664 3329
503 0 2646 3364
1172 0 2674 3351
1262 0 2656 3359
1262 0 2656 3375
2665 0 2668 3374
2693 0 2650 3366
2693 0 2650 3375
2693 0 2651 3360
2693 0 2652 3373
2693 0 2653 3362
2693 0 2654 3357
2693 0 2655 3368
2693 0 2656 3364
2693 0 2656 3371
2693 0 2656 3378
2790 0 2657 3341
2790 0 2658 3351
2790 0 2660 3344
2790 0 2664 3341
2790 0 2664 3348
2790 0 2664 3352
2790 0 2666 3344
2790 0 2670 3348
2790 0 2671 3342
2790 0 2672 3354
3095 0 2664 3330
3114 0 2645 3367
3114 0 2652 3351
3260 0 2659 3332
5418 0 2635 3339
5418 0 2636 3340
5418 0 2637 3339
5730 0 2636 3364
6705 0 2634 3336
6705 0 2640 3336
1173 0 2650 3442
1173 0 2651 3441
1174 0 2650 3441
1174 0 2651 3442
4069 0 2641 3437
4072 0 2643 3440
4073 0 2634 3425
4074 0 2629 3415
4075 0 2650 3452
4079 0 2630 3435
4080 0 2637 3444
4081 0 2632 3425
4082 0 2627 3415
6056 0 2655 3429
6056 0 2656 3428
6056 0 2659 3438
6056 0 2663 3425
6056 0 2666 3415
6056 0 2669 3415
6056 0 2669 3441
6056 0 2670 3438
6056 0 2673 3439
6056 0 2675 3428
6056 0 2682 3430
6057 0 2658 3439
6058 0 2678 3434
6059 0 2667 3436
6060 0 2673 3434
6069 0 2661 3419
6070 0 2669 3418
6071 0 2659 3429
6071 0 2659 3431
6185 0 2637 3440
7511 0 2655 3425
114 0 2625 3502
114 0 2628 3484
114 0 2631 3472
114 0 2636 3503
114 0 2645 3488
114 0 2659 3478
114 0 2665 3471
114 0 2666 3506
114 0 2669 3488
114 0 2674 3504
382 0 2683 3484
4076 0 2650 3468
0 0 2663 3521
2673 0 2666 3530
106 0 2647 3584
106 0 2680 3585
106 0 2682 3592
3912 0 2626 3633
3912 0 2630 3631
3912 0 2630 3637
3912 0 2641 3626
3912 0 2642 3622
3912 0 2644 3627
3921 0 2655 3592
3930 0 2660 3646
3931 0 2664 3646
5526 0 2659 3627
802 0 2673 3683
809 0 2660 3680
810 0 2657 3680
811 0 2658 3679
812 0 2659 3678
813 0 2667 3684
1172 0 2678 3670
1173 0 2679 3665
1173 0 2680 3664
1174 0 2679 3663
1174 0 2681 3663
1175 0 2680 3662
1883 0 2644 3710
1900 0 2644 3709
3495 0 2658 3700
3496 0 2675 3671
3894 0 2641 3680
3895 0 2634 3668
3896 0 2666 3693
3905 0 2624 3702
3905 0 2625 3710
3905 0 2630 3710
3905 0 2635 3697
3905 0 2636 3710
3905 0 2641 3704
3906 0 2628 3701
3906 0 2628 3706
3906 0 2632 3700
3906 0 2633 3707
3906 0 2635 3703
3913 0 2633 3687
3913 0 2633 3690
3913 0 2633 3693
3914 0 2639 3694
3914 0 2642 3693
3914 0 2642 3696
3914 0 2642 3699
3915 0 2642 3708
3915 0 2645 3708
3915 0 2648 3708
3915 0 2648 3711
3916 0 2655 3673
3917 0 2658 3674
3920 0 2660 3673
3924 0 2660 3653
3925 0 2646 3660
3926 0 2659 3669
3927 0 2658 3660
3928 0 2657 3663
3929 0 2660 3663
3932 0 2662 3673
3933 0 2625 3675
3934 0 2641 3699
3935 0 2663 3694
3936 0 2629 3693
3937 0 2642 3677
3938 0 2674 3675
3939 0 2679 3690
3940 0 2676 3665
3941 0 2666 3652
3942 0 2667 3702
3943 0 2655 3652
3944 0 2640 3651
3945 0 2627 3654
3946 0 2674 3677
3947 0 2646 3675
3948 0 2640 3675
3949 0 2635 3676
3949 0 2644 3670
3949 0 2644 3677
3949 0 2644 3683
3949 0 2650 3676
3950 0 2625 3664
3950 0 2630 3676
3950 0 2634 3651
3950 0 2643 3674
3950 0 2650 3652
3950 0 2655 3691
3950 0 2666 3678
3950 0 2668 3658
3950 0 2668 3670
3950 0 2668 3710
3950 0 2673 3695
3950 0 2685 3653
4489 0 2659 3698
4490 0 2670 3662
5388 0 2666 3705
6714 0 2640 3656
6714 0 2643 3679
6714 0 2663 3656
6714 0 2670 3675
6714 0 2672 3708
6714 0 2678 3695
6714 0 2684 3657
7504 0 2640 3697
101 0 2666 3715
101 0 2667 3727
101 0 2671 3724
101 0 2672 3732
101 0 2675 3729
101 0 2677 3721
101 0 2681 3727
101 0 2681 3733
101 0 2683 3716
103 0 2663 3716
103 0 2669 3718
103 0 2670 3727
103 0 2673 3716
103 0 2676 3713
103 0 2677 3717
103 0 2677 3733
103 0 2678 3729
103 0 2684 3720
103 0 2686 3713
103 0 2687 3724
3050 0 2656 3720
3050 0 2656 3727
3050 0 2661 3731
3050 0 2669 3725
3050 0 2675 3731
856 0 2629 4053
856 0 2633 4053
857 0 2630 4056
857 0 2632 4056
858 0 2631 4053
859 0 2634 4056
2020 0 2648 4514
2021 0 2648 4519
1262 0 2653 4716
1263 0 2658 4713
1264 0 2657 4705
1512 0 2668 4710
1512 0 2673 4708
1512 0 2679 4702
1838 0 2662 4686
1838 0 2664 4682
1838 0 2666 4687
1838 0 2668 4678
1838 0 2668 4682
1838 0 2668 4688
1838 0 2670 4682
1839 0 2662 4683
1839 0 2662 4685
1839 0 2663 4686
1839 0 2664 4681
1839 0 2665 4684
1839 0 2666 4679
1839 0 2666 4682
1839 0 2666 4686
1839 0 2667 4677
1839 0 2668 4679
1839 0 2668 4687
1839 0 2669 4684
1839 0 2670 4679
1839 0 2670 4681
1839 0 2670 4688
2002 0 2663 4687
2002 0 2667 4678
2002 0 2669 4685
2693 0 2650 4711
2693 0 2652 4714
2693 0 2659 4707
2696 0 2653 4713
2697 0 2657 4710
2698 0 2653 4709
2698 0 2657 4707
2699 0 2659 4714
2786 0 2656 4714
2787 0 2653 4706
4056 0 2631 4677
4056 0 2631 4687
4056 0 2632 4682
4056 0 2638 4680
4056 0 2638 4690
4056 0 2641 4686
4061 0 2637 4722
4061 0 2648 4718
4061 0 2649 4703
4061 0 2660 4721
4061 0 2661 4698
680 0 2626 5065
680 0 2637 5099
680 0 2638 5058
680 0 2644 5090
680 0 2658 5082
680 0 2666 5097
680 0 2680 5074
681 0 2627 5093
681 0 2629 5061
681 0 2638 5090
681 0 2651 5105
681 0 2654 5079
681 0 2663 5116
681 0 2683 5059
681 0 2685 5111
7118 0 2666 9044
7118 0 2667 9041
7118 0 2668 9039
7118 0 2671 9039
7118 0 2671 9045
7118 0 2673 9046
7119 0 2666 9042
7119 0 2669 9045
7119 0 2670 9040
7119 0 2673 9043
7119 0 2674 9045
7118 0 2629 9113
7118 0 2633 9117
7118 0 2634 9109
7118 0 2636 9117
7118 0 2638 9103
7118 0 2638 9113
7118 0 2639 9109
7118 0 2639 9118
7118 0 2642 9111
7118 0 2644 9110
7118 0 2644 9115
7118 0 2657 9150
7118 0 2659 9151
7118 0 2660 9147
7118 0 2660 9149
7118 0 2663 9148
7118 0 2665 9149
7118 0 2665 9151
7118 0 2667 9147
7119 0 2631 9110
7119 0 2631 9115
7119 0 2634 9114
7119 0 2636 9108
7119 0 2640 9114
7119 0 2642 9117
7119 0 2643 9108
7118 0 2638 9195
7118 0 2639 9193
7118 0 2640 9199
7118 0 2643 9195
7118 0 2644 9199
7118 0 2645 9192
7118 0 2657 9155
7118 0 2660 9153
7118 0 2664 9157
7118 0 2665 9199
7118 0 2665 9203
7118 0 2666 9153
7118 0 2669 9198
7118 0 2670 9206
7118 0 2672 9202
7119 0 2637 9198
7119 0 2642 9193
7119 0 2642 9200
7119 0 2646 9197
7119 0 2657 9153
7119 0 2660 9156
7119 0 2663 9154
7119 0 2666 9156
7119 0 2666 9202
7119 0 2667 9197
7119 0 2667 9205
7119 0 2668 9200
7119 0 2671 9199
7119 0 2671 9205
7118 0 2629 9252
7118 0 2629 9255
7118 0 2629 9261
7118 0 2632 9258
7118 0 2633 9252
7118 0 2634 9253
7119 0 2627 9254
7119 0 2629 9258
7119 0 2631 9251
7119 0 2631 9261
7119 0 2635 9255
1471 0 2650 9393
1472 0 2640 9391
271 0 2632 9457
271 0 2636 9450
271 0 2639 9456
271 0 2642 9446
271 0 2646 9455
273 0 2661 9453
273 0 2663 9459
273 0 2666 9452
273 0 2670 9447
273 0 2670 9459
273 0 2673 9453
273 0 2674 9442
273 0 2678 9457
275 0 2632 9420
275 0 2637 9425
275 0 2638 9432
275 0 2639 9418
275 0 2646 9424
275 0 2646 9431
275 0 2653 9427
275 0 2655 9419
275 0 2663 9417
7667 0 2683 9434
112 0 2657 9515
112 0 2662 9515
112 0 2662 9517
112 0 2662 9522
112 0 2666 9523
112 0 2667 9513
112 0 2671 9519
112 0 2672 9515
2078 0 2658 9501
2078 0 2659 9481
2079 0 2664 9482
2080 0 2655 9480
2080 0 2667 9496
2090 0 2642 9492
2090 0 2645 9532
2091 0 2636 9528
2091 0 2647 9487
2092 0 2646 9484
2093 0 2642 9518
2090 0 2636 9544
2090 0 2651 9564
2090 0 2653 9574
2090 0 2663 9556
2090 0 2670 9544
2091 0 2640 9583
2091 0 2647 9554
2091 0 2673 9592
2091 0 2680 9544
2092 0 2648 9537
2092 0 2654 9587
2092 0 2680 9594
2092 0 2682 9573
2093 0 2659 9548
1011 0 2660 9622
1014 0 2647 9635
1015 0 2664 9628
1016 0 2653 9632
1019 0 2656 9643
4602 0 2664 9626
4603 0 2663 9623
4613 0 2649 9638
4613 0 2651 9641
4613 0 2653 9636
4613 0 2654 9642
4613 0 2655 9637
4613 0 2665 9625
4614 0 2649 9641
4614 0 2653 9638
4614 0 2654 9636
4614 0 2661 9625
4615 0 2650 9635
4615 0 2650 9642
4615 0 2652 9637
4615 0 2655 9639
4615 0 2662 9623
4615 0 2663 9625
49 0 2676 9687
50 0 2676 9684
51 0 2675 9680
2854 0 2641 9698
2854 0 2645 9711
2854 0 2669 9681
2854 0 2673 9678
2854 0 2680 9701
2856 0 2631 9695
2856 0 2647 9701
2856 0 2647 9716
2857 0 2636 9697
2857 0 2644 9708
2857 0 2651 9700
2858 0 2642 9712
2858 0 2644 9696
3017 0 2648 9761
3017 0 2653 9764
82 0 2658 9820
82 0 2664 9831
82 0 2667 9824
82 0 2670 9828
82 0 2671 9822
2834 0 2659 9809
2834 0 2663 9804
2834 0 2665 9812
3024 0 2637 9809
3024 0 2639 9814
3024 0 2641 9811
3024 0 2641 9819
3024 0 2644 9822
77 0 2664 9877
82 0 2637 9891
82 0 2641 9889
82 0 2645 9891
82 0 2648 9890
82 0 2653 9892
82 0 2657 9894
82 0 2658 9888
82 0 2660 9885
82 0 2660 9890
2007 0 2631 9880
2008 0 2632 9874
2018 0 2630 9867
3445 0 2638 9899
3445 0 2648 9901
3445 0 2649 9912
3446 0 2636 9910
3446 0 2646 9906
3447 0 2656 9875
831 0 2655 10389
831 0 2655 10402
831 0 2660 10378
839 0 2670 10395
840 0 2670 10397
841 0 2648 10384
852 0 2641 10426
853 0 2644 10424
854 0 2647 10425
855 0 2650 10423
1983 0 2655 10408
5234 0 2694 2706
5240 0 2718 2726
5240 0 2741 2712
5241 0 2696 2709
5241 0 2713 2697
5241 0 2737 2695
5243 0 2716 2722
5243 0 2721 2729
5243 0 2732 2714
5243 0 2738 2722
5243 0 2742 2704
5243 0 2742 2711
5243 0 2749 2710
5244 0 2716 2719
5244 0 2726 2712
5244 0 2731 2724
5244 0 2740 2721
5244 0 2742 2707
1450 0 2693 2784
5241 0 2694 2761
5241 0 2698 2788
5241 0 2723 2805
5243 0 2700 2776
5243 0 2704 2769
5243 0 2705 2785
5243 0 2714 2781
5243 0 2722 2790
5244 0 2701 2762
5244 0 2702 2780
5244 0 2703 2769
5244 0 2715 2782
5244 0 2724 2787
5244 0 2727 2791
5268 0 2743 2795
5270 0 2738 2794
5273 0 2713 2753
5273 0 2713 2755
5273 0 2713 2757
5273 0 2713 2761
5273 0 2715 2763
5273 0 2727 2763
5273 0 2729 2753
5273 0 2729 2755
5273 0 2729 2757
6813 0 2712 2756
6813 0 2713 2759
6813 0 2729 2759
6813 0 2729 2761
6813 0 2730 2756
7175 0 2726 2765
7177 0 2726 2766
7197 0 2712 2792
7198 0 2711 2802
330 0 2735 3188
330 0 2736 3184
330 0 2743 3175
330 0 2744 3190
330 0 2748 3177
330 0 2750 3181
530 0 2723 3159
530 0 2724 3158
530 0 2724 3161
530 0 2725 3163
530 0 2728 3158
530 0 2729 3158
530 0 2729 3164
530 0 2730 3162
530 0 2731 3161
2345 0 2745 3152
2845 0 2733 3165
2845 0 2734 3147
2845 0 2739 3169
2845 0 2749 3151
2845 0 2751 3166
2848 0 2732 3176
2848 0 2742 3159
2090 0 2698 3206
2091 0 2692 3204
2091 0 2695 3216
2092 0 2691 3215
2093 0 2699 3212
3025 0 2715 3218
3025 0 2719 3223
3025 0 2720 3212
3025 0 2722 3220
3025 0 2724 3215
3025 0 2729 3224
3025 0 2733 3225
1173 0 2691 3273
1173 0 2695 3274
1174 0 2691 3277
1174 0 2692 3271
4789 0 2732 3290
5064 0 2710 3283
5067 0 2716 3302
5071 0 2720 3306
6242 0 2740 3310
6243 0 2711 3292
6244 0 2722 3283
6245 0 2715 3278
6245 0 2721 3292
6246 0 2716 3289
6246 0 2733 3284
6247 0 2728 3274
6247 0 2737 3300
6248 0 2716 3278
6248 0 2722 3292
6249 0 2706 3285
6249 0 2717 3289
6249 0 2734 3284
6250 0 2729 3274
6252 0 2719 3304
2838 0 2691 3341
2838 0 2692 3333
2838 0 2694 3344
2838 0 2698 3331
2838 0 2702 3344
2838 0 2706 3330
2838 0 2708 3336
2838 0 2716 3336
2838 0 2718 3330
3951 0 2726 3349
3952 0 2731 3348
10712 0 2724 3368
10713 0 2724 3378
118 0 2719 3431
2837 0 2700 3423
2837 0 2700 3442
5522 0 2744 3444
6586 0 2733 3415
280 0 2739 3481
1318 0 2690 3493
1357 0 2705 3474
1613 0 2721 3495
1613 0 2724 3495
1613 0 2729 3495
1618 0 2722 3495
1618 0 2726 3496
1618 0 2727 3495
1618 0 2729 3496
1995 0 2737 3466
3097 0 2737 3502
3106 0 2694 3497
3106 0 2713 3480
3107 0 2693 3489
3108 0 2698 3491
3111 0 2691 3496
3111 0 2696 3497
3111 0 2697 3497
3112 0 2690 3489
3112 0 2699 3494
4227 0 2695 3495
4335 0 2734 3470
4336 0 2735 3468
5231 0 2702 3475
5231 0 2705 3473
5231 0 2714 3471
5231 0 2716 3485
6172 0 2723 3492
6172 0 2728 3492
6560 0 2728 3495
106 0 2706 3580
106 0 2717 3569
518 0 2735 3521
518 0 2749 3521
1172 0 2739 3560
1173 0 2735 3559
1173 0 2736 3562
1174 0 2738 3560
1513 0 2714 3532
1513 0 2714 3533
1513 0 2716 3530
1513 0 2718 3529
2790 0 2733 3561
2854 0 2720 3583
2854 0 2725 3576
2854 0 2728 3580
2854 0 2730 3571
2854 0 2730 3574
4213 0 2750 3576
4214 0 2736 3575
4215 0 2734 3581
4217 0 2731 3579
4218 0 2741 3562
4219 0 2742 3555
4228 0 2750 3580
6194 0 2739 3577
6195 0 2734 3575
6196 0 2748 3559
6198 0 2739 3581
6200 0 2742 3577
7306 0 2689 3550
2837 0 2741 3605
2838 0 2691 3612
2838 0 2721 3643
3901 0 2725 3602
3901 0 2738 3597
3902 0 2738 3635
3902 0 2739 3636
3902 0 2740 3636
3903 0 2736 3638
3903 0 2737 3635
3903 0 2738 3636
3903 0 2739 3635
3903 0 2740 3638
3908 0 2689 3612
3908 0 2691 3614
3908 0 2719 3643
3908 0 2723 3643
3909 0 2691 3610
3909 0 2693 3612
3909 0 2721 3641
3909 0 2721 3646
3910 0 2739 3605
3910 0 2743 3605
6129 0 2723 3622
7318 0 2705 3634
1375 0 2714 3672
2849 0 2708 3672
2849 0 2730 3659
3911 0 2707 3670
3911 0 2710 3672
3911 0 2728 3661
3911 0 2732 3659
101 0 2700 3718
101 0 2702 3720
101 0 2704 3727
101 0 2708 3719
101 0 2712 3719
101 0 2716 3721
103 0 2694 3724
103 0 2701 3728
103 0 2703 3716
103 0 2705 3725
103 0 2711 3715
103 0 2712 3725
103 0 2715 3729
103 0 2719 3719
828 0 2707 3734
1347 0 2707 3774
1347 0 2711 3768
1347 0 2712 3773
1347 0 2714 3770
1347 0 2715 3764
1347 0 2715 3766
1347 0 2716 3770
1347 0 2720 3764
3904 0 2694 3752
3904 0 2697 3755
3904 0 2700 3758
3904 0 2704 3760
3904 0 2708 3760
3904 0 2714 3760
4488 0 2724 3729
5550 0 2714 3765
5550 0 2716 3775
5550 0 2719 3769
5550 0 2727 3772
5550 0 2731 3767
5550 0 2733 3775
5550 0 2736 3765
5550 0 2740 3770
8413 0 2706 3732
1347 0 2705 3780
1347 0 2711 3778
1347 0 2715 3779
1347 0 2717 3776
2907 0 2696 3790
2907 0 2702 3790
2907 0 2708 3796
2907 0 2725 3791
2907 0 2734 3780
2907 0 2741 3790
5554 0 2696 3786
5554 0 2701 3804
5554 0 2712 3797
5554 0 2714 3777
5554 0 2737 3778
5554 0 2737 3792
5555 0 2700 3782
5555 0 2704 3797
5555 0 2721 3778
5555 0 2730 3778
5555 0 2739 3778
5555 0 2741 3783
3613 0 2713 4438
3613 0 2716 4443
3613 0 2719 4442
3613 0 2724 4442
3613 0 2728 4445
3613 0 2729 4447
3613 0 2735 4435
3613 0 2738 4439
3621 0 2727 4509
3622 0 2697 4498
3623 0 2715 4516
3624 0 2739 4528
85 0 2714 4892
86 0 2731 4893
87 0 2712 4898
89 0 2712 4908
91 0 2730 4907
913 0 2723 4897
1987 0 2721 4910
680 0 2693 5075
680 0 2695 5089
680 0 2697 5096
680 0 2703 5064
680 0 2710 5105
680 0 2719 5078
680 0 2719 5112
680 0 2720 5096
680 0 2726 5086
680 0 2729 5096
680 0 2735 5061
680 0 2740 5069
680 0 2740 5085
680 0 2746 5092
680 0 2746 5114
681 0 2693 5065
681 0 2693 5089
681 0 2704 5091
681 0 2710 5095
681 0 2712 5076
681 0 2714 5108
681 0 2716 5092
681 0 2719 5071
681 0 2722 5061
681 0 2732 5087
681 0 2739 5078
681 0 2740 5104
681 0 2747 5083
2827 0 2693 5102
2827 0 2699 5083
2827 0 2707 5106
2827 0 2721 5062
2827 0 2735 5073
2827 0 2735 5105
2827 0 2742 5097
2827 0 2744 5065
2834 0 2709 5086
2854 0 2693 5111
2854 0 2699 5069
2854 0 2700 5061
2854 0 2706 5114
2854 0 2707 5079
2854 0 2708 5070
2854 0 2712 5110
2854 0 2713 5061
2854 0 2721 5076
2854 0 2724 5113
2854 0 2739 5112
2854 0 2741 5077
2856 0 2721 5102
2864 0 2737 5062
3449 0 2694 5067
3449 0 2717 5081
3449 0 2718 5108
3449 0 2721 5104
3449 0 2726 5091
3449 0 2731 5060
3449 0 2732 5073
3449 0 2740 5083
3449 0 2742 5103
3449 0 2747 5094
406 0 2712 5215
407 0 2710 5211
407 0 2712 5224
408 0 2711 5203
409 0 2708 5214
421 0 2733 5222
421 0 2734 5221
421 0 2737 5221
422 0 2729 5223
477 0 2731 5192
477 0 2731 5205
477 0 2745 5206
478 0 2696 5227
478 0 2697 5223
478 0 2698 5219
478 0 2701 5217
478 0 2727 5200
478 0 2729 5189
478 0 2729 5196
478 0 2729 5202
478 0 2741 5194
478 0 2741 5205
478 0 2743 5199
478 0 2744 5203
478 0 2745 5198
480 0 2696 5232
480 0 2697 5234
480 0 2698 5236
480 0 2699 5233
480 0 2700 5235
480 0 2700 5238
480 0 2726 5235
480 0 2728 5236
480 0 2731 5235
481 0 2712 5233
481 0 2713 5237
481 0 2715 5240
481 0 2715 5241
481 0 2716 5227
481 0 2716 5235
481 0 2717 5222
481 0 2745 5220
481 0 2747 5217
482 0 2698 5229
482 0 2702 5216
482 0 2711 5230
482 0 2712 5208
482 0 2713 5194
482 0 2713 5239
482 0 2714 5233
482 0 2716 5201
482 0 2720 5235
482 0 2724 5188
482 0 2727 5198
482 0 2729 5234
482 0 2735 5234
482 0 2737 5206
482 0 2741 5231
482 0 2745 5215
482 0 2745 5218
482 0 2745 5223
483 0 2697 5221
483 0 2711 5231
483 0 2715 5224
483 0 2738 5193
483 0 2738 5206
483 0 2744 5221
1499 0 2746 5230
1500 0 2694 5226
2268 0 2717 5294
2272 0 2707 5286
2277 0 2698 5264
2281 0 2734 5275
2282 0 2721 5294
2284 0 2713 5293
2289 0 2691 5303
2290 0 2747 5263
2291 0 2748 5263
2294 0 2708 5275
2300 0 2733 5274
2304 0 2720 5309
2307 0 2716 5310
2308 0 2712 5303
2309 0 2723 5303
2311 0 2712 5309
2313 0 2723 5307
2317 0 2722 5260
2339 0 2729 5269
2340 0 2713 5262
2340 0 2714 5287
2343 0 2712 5297
2343 0 2715 5259
2343 0 2722 5297
2343 0 2730 5259
2343 0 2732 5270
2343 0 2735 5270
2268 0 2711 5331
2269 0 2697 5332
2271 0 2723 5336
2273 0 2743 5358
2274 0 2693 5332
2274 0 2729 5329
2277 0 2725 5349
2280 0 2712 5342
2281 0 2694 5333
2283 0 2695 5331
2283 0 2719 5331
2286 0 2717 5359
2287 0 2722 5333
2288 0 2716 5359
2292 0 2699 5349
2293 0 2699 5348
2296 0 2722 5313
2297 0 2723 5321
2299 0 2701 5348
2303 0 2704 5366
2305 0 2718 5313
2306 0 2715 5313
2310 0 2712 5321
2312 0 2711 5314
2314 0 2717 5315
2316 0 2719 5335
2316 0 2747 5373
2317 0 2730 5333
2340 0 2720 5356
2340 0 2724 5354
2343 0 2699 5329
2343 0 2699 5335
2343 0 2747 5342
2344 0 2697 5316
5183 0 2744 5344
234 0 2689 6083
234 0 2689 6088
234 0 2690 6094
234 0 2691 6084
234 0 2692 6081
234 0 2692 6090
234 0 2693 6083
234 0 2693 6085
234 0 2693 6090
234 0 2694 6083
234 0 2694 6086
234 0 2695 6082
234 0 2695 6085
234 0 2695 6088
234 0 2695 6091
234 0 2695 6121
234 0 2698 6121
234 0 2699 6082
234 0 2699 6085
234 0 2700 6084
234 0 2701 6085
234 0 2702 6081
234 0 2702 6083
234 0 2703 6119
234 0 2704 6117
234 0 2705 6121
234 0 2730 6091
234 0 2732 6095
234 0 2734 6090
234 0 2735 6094
234 0 2735 6097
234 0 2738 6098
235 0 2688 6092
235 0 2690 6087
235 0 2690 6095
235 0 2692 6082
235 0 2692 6088
235 0 2692 6123
235 0 2693 6081
235 0 2694 6125
235 0 2695 6087
235 0 2697 6086
235 0 2697 6087
235 0 2698 6081
235 0 2698 6124
235 0 2700 6083
235 0 2702 6084
235 0 2726 6085
235 0 2727 6081
235 0 2729 6083
235 0 2732 6084
237 0 2725 6127
238 0 2723 6105
238 0 2739 6123
238 0 2744 6108
3420 0 2688 6108
3420 0 2691 6105
3420 0 2712 6084
3420 0 2721 6126
3420 0 2722 6108
3420 0 2727 6102
3420 0 2741 6119
3420 0 2743 6121
3420 0 2745 6120
3421 0 2689 6107
3421 0 2690 6108
3421 0 2745 6119
3422 0 2690 6106
3422 0 2713 6085
3422 0 2726 6104
3422 0 2744 6120
3423 0 2741 6100
3424 0 2739 6100
3425 0 2740 6097
3426 0 2742 6129
3426 0 2744 6131
3440 0 2729 6086
3440 0 2731 6080
3440 0 2731 6089
3440 0 2744 6139
3441 0 2730 6084
4259 0 2704 6112
4556 0 2704 6111
234 0 2697 6204
234 0 2698 6201
234 0 2698 6203
234 0 2700 6205
234 0 2701 6200
234 0 2710 6170
234 0 2712 6169
234 0 2714 6173
234 0 2716 6171
234 0 2717 6166
234 0 2717 6168
234 0 2718 6167
234 0 2718 6170
235 0 2716 6172
238 0 2703 6160
238 0 2710 6154
238 0 2719 6148
238 0 2742 6163
238 0 2744 6150
238 0 2746 6145
3418 0 2712 6202
3418 0 2715 6197
3418 0 2722 6192
3418 0 2723 6184
3418 0 2730 6192
3420 0 2727 6163
3420 0 2744 6194
3421 0 2743 6194
3422 0 2744 6193
3440 0 2695 6170
3440 0 2697 6171
3440 0 2697 6202
3440 0 2699 6204
3440 0 2707 6155
3440 0 2715 6167
3440 0 2715 6169
3440 0 2746 6206
3441 0 2696 6169
3441 0 2696 6171
3441 0 2699 6201
3441 0 2701 6203
3441 0 2716 6168
3441 0 2739 6206
5237 0 2704 9109
5237 0 2707 9112
5237 0 2708 9103
5237 0 2710 9135
5237 0 2711 9109
5237 0 2711 9130
5237 0 2714 9135
5237 0 2715 9132
5237 0 2735 9119
5237 0 2736 9121
5237 0 2738 9124
5237 0 2740 9120
5237 0 2741 9103
5237 0 2741 9124
5237 0 2743 9105
5237 0 2744 9100
5237 0 2745 9102
5238 0 2694 9104
5238 0 2694 9138
5238 0 2698 9127
5238 0 2704 9104
5238 0 2711 9137
5238 0 2712 9108
5238 0 2716 9096
5238 0 2716 9146
5238 0 2729 9118
5238 0 2732 9130
5238 0 2741 9122
5238 0 2743 9107
5238 0 2748 9100
5238 0 2748 9143
5281 0 2694 9115
5281 0 2697 9130
5281 0 2698 9145
5281 0 2702 9093
5281 0 2714 9095
5281 0 2719 9147
5281 0 2726 9107
5281 0 2728 9097
5281 0 2740 9138
5281 0 2742 9146
5238 0 2697 9171
5238 0 2699 9202
5238 0 2701 9179
5238 0 2701 9194
5238 0 2704 9202
5238 0 2706 9194
5238 0 2707 9170
5238 0 2709 9175
5238 0 2722 9173
5238 0 2723 9198
5238 0 2725 9195
5238 0 2726 9181
5238 0 2728 9203
5238 0 2732 9178
5238 0 2732 9199
5238 0 2734 9170
272 0 2704 9431
272 0 2704 9457
272 0 2705 9424
272 0 2714 9420
272 0 2714 9449
272 0 2714 9460
272 0 2722 9424
272 0 2724 9435
272 0 2730 9437
272 0 2732 9459
272 0 2736 9424
272 0 2738 9440
272 0 2739 9450
274 0 2702 9447
274 0 2712 9435
274 0 2723 9458
274 0 2726 9445
112 0 2740 9502
112 0 2740 9508
112 0 2743 9503
244 0 2696 9501
244 0 2711 9516
244 0 2721 9511
244 0 2721 9530
245 0 2708 9500
245 0 2708 9526
245 0 2730 9512
246 0 2698 9524
246 0 2714 9505
247 0 2702 9504
247 0 2724 9516
248 0 2703 9532
248 0 2711 9500
248 0 2714 9526
248 0 2721 9522
249 0 2703 9522
249 0 2717 9516
250 0 2706 9516
251 0 2697 9506
251 0 2708 9508
270 0 2731 9482
270 0 2731 9491
270 0 2740 9492
2048 0 2703 9483
2048 0 2715 9482
2049 0 2709 9479
2050 0 2700 9489
112 0 2694 9542
244 0 2701 9548
246 0 2709 9545
246 0 2720 9536
247 0 2712 9543
248 0 2711 9550
249 0 2704 9546
250 0 2704 9539
251 0 2711 9537
104 0 2734 9683
104 0 2734 9688
104 0 2734 9693
104 0 2740 9688
104 0 2740 9698
104 0 2741 9678
104 0 2744 9683
104 0 2744 9691
2095 0 2719 9668
2095 0 2719 9715
2095 0 2720 9702
2095 0 2722 9669
2095 0 2723 9707
2095 0 2724 9713
3289 0 2694 9687
3289 0 2696 9689
3289 0 2697 9693
3289 0 2699 9688
2834 0 2703 9734
2834 0 2730 9769
2834 0 2731 9763
2834 0 2731 9774
2834 0 2734 9770
2853 0 2693 9776
2853 0 2697 9773
2853 0 2697 9779
2853 0 2700 9770
2853 0 2700 9774
2853 0 2700 9777
2853 0 2701 9781
2853 0 2703 9770
2853 0 2703 9774
2853 0 2703 9779
2853 0 2705 9757
2853 0 2705 9760
2853 0 2705 9766
2853 0 2706 9753
2853 0 2706 9763
2853 0 2706 9772
2853 0 2707 9756
2853 0 2707 9761
2853 0 2708 9758
3026 0 2710 9753
3026 0 2711 9746
3026 0 2712 9741
3026 0 2712 9749
3026 0 2712 9754
3026 0 2713 9742
3026 0 2715 9749
3026 0 2716 9744
3026 0 2718 9751
3026 0 2720 9742
3026 0 2720 9759
3026 0 2721 9746
3026 0 2721 9754
3026 0 2723 9738
3026 0 2723 9744
3026 0 2724 9749
3026 0 2725 9758
3026 0 2727 9741
3026 0 2727 9747
3026 0 2728 9744
3022 0 2690 9807
3022 0 2693 9816
3022 0 2695 9826
3022 0 2696 9839
3022 0 2708 9842
3022 0 2719 9845
3022 0 2731 9845
3022 0 2744 9840
3022 0 2745 9829
1365 0 2711 9877
1365 0 2714 9875
1365 0 2716 9878
1365 0 2717 9874
1365 0 2719 9878
1365 0 2720 9875
1365 0 2723 9877
1365 0 2724 9879
1366 0 2693 9879
1366 0 2693 9904
1366 0 2694 9872
1366 0 2695 9867
1366 0 2696 9908
1366 0 2699 9868
1366 0 2699 9911
1366 0 2700 9875
1366 0 2701 9901
1366 0 2701 9905
1368 0 2690 9880
1368 0 2690 9903
1368 0 2691 9899
1368 0 2692 9874
1368 0 2692 9876
1368 0 2692 9885
1368 0 2692 9895
1368 0 2692 9900
1368 0 2692 9902
1368 0 2692 9914
1368 0 2693 9881
1368 0 2693 9891
1368 0 2693 9900
1368 0 2693 9906
1368 0 2694 9878
1368 0 2694 9908
1368 0 2694 9915
1368 0 2695 9869
1368 0 2695 9870
1368 0 2695 9877
1368 0 2695 9881
1368 0 2695 9889
1368 0 2696 9880
1368 0 2696 9900
1368 0 2696 9906
1368 0 2696 9910
1368 0 2697 9866
1368 0 2697 9915
1368 0 2698 9871
1368 0 2698 9900
1368 0 2698 9901
1368 0 2699 9865
1368 0 2699 9872
1368 0 2699 9876
1368 0 2699 9882
1368 0 2699 9915
1368 0 2700 9879
1368 0 2701 9867
1368 0 2701 9870
1368 0 2702 9868
1368 0 2703 9894
1368 0 2703 9911
1368 0 2704 9906
1368 0 2705 9897
1368 0 2706 9904
1368 0 2706 9910
1368 0 2707 9906
1369 0 2733 9887
1369 0 2733 9894
1369 0 2734 9891
1369 0 2735 9893
1369 0 2736 9891
1369 0 2738 9889
1369 0 2738 9894
1370 0 2713 9904
1370 0 2715 9906
1370 0 2718 9902
1370 0 2718 9904
1370 0 2722 9903
1370 0 2726 9904
1370 0 2729 9904
410 0 2696 9969
410 0 2698 9962
410 0 2699 9977
410 0 2704 9959
410 0 2705 9969
410 0 2709 9976
410 0 2710 9963
410 0 2713 9970
410 0 2716 9964
410 0 2694 9995
410 0 2698 9992
410 0 2699 10001
410 0 2701 9996
411 0 2694 9999
417 0 2738 10008
417 0 2740 10003
417 0 2740 10014
417 0 2742 10008
417 0 2743 10018
417 0 2745 10002
417 0 2746 10006
417 0 2746 10015
427 0 2718 10006
428 0 2721 10003
428 0 2722 10008
428 0 2723 9994
429 0 2717 10007
429 0 2718 10008
429 0 2720 10003
429 0 2721 10009
429 0 2721 10014
429 0 2723 10002
429 0 2723 10010
429 0 2724 9996
429 0 2725 9995
430 0 2719 10011
430 0 2724 10013
430 0 2725 10012
430 0 2726 10010
430 0 2726 10013
430 0 2727 9995
430 0 2727 10011
430 0 2728 9996
430 0 2728 9997
437 0 2699 10029
438 0 2701 10023
438 0 2703 10031
439 0 2706 10029
440 0 2708 10027
440 0 2711 10029
441 0 2701 10027
441 0 2708 10024
442 0 2703 10025
442 0 2704 10028
7518 0 2706 9984
100 0 2706 10159
100 0 2748 10166
102 0 2710 10168
102 0 2739 10153
4491 0 2708 10146
4491 0 2727 10143
4491 0 2737 10138
4492 0 2712 10142
4492 0 2732 10141
4493 0 2715 10145
4493 0 2723 10142
4493 0 2729 10139
4494 0 2700 10165
4494 0 2705 10155
4495 0 2707 10163
4495 0 2710 10158
4496 0 2702 10160
4496 0 2715 10163
4497 0 2717 10160
4497 0 2742 10154
4497 0 2746 10165
4498 0 2709 10168
4498 0 2734 10165
4498 0 2737 10156
4501 0 2702 10135
4501 0 2704 10131
4501 0 2705 10133
4501 0 2707 10137
4501 0 2708 10131
4501 0 2710 10134
4501 0 2712 10132
4502 0 2691 10124
4504 0 2720 10134
4504 0 2723 10122
4504 0 2730 10131
4504 0 2732 10122
4504 0 2734 10128
1493 0 2727 10217
1493 0 2730 10203
2022 0 2803 2707
5233 0 2780 2741
5240 0 2760 2711
5240 0 2773 2704
5240 0 2783 2709
5241 0 2764 2694
5241 0 2771 2737
5241 0 2779 2743
5241 0 2787 2694
5241 0 2794 2705
5241 0 2795 2739
5241 0 2798 2716
5241 0 2807 2714
5241 0 2810 2736
5242 0 2762 2749
5242 0 2769 2734
5242 0 2772 2740
5242 0 2781 2743
5243 0 2755 2705
5243 0 2756 2716
5243 0 2768 2703
5243 0 2770 2709
5243 0 2779 2707
5243 0 2788 2713
5244 0 2755 2708
5244 0 2766 2715
5244 0 2774 2702
5244 0 2784 2714
5245 0 2802 2746
10369 0 2758 2747
2975 0 2787 2795
2976 0 2788 2795
2977 0 2789 2795
5238 0 2753 2799
5238 0 2761 2770
5238 0 2767 2794
5238 0 2770 2766
5238 0 2775 2777
5238 0 2780 2791
5238 0 2791 2780
5238 0 2796 2763
5238 0 2798 2792
5238 0 2801 2780
5241 0 2753 2754
5241 0 2756 2811
5241 0 2768 2757
5241 0 2779 2809
5241 0 2787 2752
5241 0 2797 2810
5241 0 2813 2757
5242 0 2752 2762
5242 0 2761 2803
5242 0 2766 2761
5242 0 2769 2806
5242 0 2776 2764
5242 0 2792 2796
5242 0 2793 2778
5242 0 2804 2797
5244 0 2789 2758
5244 0 2809 2754
5247 0 2768 2803
5248 0 2764 2803
5249 0 2769 2789
5250 0 2759 2775
5251 0 2757 2770
5252 0 2754 2775
5253 0 2781 2793
5263 0 2757 2788
5265 0 2801 2764
5266 0 2804 2764
5267 0 2760 2771
5274 0 2752 2782
5274 0 2754 2778
5274 0 2755 2774
5274 0 2756 2789
5274 0 2759 2756
5274 0 2761 2778
5274 0 2762 2793
5274 0 2765 2779
5274 0 2767 2784
5274 0 2769 2754
5274 0 2770 2774
5274 0 2772 2781
5274 0 2774 2787
5274 0 2775 2756
5274 0 2777 2790
5274 0 2780 2773
5274 0 2785 2768
5274 0 2789 2754
5274 0 2791 2763
5275 0 2788 2778
5275 0 2793 2782
5275 0 2793 2789
5275 0 2795 2775
5275 0 2801 2782
5275 0 2801 2789
5276 0 2803 2785
5276 0 2805 2783
5276 0 2805 2786
5277 0 2798 2760
5278 0 2801 2757
6765 0 2781 2782
7120 0 2774 2778
7181 0 2805 2762
7183 0 2775 2796
7185 0 2775 2798
7187 0 2775 2801
7195 0 2758 2789
7195 0 2767 2776
7196 0 2781 2799
232 0 2775 2913
232 0 2789 2932
232 0 2801 2899
232 0 2813 2917
2062 0 2768 2912
2062 0 2771 2907
2062 0 2773 2928
2062 0 2776 2934
2062 0 2778 2900
2062 0 2785 2925
2062 0 2785 2935
2062 0 2789 2915
2062 0 2791 2931
2062 0 2794 2906
2062 0 2798 2901
2062 0 2799 2933
2062 0 2802 2921
2062 0 2807 2908
2062 0 2815 2908
3959 0 2776 2905
3959 0 2783 2920
3959 0 2784 2908
3959 0 2802 2903
3959 0 2802 2913
3959 0 2809 2912
2848 0 2787 3002
2848 0 2790 2997
2848 0 2792 2994
2848 0 2794 3000
2848 0 2796 2993
2848 0 2799 2996
2909 0 2767 3005
2909 0 2774 3002
2909 0 2781 3001
3020 0 2810 2981
3020 0 2810 2987
3020 0 2812 2999
3020 0 2814 2996
3024 0 2765 2978
3024 0 2768 2980
3024 0 2785 2955
3024 0 2786 2947
3024 0 2788 2948
3954 0 2764 2944
3954 0 2798 2944
3955 0 2759 2944
3955 0 2792 2944
6237 0 2764 2976
424 0 2757 3061
530 0 2771 3014
530 0 2773 3017
530 0 2777 3068
530 0 2801 3067
1173 0 2780 3064
1173 0 2808 3067
1174 0 2788 3061
1174 0 2805 3064
2909 0 2766 3008
3020 0 2780 3029
3020 0 2780 3031
3049 0 2787 3013
3049 0 2791 3013
3049 0 2794 3013
4710 0 2791 3019
4710 0 2801 3010
4710 0 2807 3021
6236 0 2781 3057
6238 0 2790 3054
6240 0 2800 3057
6557 0 2794 3065
6559 0 2799 3047
0 0 2797 3104
749 0 2782 3121
2134 0 2765 3120
2688 0 2798 3102
2845 0 2772 3093
2845 0 2775 3089
2845 0 2784 3104
2845 0 2785 3101
2845 0 2804 3116
2845 0 2811 3112
2893 0 2767 3122
3020 0 2777 3116
3020 0 2796 3104
3020 0 2796 3116
3020 0 2797 3112
3020 0 2798 3107
3020 0 2799 3115
4625 0 2809 3086
6261 0 2753 3081
6549 0 2794 3076
6551 0 2799 3084
6556 0 2790 3100
6558 0 2759 3096
6578 0 2782 3094
114 0 2784 3191
114 0 2784 3197
114 0 2787 3195
522 0 2763 3186
522 0 2789 3183
522 0 2791 3187
522 0 2792 3161
522 0 2793 3157
522 0 2793 3167
522 0 2794 3183
522 0 2795 3157
522 0 2795 3162
522 0 2796 3168
522 0 2796 3188
522 0 2797 3160
522 0 2797 3165
522 0 2798 3186
522 0 2799 3182
522 0 2802 3164
522 0 2806 3185
522 0 2811 3198
1314 0 2797 3155
2845 0 2754 3171
2845 0 2763 3180
2845 0 2786 3174
2848 0 2755 3170
2848 0 2758 3178
2848 0 2783 3175
2848 0 2812 3182
2852 0 2755 3156
2852 0 2761 3155
2854 0 2807 3167
2854 0 2810 3170
3252 0 2785 3179
3252 0 2796 3177
3252 0 2803 3179
3252 0 2812 3159
4707 0 2770 3169
4714 0 2768 3165
4915 0 2776 3186
4916 0 2812 3171
4917 0 2806 3174
4919 0 2774 3192
4920 0 2793 3188
4921 0 2790 3191
4926 0 2761 3191
4926 0 2770 3194
4926 0 2776 3190
4926 0 2776 3198
4926 0 2778 3194
4926 0 2778 3198
4926 0 2802 3195
5316 0 2791 3182
5516 0 2811 3192
5789 0 2807 3190
6405 0 2788 3176
6537 0 2787 3176
8680 0 2803 3152
0 0 2773 3211
748 0 2772 3223
1329 0 2760 3239
1334 0 2759 3239
2669 0 2766 3212
2686 0 2799 3202
2845 0 2772 3209
3020 0 2767 3204
3020 0 2768 3210
5356 0 2779 3211
8764 0 2773 3229
1514 0 2789 3273
1514 0 2790 3273
1514 0 2794 3283
1514 0 2795 3279
5061 0 2763 3284
5061 0 2768 3274
5061 0 2768 3288
5061 0 2770 3277
5061 0 2770 3290
5061 0 2771 3279
5061 0 2774 3291
5061 0 2778 3285
5061 0 2781 3278
5061 0 2781 3285
5061 0 2783 3275
5061 0 2784 3279
5061 0 2785 3276
5061 0 2785 3287
5061 0 2788 3274
5061 0 2793 3275
5061 0 2793 3280
5066 0 2765 3276
5069 0 2799 3320
5074 0 2793 3321
5075 0 2774 3273
5075 0 2775 3284
5076 0 2770 3284
5076 0 2794 3279
5077 0 2778 3291
6241 0 2782 3276
6251 0 2768 3286
6251 0 2777 3278
6251 0 2783 3289
6251 0 2784 3277
0 0 2812 3332
2667 0 2814 3337
2839 0 2809 3376
3215 0 2808 3342
4715 0 2808 3355
1331 0 2796 3415
1334 0 2797 3415
1613 0 2807 3443
1618 0 2809 3443
1618 0 2811 3443
2834 0 2752 3409
2834 0 2753 3396
2834 0 2759 3401
3106 0 2803 3431
3106 0 2805 3428
3199 0 2800 3439
3200 0 2803 3430
3517 0 2766 3397
3517 0 2767 3399
3517 0 2773 3399
6560 0 2810 3443
6704 0 2807 3440
7457 0 2808 3454
0 0 2815 3467
2085 0 2811 3506
2087 0 2804 3507
2664 0 2808 3464
2837 0 2783 3466
2837 0 2791 3460
3520 0 2763 3506
3521 0 2761 3497
3525 0 2754 3515
3526 0 2754 3509
3531 0 2764 3515
5517 0 2760 3476
7458 0 2755 3481
9392 0 2784 3463
6481 0 2791 3539
6482 0 2814 3534
803 0 2770 3622
804 0 2763 3610
804 0 2768 3610
805 0 2764 3606
806 0 2761 3608
806 0 2766 3605
807 0 2763 3612
807 0 2769 3607
1371 0 2760 3660
1372 0 2798 3667
1373 0 2811 3673
1374 0 2765 3676
1376 0 2811 3681
1379 0 2794 3668
1380 0 2801 3669
1381 0 2803 3668
1382 0 2797 3672
1383 0 2802 3674
1384 0 2813 3687
1385 0 2812 3685
1386 0 2811 3687
1387 0 2810 3684
1388 0 2757 3674
1388 0 2762 3671
1388 0 2785 3658
645 0 2761 3863
645 0 2769 3854
645 0 2805 3859
646 0 2764 3858
646 0 2769 3861
646 0 2800 3859
646 0 2803 3864
2551 0 2786 3862
4145 0 2802 3841
4145 0 2807 3843
4146 0 2798 3842
4147 0 2804 3843
3618 0 2782 4458
3618 0 2787 4446
3618 0 2787 4451
3618 0 2793 4458
3619 0 2788 4455
3620 0 2781 4462
3620 0 2783 4446
3620 0 2785 4447
3620 0 2785 4456
3620 0 2791 4447
3620 0 2791 4456
3620 0 2793 4446
2827 0 2759 4498
2827 0 2761 4495
2827 0 2762 4500
2827 0 2782 4491
2827 0 2783 4487
2827 0 2792 4488
2834 0 2787 4503
2834 0 2789 4499
2854 0 2798 4531
2854 0 2800 4526
2854 0 2803 4526
3614 0 2762 4509
3614 0 2767 4523
3614 0 2769 4501
3614 0 2769 4517
3614 0 2773 4515
3614 0 2773 4532
3614 0 2783 4494
3614 0 2789 4516
3614 0 2792 4490
3614 0 2795 4496
3614 0 2804 4525
3614 0 2806 4502
3614 0 2807 4513
3614 0 2808 4518
2854 0 2776 4577
2854 0 2777 4582
2854 0 2780 4592
2854 0 2783 4593
2854 0 2785 4580
2854 0 2786 4578
2854 0 2787 4579
2854 0 2802 4599
2854 0 2812 4577
3613 0 2769 4593
3613 0 2770 4591
3613 0 2774 4592
3613 0 2783 4591
3613 0 2785 4594
3613 0 2785 4598
3613 0 2792 4597
3614 0 2800 4573
3614 0 2801 4580
3614 0 2802 4580
3614 0 2807 4572
3614 0 2810 4573
3614 0 2811 4567
3614 0 2813 4571
3626 0 2786 4571
3626 0 2791 4560
3626 0 2792 4567
3626 0 2796 4587
3626 0 2798 4592
3626 0 2798 4596
3626 0 2802 4591
3626 0 2808 4597
3626 0 2808 4601
4056 0 2760 4688
4056 0 2763 4690
4056 0 2766 4680
4056 0 2769 4686
4060 0 2765 4722
4060 0 2776 4718
4060 0 2777 4703
4060 0 2788 4721
4060 0 2789 4698
4065 0 2802 4706
4067 0 2791 4722
3881 0 2767 5133
3881 0 2801 5162
3883 0 2764 5133
3883 0 2798 5162
3887 0 2798 5171
3888 0 2799 5171
3888 0 2800 5171
6511 0 2801 5171
0 0 2794 6108
1477 0 2782 6126
1478 0 2772 6123
1479 0 2800 6110
1480 0 2802 6110
1481 0 2772 6108
2689 0 2794 6104
3206 0 2774 6093
4008 0 2801 6116
4555 0 2784 6116
4557 0 2799 6118
5293 0 2791 6111
5294 0 2777 6117
5295 0 2777 6114
5297 0 2785 6103
5299 0 2781 6122
5300 0 2779 6109
5302 0 2790 6121
5303 0 2780 6119
8817 0 2771 6104
8824 0 2802 6099
8828 0 2774 6105
5238 0 2761 9094
5238 0 2761 9120
5238 0 2761 9144
5238 0 2764 9103
5238 0 2766 9133
5238 0 2768 9111
5238 0 2781 9140
5238 0 2784 9093
5238 0 2788 9102
5238 0 2793 9117
5238 0 2793 9130
5238 0 2798 9138
5238 0 2799 9099
5238 0 2810 9104
5238 0 2810 9124
5281 0 2752 9144
5281 0 2763 9118
5281 0 2764 9133
5281 0 2765 9113
5281 0 2769 9094
5281 0 2772 9110
5281 0 2774 9093
5281 0 2777 9144
5281 0 2779 9119
5281 0 2779 9129
5281 0 2781 9092
5281 0 2788 9103
5281 0 2793 9129
5281 0 2794 9117
5281 0 2799 9112
5281 0 2801 9097
5281 0 2807 9131
5281 0 2809 9104
5281 0 2810 9111
5281 0 2810 9123
7189 0 2803 9148
7191 0 2805 9147
7193 0 2804 9145
5238 0 2761 9189
5238 0 2764 9195
5238 0 2767 9163
5238 0 2768 9187
5238 0 2769 9193
5238 0 2770 9201
5238 0 2773 9194
5238 0 2776 9163
5238 0 2779 9163
5238 0 2784 9201
5238 0 2785 9164
5238 0 2785 9190
5238 0 2787 9169
5238 0 2788 9196
5238 0 2789 9172
5238 0 2792 9167
5238 0 2796 9170
5238 0 2796 9175
5238 0 2797 9198
5238 0 2799 9205
5238 0 2800 9162
5238 0 2801 9198
5281 0 2761 9197
5281 0 2763 9201
5281 0 2764 9191
5281 0 2766 9199
5281 0 2769 9190
5282 0 2768 9203
5282 0 2769 9202
5282 0 2770 9202
5282 0 2808 9191
5282 0 2808 9210
5282 0 2809 9193
5282 0 2809 9208
5283 0 2761 9193
5283 0 2761 9204
5283 0 2763 9205
5283 0 2764 9193
5283 0 2764 9197
5283 0 2765 9188
5283 0 2765 9202
5283 0 2765 9203
5283 0 2766 9191
5283 0 2766 9196
5283 0 2768 9197
5283 0 2768 9201
5283 0 2770 9188
5283 0 2770 9192
5283 0 2770 9199
5283 0 2771 9195
5283 0 2782 9193
5283 0 2785 9200
5283 0 2786 9204
5283 0 2790 9194
5283 0 2798 9196
5283 0 2798 9199
5283 0 2798 9204
5283 0 2800 9196
5283 0 2800 9198
5283 0 2800 9203
5283 0 2806 9201
5283 0 2807 9200
5283 0 2807 9202
509 0 2796 9304
509 0 2799 9308
509 0 2800 9301
509 0 2803 9296
509 0 2806 9292
509 0 2808 9308
509 0 2811 9296
509 0 2811 9301
3957 0 2792 9327
406 0 2784 9998
406 0 2795 9994
407 0 2787 9996
408 0 2781 10000
408 0 2785 9992
408 0 2790 9994
409 0 2782 9995
409 0 2793 9998
419 0 2785 10035
419 0 2786 10038
419 0 2789 10032
419 0 2791 10036
419 0 2795 10033
419 0 2797 10036
419 0 2799 10031
421 0 2793 10016
421 0 2795 10017
421 0 2798 10018
421 0 2800 10020
421 0 2801 10015
421 0 2803 10017
421 0 2804 10019
433 0 2758 10004
433 0 2760 10009
433 0 2761 9998
433 0 2765 10002
434 0 2758 10001
434 0 2763 9999
434 0 2763 10007
435 0 2757 10008
435 0 2758 10012
435 0 2763 10001
436 0 2760 10007
436 0 2761 10003
436 0 2765 10005
2019 0 2786 10081
936 0 2769 10149
936 0 2777 10142
937 0 2781 10143
938 0 2783 10140
939 0 2784 10134
940 0 2771 10143
941 0 2788 10131
648 0 2775 10224
648 0 2783 10199
648 0 2784 10233
649 0 2777 10224
649 0 2784 10231
649 0 2792 10222
650 0 2772 10221
650 0 2785 10201
650 0 2787 10232
651 0 2773 10220
651 0 2788 10198
651 0 2790 10220
651 0 2800 10218
652 0 2770 10219
652 0 2788 10230
652 0 2798 10216
653 0 2788 10221
653 0 2801 10216
654 0 2786 10199
654 0 2790 10222
654 0 2799 10214
232 0 2824 2896
232 0 2827 2924
232 0 2842 2899
232 0 2861 2907
232 0 2862 2899
2062 0 2819 2900
2062 0 2821 2910
2062 0 2827 2927
2062 0 2834 2911
2062 0 2837 2897
2062 0 2859 2904
2062 0 2863 2916
3954 0 2824 2940
3954 0 2863 2941
3955 0 2817 2940
3955 0 2872 2941
3959 0 2821 2927
3959 0 2824 2907
3959 0 2837 2918
3959 0 2840 2899
3959 0 2845 2928
3959 0 2859 2923
3959 0 2862 2904
1515 0 2855 2974
1515 0 2855 2977
1515 0 2856 2974
3093 0 2851 2954
3093 0 2853 2955
5346 0 2871 2951
5346 0 2876 2957
5347 0 2872 2954
5347 0 2876 2951
5348 0 2876 2955
5349 0 2870 2954
5349 0 2876 2947
5350 0 2877 2959
5351 0 2873 2951
5357 0 2834 2954
5359 0 2857 2963
5361 0 2835 2985
5362 0 2824 2959
5363 0 2870 2972
530 0 2842 3017
530 0 2866 3061
530 0 2868 3054
2845 0 2825 3030
2845 0 2827 3013
2845 0 2832 3017
2845 0 2832 3019
2845 0 2836 3043
2845 0 2838 3039
2845 0 2838 3047
2845 0 2847 3042
2848 0 2829 3029
2848 0 2832 3029
2848 0 2833 3027
2848 0 2834 3035
2848 0 2837 3029
2848 0 2837 3034
2848 0 2868 3017
2848 0 2868 3021
2848 0 2869 3015
2848 0 2871 3018
2848 0 2871 3023
2848 0 2873 3021
3020 0 2844 3061
3020 0 2850 3063
3020 0 2853 3054
6130 0 2835 3053
6239 0 2844 3042
281 0 2818 3133
281 0 2824 3133
281 0 2829 3131
281 0 2833 3134
464 0 2854 3106
464 0 2859 3106
464 0 2863 3109
464 0 2863 3115
464 0 2867 3105
464 0 2870 3112
464 0 2872 3117
464 0 2873 3108
464 0 2875 3123
464 0 2878 3114
2845 0 2820 3082
2845 0 2824 3077
2845 0 2826 3081
2845 0 2835 3074
3020 0 2855 3085
3020 0 2855 3089
3020 0 2857 3085
3020 0 2858 3083
3020 0 2858 3092
3020 0 2861 3082
3020 0 2861 3088
3020 0 2862 3081
3020 0 2864 3084
3020 0 2864 3088
3020 0 2866 3081
3020 0 2867 3086
3020 0 2868 3084
6577 0 2816 3083
2845 0 2819 3194
2845 0 2875 3164
2845 0 2879 3151
2848 0 2820 3193
2848 0 2873 3148
2848 0 2877 3154
2848 0 2879 3161
3024 0 2843 3156
3024 0 2853 3159
3024 0 2861 3165
3024 0 2862 3180
3024 0 2863 3169
3024 0 2865 3156
3024 0 2870 3159
5007 0 2832 3170
5007 0 2832 3177
5007 0 2837 3184
5007 0 2841 3163
5007 0 2849 3186
5007 0 2850 3165
5007 0 2857 3179
5007 0 2859 3177
77 0 2820 3259
77 0 2824 3237
77 0 2850 3256
78 0 2832 3234
78 0 2854 3249
79 0 2840 3238
79 0 2852 3260
80 0 2846 3249
81 0 2850 3247
2090 0 2831 3243
2091 0 2834 3242
2092 0 2827 3246
2007 0 2837 3280
2018 0 2832 3278
3027 0 2842 3298
3027 0 2844 3291
3027 0 2851 3298
3027 0 2855 3303
3027 0 2859 3283
3027 0 2861 3295
3049 0 2818 3291
3049 0 2822 3282
3049 0 2822 3288
3049 0 2824 3298
3049 0 2834 3305
1164 0 2822 3374
1168 0 2830 3335
1169 0 2835 3336
1170 0 2839 3335
1173 0 2846 3374
1173 0 2850 3368
1173 0 2852 3370
1174 0 2850 3371
1174 0 2853 3368
1174 0 2853 3373
1516 0 2840 3356
1516 0 2842 3359
1516 0 2845 3356
1516 0 2849 3361
1517 0 2875 3342
1517 0 2876 3331
1517 0 2877 3331
1517 0 2877 3342
2053 0 2831 3350
2837 0 2838 3370
2837 0 2850 3378
2837 0 2860 3375
2837 0 2863 3378
4062 0 2851 3349
4068 0 2843 3346
4068 0 2850 3354
4068 0 2851 3345
4927 0 2847 3386
5386 0 2818 3342
6114 0 2850 3348
0 0 2863 3432
107 0 2842 3450
107 0 2864 3453
107 0 2870 3438
107 0 2872 3445
1518 0 2836 3431
1518 0 2838 3431
1519 0 2844 3429
1519 0 2853 3423
1520 0 2846 3429
1520 0 2855 3423
1520 0 2859 3426
2670 0 2861 3432
3108 0 2816 3442
3112 0 2817 3443
3212 0 2822 3442
3213 0 2834 3445
4986 0 2819 3451
107 0 2846 3477
107 0 2847 3474
107 0 2860 3492
107 0 2866 3498
108 0 2831 3515
108 0 2833 3513
108 0 2848 3487
108 0 2850 3484
108 0 2854 3509
108 0 2856 3508
109 0 2840 3497
110 0 2836 3495
110 0 2837 3499
110 0 2839 3502
110 0 2839 3506
110 0 2842 3504
110 0 2844 3507
502 0 2820 3463
2086 0 2817 3514
2087 0 2824 3510
2841 0 2847 3514
2841 0 2850 3512
4077 0 2877 3483
4078 0 2820 3487
6090 0 2847 3499
6274 0 2861 3510
1173 0 2816 3561
1173 0 2819 3561
1174 0 2818 3559
1174 0 2819 3562
1175 0 2816 3560
2457 0 2877 3546
2458 0 2866 3546
2460 0 2851 3553
2462 0 2854 3541
2469 0 2842 3551
2470 0 2845 3553
2472 0 2841 3543
4094 0 2820 3556
4116 0 2816 3559
925 0 2855 3591
926 0 2857 3591
927 0 2872 3598
928 0 2875 3598
929 0 2862 3588
930 0 2864 3588
931 0 2854 3600
932 0 2859 3600
933 0 2863 3600
934 0 2867 3600
935 0 2851 3598
935 0 2870 3600
936 0 2852 3591
936 0 2863 3595
936 0 2871 3584
937 0 2864 3595
937 0 2872 3584
938 0 2858 3586
938 0 2865 3595
939 0 2866 3595
939 0 2876 3589
940 0 2867 3595
940 0 2871 3587
941 0 2868 3595
941 0 2876 3586
942 0 2869 3595
942 0 2873 3590
4092 0 2840 3589
4117 0 2832 3597
4117 0 2856 3610
740 0 2830 3697
757 0 2826 3685
761 0 2841 3691
936 0 2856 3683
937 0 2843 3675
937 0 2850 3682
938 0 2852 3677
939 0 2847 3676
940 0 2850 3673
941 0 2845 3684
942 0 2843 3682
4144 0 2854 3689
8412 0 2830 3698
8420 0 2831 3697
698 0 2841 3738
699 0 2852 3735
699 0 2855 3729
699 0 2861 3725
700 0 2850 3732
700 0 2857 3726
700 0 2865 3729
701 0 2849 3735
701 0 2853 3731
701 0 2859 3728
702 0 2856 3728
702 0 2862 3722
702 0 2864 3723
703 0 2853 3728
703 0 2856 3732
703 0 2863 3720
704 0 2854 3725
704 0 2862 3728
704 0 2862 3731
705 0 2855 3735
705 0 2858 3730
705 0 2865 3726
1968 0 2836 3740
1971 0 2835 3740
1972 0 2837 3740
713 0 2848 3921
713 0 2848 3926
713 0 2850 3923
713 0 2852 3921
713 0 2852 3926
4145 0 2838 3923
4145 0 2840 3912
4145 0 2843 3915
4145 0 2844 3938
4145 0 2847 3948
4145 0 2848 3915
4145 0 2848 3952
4145 0 2861 3914
4145 0 2869 3916
4145 0 2871 3957
4145 0 2878 3951
5554 0 2864 3957
5554 0 2867 3954
5554 0 2870 3955
5554 0 2874 3952
5817 0 2817 3935
5817 0 2817 3964
5817 0 2818 3955
5817 0 2818 3964
5817 0 2820 3950
5817 0 2822 3937
5817 0 2823 3930
5817 0 2823 3955
5817 0 2827 3926
5817 0 2828 3930
5817 0 2828 3947
5817 0 2828 3960
5817 0 2829 3960
5817 0 2831 3965
5817 0 2834 3948
5817 0 2836 3955
5817 0 2836 3964
5817 0 2838 3962
5817 0 2840 3956
5817 0 2841 3965
5817 0 2842 3958
5817 0 2845 3966
5817 0 2872 3967
5818 0 2817 3937
5818 0 2819 3965
5818 0 2821 3952
5818 0 2824 3939
5818 0 2825 3929
5818 0 2828 3962
5818 0 2830 3947
5818 0 2837 3955
5818 0 2837 3963
5818 0 2865 3967
8406 0 2848 3930
8408 0 2873 3936
8415 0 2872 3936
8416 0 2877 3947
8417 0 2874 3934
8422 0 2838 3912
8422 0 2845 3926
8422 0 2852 3951
8422 0 2857 3916
8422 0 2878 3954
8427 0 2871 3934
8432 0 2878 3948
8433 0 2872 3934
8436 0 2875 3935
8437 0 2879 3946
8441 0 2868 3934
8443 0 2846 3934
8450 0 2858 3931
8452 0 2876 3927
8454 0 2851 3933
8457 0 2871 3943
8458 0 2859 3934
8461 0 2872 3944
8462 0 2869 3927
8465 0 2870 3945
8466 0 2858 3936
8468 0 2865 3946
8469 0 2864 3945
8477 0 2871 3931
5817 0 2824 4002
5817 0 2826 3978
5817 0 2826 4009
5817 0 2829 3973
5817 0 2831 3990
5817 0 2832 3978
5817 0 2836 3994
5817 0 2837 3970
5817 0 2840 3974
5817 0 2842 3985
5817 0 2844 4005
5817 0 2845 3971
5817 0 2848 3975
5817 0 2848 3982
5817 0 2851 3971
5817 0 2852 3992
5817 0 2856 3973
5817 0 2859 3996
5817 0 2860 3977
5817 0 2860 3983
5817 0 2860 4012
5817 0 2863 3971
5817 0 2869 3968
5817 0 2869 3975
5817 0 2869 3990
5817 0 2872 4005
5817 0 2878 3976
5818 0 2820 3985
5818 0 2826 4004
5818 0 2829 3975
5818 0 2833 3992
5818 0 2839 3971
5818 0 2845 3984
5818 0 2845 4006
5818 0 2852 3980
5818 0 2858 3993
5818 0 2861 3979
5818 0 2869 3993
5818 0 2878 3979
8414 0 2851 3968
3483 0 2852 4561
3483 0 2853 4566
3483 0 2856 4568
3483 0 2864 4561
3483 0 2864 4563
3420 0 2823 4827
3420 0 2847 4814
3420 0 2847 4849
3420 0 2858 4831
234 0 2828 5091
234 0 2832 5108
234 0 2835 5079
234 0 2846 5067
234 0 2850 5111
234 0 2853 5086
234 0 2864 5071
235 0 2831 5070
235 0 2843 5106
235 0 2844 5080
235 0 2860 5079
235 0 2866 5104
235 0 2868 5096
998 0 2849 5087
999 0 2846 5087
1000 0 2840 5067
1001 0 2840 5076
1002 0 2826 5100
1003 0 2836 5105
1004 0 2856 5067
1005 0 2855 5076
1006 0 2869 5100
1007 0 2859 5105
4577 0 2833 5099
4578 0 2836 5087
4579 0 2834 5101
4580 0 2848 5096
4581 0 2842 5091
4582 0 2846 5097
4583 0 2847 5098
4584 0 2844 5092
4585 0 2835 5089
6227 0 2863 5101
6228 0 2857 5091
6229 0 2863 5086
8064 0 2826 9231
8064 0 2828 9252
8064 0 2829 9275
8064 0 2841 9239
8064 0 2844 9223
8064 0 2851 9264
8064 0 2859 9244
8064 0 2863 9223
8064 0 2864 9274
8064 0 2875 9255
8065 0 2820 9228
8065 0 2820 9273
8065 0 2832 9247
8065 0 2843 9260
8065 0 2848 9235
8065 0 2850 9220
8065 0 2856 9274
8065 0 2858 9251
8065 0 2868 9241
8065 0 2870 9263
8066 0 2819 9258
8066 0 2828 9240
8066 0 2831 9219
8066 0 2839 9267
8066 0 2840 9251
8066 0 2856 9267
8066 0 2860 9256
8066 0 2874 9275
8066 0 2875 9221
8066 0 2875 9234
2094 0 2825 9516
2094 0 2831 9515
2094 0 2834 9499
2094 0 2835 9526
2094 0 2836 9510
2094 0 2838 9490
2094 0 2840 9518
2094 0 2841 9498
2094 0 2844 9501
2094 0 2845 9495
2094 0 2845 9518
2094 0 2848 9483
2094 0 2849 9495
2094 0 2849 9517
2094 0 2852 9493
2094 0 2855 9491
2094 0 2857 9501
2094 0 2857 9523
2094 0 2860 9517
2094 0 2863 9493
2094 0 2864 9526
2094 0 2866 9512
2094 0 2867 9529
70 0 2848 9581
70 0 2864 9568
71 0 2853 9573
72 0 2860 9577
73 0 2859 9572
2005 0 2831 9562
2005 0 2840 9552
2006 0 2841 9559
2007 0 2837 9565
2008 0 2836 9558
2018 0 2843 9557
2834 0 2834 9568
2834 0 2856 9575
2834 0 2861 9568
3021 0 2834 9580
3021 0 2834 9584
3021 0 2836 9576
3021 0 2838 9582
3021 0 2842 9583
77 0 2832 9661
77 0 2834 9650
78 0 2834 9658
79 0 2830 9657
79 0 2840 9649
80 0 2834 9655
81 0 2838 9653
82 0 2840 9638
82 0 2842 9632
82 0 2843 9645
82 0 2844 9628
83 0 2840 9628
83 0 2841 9643
83 0 2845 9636
816 0 2852 9637
2005 0 2835 9602
2006 0 2839 9604
2007 0 2838 9610
2008 0 2845 9612
2018 0 2837 9623
2854 0 2860 9635
2854 0 2862 9638
7326 0 2857 9645
7492 0 2866 9675
64 0 2842 9766
65 0 2843 9761
66 0 2849 9763
67 0 2846 9756
68 0 2846 9760
2026 0 2862 9751
2028 0 2861 9747
2048 0 2837 9787
2048 0 2849 9779
2048 0 2853 9786
2048 0 2862 9776
2049 0 2849 9791
2049 0 2860 9763
2049 0 2860 9781
2049 0 2869 9776
2050 0 2831 9790
2050 0 2847 9784
2050 0 2854 9781
2050 0 2863 9769
2050 0 2875 9776
2051 0 2826 9791
2051 0 2842 9786
2051 0 2858 9772
2051 0 2871 9783
2052 0 2854 9776
2052 0 2866 9783
104 0 2851 9849
104 0 2855 9837
104 0 2856 9847
104 0 2857 9841
104 0 2859 9852
104 0 2861 9837
104 0 2864 9851
104 0 2867 9840
104 0 2868 9833
104 0 2869 9829
104 0 2870 9826
104 0 2871 9819
104 0 2871 9822
252 0 2835 9824
253 0 2829 9826
529 0 2825 9810
529 0 2828 9805
529 0 2829 9808
529 0 2829 9812
529 0 2833 9808
529 0 2834 9814
2048 0 2840 9792
2048 0 2842 9801
2049 0 2845 9795
2050 0 2833 9795
2051 0 2837 9797
3023 0 2850 9808
3023 0 2857 9822
3023 0 2859 9802
3023 0 2859 9814
3023 0 2864 9819
3023 0 2870 9799
3023 0 2871 9792
3023 0 2876 9806
5228 0 2877 9796
292 0 2860 9874
292 0 2860 9877
292 0 2862 9874
292 0 2862 9877
292 0 2867 9879
292 0 2868 9874
292 0 2869 9879
292 0 2870 9874
2390 0 2874 9872
2569 0 2869 9877
2784 0 2865 9871
2841 0 2822 9901
2841 0 2836 9905
2841 0 2838 9917
2841 0 2847 9919
2841 0 2848 9912
3022 0 2869 9912
4895 0 2864 9876
6254 0 2865 9876
6255 0 2865 9877
2841 0 2834 9940
2841 0 2836 9953
2841 0 2844 9944
2851 0 2864 9950
2851 0 2865 9951
2851 0 2866 9948
2851 0 2867 9948
2851 0 2867 9951
2851 0 2868 9950
3022 0 2819 9950
3022 0 2824 9934
3022 0 2827 9925
3022 0 2828 9956
3022 0 2857 9969
3022 0 2872 9972
4922 0 2866 9956
4118 0 2829 10083
4119 0 2827 10077
4133 0 2832 10079
4134 0 2832 10083
4148 0 2850 10092
4149 0 2850 10089
4150 0 2855 10089
4151 0 2850 10086
4152 0 2861 10080
4153 0 2855 10082
4154 0 2858 10076
4155 0 2864 10085
4156 0 2857 10075
292 0 2826 10152
292 0 2837 10148
292 0 2854 10125
292 0 2854 10164
292 0 2861 10167
292 0 2866 10126
292 0 2872 10118
2432 0 2842 10129
4896 0 2839 10128
4897 0 2855 10144
4899 0 2870 10140
4900 0 2870 10139
4901 0 2870 10138
6262 0 2824 10168
6263 0 2873 10166
2346 0 2835 10226
2356 0 2873 10209
2357 0 2828 10229
2358 0 2827 10199
2359 0 2869 10190
2360 0 2870 10200
2366 0 2869 10211
2368 0 2836 10205
2369 0 2838 10205
2370 0 2858 10225
2371 0 2860 10226
2373 0 2864 10227
2374 0 2835 10225
2375 0 2854 10195
2384 0 2841 10197
2394 0 2851 10225
2395 0 2850 10223
2402 0 2838 10195
2403 0 2855 10224
2405 0 2854 10199
2406 0 2865 10194
2407 0 2866 10206
2558 0 2868 10198
3098 0 2849 10184
4893 0 2871 10198
6045 0 2826 10215
6047 0 2822 10212
6048 0 2828 10210
6049 0 2847 10190
6050 0 2823 10220
6051 0 2825 10209
2021 0 2897 2727
2022 0 2891 2724
5241 0 2891 2723
5241 0 2900 2739
5241 0 2902 2701
5241 0 2906 2709
5241 0 2939 2718
5242 0 2894 2715
5242 0 2899 2734
5242 0 2901 2721
5242 0 2902 2727
5244 0 2911 2718
5244 0 2913 2726
5244 0 2921 2713
5244 0 2921 2727
5244 0 2927 2719
232 0 2887 2929
232 0 2893 2893
232 0 2911 2894
232 0 2915 2906
232 0 2918 2927
232 0 2919 2907
232 0 2941 2887
2062 0 2885 2926
2062 0 2888 2896
2062 0 2890 2907
2062 0 2898 2926
2062 0 2904 2892
2062 0 2910 2906
2062 0 2918 2896
2062 0 2921 2924
2062 0 2936 2910
2062 0 2937 2893
2845 0 2880 2922
2845 0 2881 2919
2845 0 2884 2921
2845 0 2910 2919
2845 0 2912 2916
2845 0 2913 2913
3959 0 2887 2914
3959 0 2901 2907
3959 0 2916 2914
3959 0 2925 2923
3959 0 2930 2903
3959 0 2939 2914
530 0 2918 2987
530 0 2937 2993
530 0 2938 2995
530 0 2940 2991
530 0 2942 2995
2094 0 2896 2945
2094 0 2903 2945
2094 0 2918 2963
2094 0 2921 2959
2094 0 2923 2985
2094 0 2925 2956
2094 0 2931 2987
2553 0 2932 2972
2845 0 2924 2979
2845 0 2927 2977
2845 0 2928 2973
2845 0 2933 2981
2845 0 2935 2973
2845 0 2936 2986
2845 0 2937 2978
2845 0 2939 2985
3020 0 2883 2996
3020 0 2884 3005
3020 0 2887 3006
3020 0 2888 2946
3020 0 2888 2998
3020 0 2890 3007
3020 0 2891 2994
3020 0 2892 2946
3020 0 2892 2997
3020 0 2892 3000
3020 0 2893 2948
3020 0 2894 3006
3020 0 2896 3000
3955 0 2935 2945
8695 0 2883 2951
2094 0 2916 3055
2094 0 2916 3062
2094 0 2919 3052
2094 0 2924 3060
2094 0 2927 3056
2094 0 2928 3058
2094 0 2932 3043
2094 0 2935 3046
2848 0 2909 3023
2848 0 2912 3019
2848 0 2920 3027
2848 0 2921 3024
2848 0 2922 3018
2848 0 2923 3027
2848 0 2924 3018
2848 0 2924 3022
2848 0 2928 3018
2848 0 2928 3022
3020 0 2914 3046
3020 0 2915 3048
3020 0 2916 3043
3020 0 2920 3046
3020 0 2921 3040
3020 0 2923 3046
3020 0 2927 3043
3020 0 2929 3047
3020 0 2930 3044
3020 0 2931 3032
3020 0 2932 3032
3020 0 2932 3054
3020 0 2932 3057
3020 0 2933 3048
6091 0 2918 3057
286 0 2937 3104
287 0 2931 3108
288 0 2914 3106
288 0 2934 3105
464 0 2880 3112
464 0 2882 3115
464 0 2886 3116
464 0 2889 3113
2848 0 2893 3078
2848 0 2897 3081
2848 0 2900 3080
2848 0 2902 3073
2848 0 2906 3084
2848 0 2908 3080
2848 0 2909 3077
4708 0 2906 3095
4712 0 2899 3119
4713 0 2912 3119
6235 0 2912 3118
1521 0 2923 3179
1521 0 2924 3181
1521 0 2926 3180
1522 0 2923 3180
1522 0 2925 3181
1522 0 2926 3179
2825 0 2902 3146
2826 0 2902 3150
2845 0 2881 3157
2845 0 2889 3146
3110 0 2889 3173
3205 0 2925 3143
3647 0 2939 3154
6543 0 2904 3178
6544 0 2907 3174
6545 0 2906 3172
7325 0 2920 3143
0 0 2939 3219
1064 0 2910 3226
1103 0 2927 3218
1105 0 2929 3222
1107 0 2930 3218
1146 0 2934 3210
2675 0 2940 3223
2854 0 2923 3251
2854 0 2927 3251
2854 0 2930 3243
2854 0 2933 3250
2854 0 2939 3242
3969 0 2930 3252
3970 0 2928 3244
3970 0 2934 3254
3971 0 2925 3256
3971 0 2931 3249
3971 0 2933 3244
3971 0 2935 3248
5007 0 2941 3236
8763 0 2916 3225
1172 0 2920 3291
1172 0 2923 3285
1176 0 2927 3320
1262 0 2924 3318
1262 0 2924 3325
1307 0 2916 3323
2693 0 2921 3319
2693 0 2923 3325
2693 0 2926 3322
2699 0 2920 3320
2699 0 2922 3320
2787 0 2920 3318
2787 0 2925 3324
2790 0 2917 3289
2790 0 2925 3282
2790 0 2926 3271
2790 0 2936 3274
2791 0 2921 3287
2791 0 2933 3274
2793 0 2920 3285
2793 0 2924 3277
2793 0 2924 3288
2793 0 2930 3269
2801 0 2920 3288
2801 0 2933 3276
3286 0 2905 3295
3286 0 2906 3288
3286 0 2912 3279
3286 0 2920 3266
3287 0 2909 3285
3287 0 2915 3273
3288 0 2908 3291
3288 0 2909 3282
3288 0 2917 3269
3289 0 2909 3294
3290 0 2918 3319
4731 0 2925 3303
5810 0 2932 3287
5811 0 2931 3280
5812 0 2937 3290
2056 0 2905 3335
2056 0 2909 3331
2056 0 2910 3337
2057 0 2907 3337
2057 0 2909 3334
2058 0 2906 3334
2059 0 2908 3333
0 0 2941 3432
2678 0 2933 3438
3258 0 2883 3431
3258 0 2884 3434
3258 0 2885 3418
3258 0 2888 3440
3258 0 2889 3448
3258 0 2890 3435
3258 0 2893 3419
3258 0 2893 3440
3258 0 2896 3442
3258 0 2897 3429
3258 0 2897 3436
3258 0 2898 3419
3258 0 2900 3449
3258 0 2902 3449
3258 0 2906 3441
3258 0 2913 3450
3258 0 2915 3446
3530 0 2924 3405
4728 0 2938 3422
4766 0 2913 3417
5118 0 2891 3454
7798 0 2885 3449
8532 0 2899 3427
3258 0 2921 3485
3258 0 2923 3478
3258 0 2927 3481
3258 0 2927 3489
3258 0 2930 3484
3994 0 2928 3456
3995 0 2904 3463
4114 0 2921 3514
4923 0 2903 3510
5045 0 2925 3486
8400 0 2934 3515
8400 0 2934 3516
8401 0 2931 3516
8401 0 2933 3514
8401 0 2936 3515
8401 0 2940 3517
401 0 2931 3536
1389 0 2918 3534
4083 0 2896 3528
4084 0 2893 3541
4085 0 2900 3532
4086 0 2891 3537
4086 0 2891 3539
4086 0 2892 3537
4086 0 2892 3539
4086 0 2893 3537
4086 0 2893 3539
4086 0 2894 3537
4086 0 2894 3539
4086 0 2895 3537
4086 0 2895 3539
4087 0 2900 3531
4087 0 2900 3533
4088 0 2885 3528
4088 0 2885 3533
4088 0 2900 3539
4088 0 2907 3542
4088 0 2911 3542
4089 0 2892 3532
4090 0 2893 3533
4091 0 2894 3532
4095 0 2893 3558
4096 0 2897 3549
4097 0 2900 3549
4099 0 2896 3566
4099 0 2897 3556
4100 0 2900 3556
4102 0 2906 3537
4104 0 2901 3564
4105 0 2919 3574
4106 0 2928 3546
4107 0 2919 3550
4108 0 2927 3559
4109 0 2910 3539
4110 0 2926 3536
4111 0 2916 3523
4112 0 2930 3566
4113 0 2924 3565
6201 0 2923 3566
6202 0 2918 3558
8141 0 2930 3557
936 0 2916 3631
937 0 2917 3634
939 0 2909 3641
4123 0 2906 3623
4124 0 2920 3622
4125 0 2923 3616
4126 0 2923 3612
4127 0 2916 3601
4128 0 2902 3604
4129 0 2922 3606
4130 0 2911 3612
4143 0 2904 3642
4135 0 2902 3696
4136 0 2898 3698
4137 0 2893 3700
4138 0 2889 3699
4139 0 2886 3698
4145 0 2888 3675
4145 0 2892 3685
4145 0 2900 3671
4146 0 2885 3670
4146 0 2893 3678
4767 0 2891 3676
710 0 2886 3723
710 0 2887 3720
710 0 2890 3721
710 0 2890 3724
710 0 2909 3736
711 0 2892 3726
711 0 2894 3725
711 0 2895 3728
711 0 2895 3730
711 0 2922 3757
712 0 2897 3737
712 0 2898 3733
712 0 2913 3736
713 0 2895 3751
713 0 2895 3755
713 0 2899 3751
713 0 2899 3755
713 0 2930 3765
714 0 2895 3740
714 0 2895 3744
714 0 2898 3740
714 0 2899 3744
714 0 2905 3739
714 0 2928 3763
715 0 2886 3758
715 0 2886 3762
715 0 2890 3756
715 0 2890 3762
715 0 2928 3753
5930 0 2912 3750
4145 0 2885 3944
4145 0 2886 3945
5817 0 2884 3966
5817 0 2901 3963
5817 0 2907 3965
5817 0 2924 3964
5817 0 2926 3965
5817 0 2938 3964
5817 0 2940 3954
5817 0 2941 3961
5817 0 2942 3944
5817 0 2943 3949
5817 0 2943 3953
5818 0 2885 3966
5818 0 2899 3964
5818 0 2905 3963
5818 0 2924 3965
5818 0 2939 3963
5818 0 2941 3951
8422 0 2882 3917
8422 0 2884 3955
8422 0 2893 3949
8422 0 2917 3941
8444 0 2884 3939
8446 0 2881 3931
8448 0 2888 3922
5817 0 2881 3970
5817 0 2884 3982
5817 0 2886 3973
5817 0 2891 3975
5817 0 2894 3988
5817 0 2899 3969
5817 0 2901 3980
5817 0 2902 3972
5817 0 2904 3970
5817 0 2910 3985
5817 0 2913 3982
5817 0 2915 3986
5817 0 2918 3969
5817 0 2920 3976
5817 0 2925 3978
5817 0 2927 3971
5818 0 2882 3971
5818 0 2889 3976
5818 0 2891 3969
5818 0 2893 3984
5818 0 2900 3970
5818 0 2903 3981
5818 0 2904 3973
5818 0 2906 3996
5818 0 2912 3984
5818 0 2921 3972
5818 0 2923 3980
2265 0 2906 4384
2266 0 2911 4387
2267 0 2913 4381
5946 0 2899 4394
5946 0 2908 4400
5946 0 2922 4399
5946 0 2930 4389
5947 0 2904 4399
5947 0 2919 4399
5947 0 2928 4392
5948 0 2897 4387
5948 0 2906 4369
5948 0 2918 4369
5948 0 2930 4376
5961 0 2897 4377
5961 0 2898 4391
5961 0 2901 4372
5961 0 2910 4369
5961 0 2916 4400
5962 0 2897 4382
5962 0 2899 4374
5962 0 2901 4397
5962 0 2912 4401
5962 0 2925 4372
5962 0 2930 4386
5963 0 2915 4369
5963 0 2926 4395
5963 0 2930 4382
2265 0 2906 4448
2266 0 2911 4451
2267 0 2913 4445
5946 0 2908 4464
5946 0 2922 4463
5946 0 2930 4453
5947 0 2899 4458
5947 0 2904 4463
5947 0 2919 4463
5947 0 2928 4456
5948 0 2897 4451
5948 0 2906 4433
5948 0 2918 4433
5948 0 2930 4440
5961 0 2897 4441
5961 0 2898 4455
5961 0 2901 4436
5961 0 2910 4433
5961 0 2916 4464
5962 0 2897 4446
5962 0 2899 4438
5962 0 2901 4461
5962 0 2912 4465
5962 0 2915 4433
5962 0 2930 4446
5962 0 2930 4450
5963 0 2925 4436
5963 0 2926 4459
1320 0 2940 4678
5382 0 2934 4700
5383 0 2935 4678
5421 0 2924 4702
1010 0 2910 5100
1011 0 2909 5098
1013 0 2909 5076
1014 0 2915 5088
1016 0 2914 5099
1017 0 2905 5094
1018 0 2908 5078
1019 0 2906 5077
4600 0 2914 5104
4601 0 2916 5104
4610 0 2905 5087
4610 0 2906 5086
4610 0 2906 5089
4610 0 2908 5087
4610 0 2909 5083
4610 0 2909 5089
4610 0 2911 5082
4610 0 2913 5103
4610 0 2914 5102
4610 0 2914 5105
4611 0 2905 5084
4611 0 2906 5083
4611 0 2908 5085
4611 0 2910 5085
4611 0 2910 5090
4611 0 2911 5083
4611 0 2911 5086
4611 0 2911 5103
4611 0 2917 5102
4611 0 2917 5105
4612 0 2904 5082
4612 0 2907 5081
4612 0 2907 5084
4612 0 2907 5090
4612 0 2910 5081
4612 0 2911 5088
4612 0 2912 5085
4612 0 2912 5102
4612 0 2912 5105
4612 0 2915 5103
2205 0 2897 5269
2206 0 2903 5261
2207 0 2896 5264
2208 0 2902 5274
2209 0 2910 5265
2209 0 2915 5272
2210 0 2913 5267
2211 0 2915 5267
2212 0 2910 5267
2213 0 2918 5271
3135 0 2916 5269
3140 0 2917 5274
3141 0 2911 5270
1801 0 2907 5488
1802 0 2907 5495
1803 0 2910 5493
1804 0 2912 5485
1805 0 2923 5490
1806 0 2921 5495
1813 0 2909 5472
2956 0 2922 5471
2957 0 2924 5463
2958 0 2926 5461
2959 0 2934 5460
2960 0 2935 5468
2961 0 2928 5469
2962 0 2925 5475
2963 0 2931 5477
5796 0 2899 5466
5797 0 2891 5470
5798 0 2897 5478
5799 0 2900 5480
5800 0 2891 5483
5801 0 2900 5485
5802 0 2898 5460
5803 0 2900 5455
5804 0 2899 5449
5805 0 2903 5451
5806 0 2904 5457
5807 0 2917 5455
10652 0 2909 5812
10652 0 2913 5808
10652 0 2918 5815
10652 0 2920 5809
10652 0 2934 5797
10652 0 2937 5811
10652 0 2938 5794
10652 0 2940 5795
10653 0 2921 5807
10686 0 2922 5788
10686 0 2926 5784
10686 0 2928 5777
10700 0 2914 5772
10700 0 2926 5770
10700 0 2927 5785
10704 0 2922 5821
7098 0 2901 9122
7098 0 2901 9126
7098 0 2910 9143
7098 0 2914 9143
7098 0 2916 9143
7098 0 2921 9123
7098 0 2921 9127
7212 0 2902 9122
7212 0 2903 9127
7212 0 2903 9135
7212 0 2904 9131
7212 0 2905 9117
7212 0 2905 9123
7212 0 2905 9137
7212 0 2907 9120
7212 0 2907 9125
7212 0 2907 9129
7212 0 2908 9114
7212 0 2909 9117
7212 0 2909 9132
7212 0 2910 9124
7212 0 2911 9112
7212 0 2912 9121
7212 0 2912 9127
7212 0 2912 9137
7212 0 2913 9123
7212 0 2914 9112
7212 0 2914 9117
7212 0 2914 9130
7212 0 2915 9133
7212 0 2916 9123
7212 0 2916 9128
7212 0 2917 9115
7212 0 2919 9118
7212 0 2919 9125
7212 0 2920 9134
5342 0 2917 9305
5343 0 2886 9294
5343 0 2931 9317
5344 0 2886 9293
5345 0 2917 9304
5346 0 2887 9312
5347 0 2933 9283
5348 0 2937 9299
5349 0 2892 9312
5349 0 2924 9292
5349 0 2934 9285
5349 0 2937 9301
5350 0 2897 9322
5350 0 2930 9294
5350 0 2934 9309
5351 0 2897 9321
5351 0 2933 9294
5351 0 2934 9317
5342 0 2886 9356
5342 0 2888 9381
5343 0 2895 9349
5343 0 2899 9368
5344 0 2891 9366
5344 0 2910 9349
5345 0 2892 9384
5345 0 2896 9362
5346 0 2888 9376
5346 0 2908 9354
5347 0 2889 9363
5347 0 2923 9355
5348 0 2894 9358
5348 0 2928 9348
5349 0 2898 9365
5349 0 2917 9353
5350 0 2886 9360
5350 0 2916 9347
5351 0 2901 9355
5351 0 2928 9354
2854 0 2899 9520
2854 0 2937 9494
2854 0 2938 9496
3019 0 2920 9486
5342 0 2912 9488
5342 0 2937 9503
5343 0 2903 9508
5343 0 2915 9529
5343 0 2936 9487
5344 0 2902 9482
5344 0 2937 9491
5345 0 2911 9475
5346 0 2911 9476
5346 0 2925 9482
5347 0 2923 9507
5348 0 2914 9529
5349 0 2901 9481
5349 0 2915 9528
5349 0 2932 9480
5350 0 2905 9509
5350 0 2911 9488
5351 0 2912 9475
5351 0 2932 9507
823 0 2929 9649
2854 0 2921 9653
2854 0 2923 9639
2854 0 2936 9648
3019 0 2929 9659
3019 0 2930 9648
3019 0 2936 9654
3980 0 2932 9642
3981 0 2933 9640
3982 0 2936 9650
290 0 2930 9699
290 0 2931 9703
300 0 2933 9693
516 0 2891 9693
516 0 2892 9678
516 0 2892 9682
516 0 2892 9696
516 0 2893 9702
516 0 2895 9711
516 0 2899 9682
516 0 2899 9705
516 0 2900 9678
516 0 2901 9711
516 0 2904 9690
516 0 2905 9692
516 0 2906 9673
516 0 2906 9706
516 0 2908 9694
516 0 2908 9702
516 0 2910 9691
516 0 2911 9677
516 0 2912 9682
516 0 2912 9688
516 0 2913 9694
516 0 2915 9710
516 0 2916 9692
516 0 2919 9679
516 0 2921 9708
517 0 2891 9701
517 0 2892 9710
517 0 2897 9675
517 0 2898 9688
517 0 2899 9709
517 0 2900 9701
517 0 2902 9693
517 0 2906 9687
517 0 2907 9676
517 0 2907 9711
517 0 2915 9703
517 0 2916 9677
517 0 2917 9682
517 0 2917 9695
517 0 2920 9703
517 0 2923 9710
2854 0 2930 9701
2854 0 2932 9687
2854 0 2932 9692
2854 0 2932 9697
4925 0 2931 9685
4929 0 2892 9680
241 0 2895 9765
242 0 2895 9769
242 0 2925 9788
243 0 2900 9763
265 0 2920 9784
266 0 2912 9779
267 0 2906 9774
267 0 2911 9787
268 0 2903 9780
269 0 2903 9786
291 0 2915 9760
291 0 2922 9757
291 0 2925 9769
291 0 2928 9761
291 0 2932 9784
291 0 2938 9788
2098 0 2913 9732
2099 0 2905 9732
2100 0 2907 9735
2101 0 2902 9736
2103 0 2913 9741
3025 0 2929 9752
3025 0 2934 9775
3025 0 2935 9758
3025 0 2935 9769
3025 0 2941 9779
4928 0 2889 9766
4928 0 2890 9766
4928 0 2891 9766
70 0 2887 9821
71 0 2885 9823
71 0 2886 9812
72 0 2886 9816
73 0 2885 9819
73 0 2886 9825
77 0 2884 9836
85 0 2900 9819
85 0 2915 9851
86 0 2907 9818
86 0 2909 9848
87 0 2905 9851
87 0 2912 9820
88 0 2901 9848
88 0 2920 9818
89 0 2894 9849
89 0 2936 9829
90 0 2888 9849
90 0 2938 9836
91 0 2933 9838
92 0 2920 9848
241 0 2911 9797
241 0 2911 9808
241 0 2923 9793
242 0 2892 9799
242 0 2909 9806
242 0 2918 9792
243 0 2904 9796
243 0 2917 9801
265 0 2899 9802
267 0 2897 9797
268 0 2904 9802
517 0 2939 9812
517 0 2943 9801
520 0 2929 9848
520 0 2931 9846
520 0 2932 9852
520 0 2936 9846
520 0 2936 9852
520 0 2937 9849
2005 0 2931 9807
2006 0 2932 9810
2007 0 2926 9802
2008 0 2931 9798
2018 0 2936 9793
2834 0 2904 9832
2834 0 2908 9830
2834 0 2909 9837
2834 0 2914 9828
2834 0 2914 9840
2834 0 2919 9831
2834 0 2921 9826
2834 0 2922 9834
2834 0 2925 9830
3019 0 2891 9834
3019 0 2893 9828
3019 0 2896 9833
266 0 2908 9905
2834 0 2889 9907
2834 0 2896 9911
2834 0 2934 9887
2834 0 2936 9896
2834 0 2939 9892
5126 0 2900 9863
5126 0 2903 9862
5126 0 2908 9865
5126 0 2913 9862
5126 0 2917 9865
5126 0 2920 9863
5131 0 2914 9867
5133 0 2913 9867
5133 0 2915 9867
5133 0 2916 9867
5133 0 2917 9867
2085 0 2880 9927
2085 0 2883 9932
2085 0 2883 9965
2085 0 2884 9959
2085 0 2887 9955
2085 0 2890 9950
2085 0 2891 9941
2135 0 2909 9972
2136 0 2908 9972
2137 0 2906 9960
2137 0 2911 9959
2137 0 2919 9961
2137 0 2929 9959
2137 0 2937 9971
2138 0 2906 9963
2138 0 2928 9972
2138 0 2938 9958
2139 0 2913 9971
2139 0 2919 9964
2139 0 2933 9963
2139 0 2937 9963
2140 0 2913 9963
2140 0 2918 9971
2140 0 2924 9971
2140 0 2927 9964
2141 0 2919 9968
2141 0 2924 9958
2141 0 2932 9966
2141 0 2932 9970
2142 0 2916 9958
2142 0 2927 9967
2142 0 2933 9959
3022 0 2885 9962
3022 0 2887 9936
939 0 2921 10032
941 0 2925 10034
942 0 2924 10031
4143 0 2921 10027
2388 0 2906 10171
2392 0 2922 10166
2231 0 2890 10224
2231 0 2890 10226
2347 0 2906 10205
2361 0 2892 10212
2362 0 2888 10212
2363 0 2885 10207
2364 0 2885 10197
2365 0 2925 10210
2367 0 2887 10189
2376 0 2931 10184
2377 0 2929 10191
2378 0 2931 10191
2379 0 2930 10188
2380 0 2931 10187
2383 0 2916 10195
2385 0 2919 10180
2386 0 2925 10176
2387 0 2936 10181
2388 0 2925 10180
2389 0 2908 10188
2393 0 2906 10198
2396 0 2923 10203
2397 0 2924 10213
2398 0 2933 10219
2399 0 2899 10218
2400 0 2926 10225
2401 0 2900 10227
2404 0 2906 10216
2433 0 2888 10227
2439 0 2943 10182
2783 0 2885 10202
3197 0 2904 10207
3198 0 2912 10222
4572 0 2913 10189
4592 0 2930 10213
6046 0 2889 10207
6047 0 2891 10192
6048 0 2891 10199
2848 0 2954 2904
2848 0 2958 2900
2848 0 2958 2903
2848 0 2961 2896
2848 0 2948 2970
2848 0 2948 3001
2848 0 2950 2997
2848 0 2952 2973
2848 0 2953 2965
6092 0 2970 2973
281 0 2974 3068
281 0 2977 3052
281 0 2987 3034
281 0 2990 3025
281 0 2992 3040
1330 0 3001 3033
1332 0 3001 3034
1429 0 2999 3043
1430 0 2944 3040
1460 0 2956 3025
1830 0 3003 3069
1830 0 3007 3063
5457 0 2953 3056
5457 0 2953 3061
5457 0 2957 3032
5457 0 2969 3034
5457 0 2983 3049
5729 0 2955 3029
5729 0 2957 3055
5729 0 2969 3042
5729 0 2976 3064
5729 0 2983 3061
5729 0 2987 3049
5729 0 2988 3058
5729 0 2995 3061
5729 0 3001 3049
1331 0 2954 3157
1333 0 2954 3156
1523 0 2986 3176
1523 0 2996 3158
2591 0 2981 3190
2859 0 2995 3191
2860 0 2999 3194
3230 0 2983 3196
3648 0 2953 3147
3652 0 2948 3146
4733 0 3001 3144
4734 0 2994 3138
4735 0 2969 3146
1614 0 2950 3212
2823 0 2947 3217
2824 0 2948 3217
2855 0 2953 3204
2855 0 2955 3202
2855 0 2959 3202
2855 0 2960 3205
3029 0 2997 3216
3030 0 2995 3209
3031 0 2996 3201
3032 0 2998 3205
3033 0 2999 3208
3034 0 2999 3211
3035 0 3002 3210
3036 0 3002 3206
3051 0 3001 3202
3052 0 3004 3201
3053 0 3003 3205
3054 0 3004 3209
3306 0 2963 3211
3369 0 2964 3210
4619 0 2968 3206
6530 0 2946 3205
8694 0 2957 3203
519 0 3007 3273
1556 0 2991 3271
1557 0 2990 3267
1558 0 2993 3269
1559 0 2989 3269
1783 0 2991 3269
3109 0 2959 3307
3254 0 3006 3321
3254 0 3006 3323
3254 0 3007 3323
5897 0 2973 3312
278 0 2952 3380
1173 0 2966 3346
1305 0 2946 3379
1315 0 2954 3373
1316 0 2957 3370
1618 0 2945 3366
1618 0 2946 3366
1618 0 2947 3366
1618 0 2948 3366
1798 0 2956 3337
1798 0 2962 3338
1798 0 2972 3345
1798 0 2978 3348
1798 0 2983 3330
1798 0 2983 3334
1798 0 2983 3343
1798 0 2987 3341
1798 0 2996 3342
1799 0 2973 3347
1799 0 2976 3339
1831 0 2958 3358
1831 0 2961 3360
1831 0 2967 3361
1831 0 2970 3359
1831 0 2975 3358
1831 0 2978 3358
1831 0 2989 3383
1838 0 2977 3357
1838 0 2981 3358
1838 0 2992 3383
1839 0 2978 3356
1839 0 2982 3357
1839 0 2989 3384
1839 0 2992 3384
2002 0 2982 3358
2003 0 2990 3379
2004 0 2993 3386
2679 0 3001 3373
2819 0 2957 3386
2820 0 2955 3389
3097 0 2983 3369
3214 0 2979 3383
3267 0 2990 3384
3269 0 2948 3353
3269 0 2962 3381
3269 0 2965 3384
3270 0 2944 3376
3271 0 2956 3382
3271 0 2964 3376
3271 0 2965 3391
3272 0 2950 3376
3272 0 2968 3379
3275 0 2996 3381
4687 0 2997 3373
4737 0 2977 3342
5007 0 2947 3329
5007 0 2951 3360
5524 0 2977 3346
5896 0 2951 3386
6523 0 2949 3366
6529 0 2944 3334
6800 0 2990 3345
7458 0 2976 3347
10428 0 2990 3365
10648 0 2956 3367
290 0 2998 3445
290 0 2999 3453
1416 0 2965 3445
1417 0 2970 3441
1418 0 2980 3438
1419 0 2973 3453
1420 0 2977 3450
1421 0 2982 3444
3269 0 2962 3398
3269 0 2964 3394
3269 0 2967 3393
3271 0 2966 3396
3279 0 2986 3434
3280 0 2986 3438
3281 0 2979 3436
3282 0 2978 3443
3283 0 2967 3452
3893 0 2952 3451
9392 0 2967 3411
10638 0 3003 3435
655 0 2955 3507
655 0 2964 3511
656 0 2969 3489
657 0 2954 3500
657 0 2962 3503
657 0 2965 3494
658 0 2951 3501
658 0 2952 3507
659 0 2951 3483
659 0 2953 3487
659 0 2957 3492
660 0 2951 3481
661 0 2959 3499
662 0 2952 3510
663 0 2957 3508
664 0 2957 3482
664 0 2958 3507
665 0 2957 3484
665 0 2963 3514
667 0 2954 3491
667 0 2956 3500
668 0 2951 3497
668 0 2954 3503
669 0 2958 3511
670 0 2957 3511
1965 0 2955 3510
2839 0 2966 3456
2839 0 2967 3480
2839 0 2973 3482
2839 0 2979 3501
3106 0 3006 3458
4813 0 2995 3468
4813 0 2998 3465
4813 0 3001 3470
4813 0 3003 3483
4813 0 3004 3496
4813 0 3005 3473
4813 0 3005 3480
4813 0 3005 3485
4813 0 3005 3501
4813 0 3006 3468
5122 0 2966 3466
5125 0 2967 3473
6275 0 2970 3473
10639 0 2996 3495
10643 0 2994 3497
10646 0 2993 3494
10649 0 2995 3491
510 0 2981 3562
510 0 2987 3569
510 0 2988 3563
512 0 2976 3570
512 0 2977 3565
512 0 2980 3575
512 0 2984 3568
512 0 2985 3575
260 0 2982 3618
263 0 2973 3620
264 0 2977 3611
2838 0 2988 3671
2838 0 3001 3674
2854 0 2954 3707
2854 0 2955 3702
2854 0 2956 3704
2854 0 2958 3706
2854 0 2960 3702
2854 0 2966 3691
2854 0 2967 3688
2854 0 2973 3686
2854 0 2973 3690
2854 0 2974 3705
2854 0 2976 3697
2854 0 2981 3699
2854 0 2996 3700
2854 0 2997 3702
2854 0 2999 3700
2854 0 3000 3703
2856 0 2967 3694
2856 0 2973 3694
2856 0 2977 3700
2863 0 2969 3686
2864 0 2962 3689
2864 0 2971 3690
3017 0 2985 3677
3017 0 2987 3687
3017 0 2989 3684
3017 0 2990 3688
3017 0 2992 3689
3019 0 2982 3683
3019 0 2987 3683
3019 0 2988 3679
3019 0 2989 3686
3019 0 2991 3692
3019 0 2993 3684
6618 0 2977 3702
77 0 2977 3753
77 0 2980 3763
85 0 2962 3755
85 0 2968 3749
85 0 2968 3761
85 0 2985 3749
85 0 2985 3761
85 0 2990 3755
2196 0 2967 3765
3106 0 2974 3742
6608 0 2960 3744
6608 0 2960 3751
6608 0 2961 3762
6608 0 2965 3754
6608 0 2966 3761
6608 0 2968 3744
6608 0 2970 3755
6608 0 2971 3761
6608 0 2972 3748
6608 0 2974 3741
6608 0 2976 3759
6608 0 2977 3748
6608 0 2981 3739
6608 0 2981 3756
6608 0 2981 3766
6608 0 2983 3746
6608 0 2987 3752
6608 0 2989 3764
6608 0 2990 3743
6608 0 2991 3750
6608 0 2992 3760
6111 0 2950 3820
7995 0 2954 3818
2085 0 2952 3902
2085 0 2953 3889
2086 0 2954 3894
2087 0 2947 3895
2087 0 2958 3898
2841 0 2945 3866
2841 0 2946 3857
2841 0 2948 3878
2841 0 2948 3886
2841 0 2952 3874
2841 0 2953 3858
2841 0 2954 3877
2841 0 2954 3883
2841 0 2957 3887
2841 0 2958 3866
2841 0 2959 3876
2841 0 2962 3883
2841 0 2963 3874
6619 0 2979 3846
6620 0 2973 3843
6620 0 2977 3848
6620 0 2979 3840
6620 0 2982 3851
6620 0 2983 3842
6620 0 2983 3847
77 0 2992 3942
79 0 2989 3944
81 0 2982 3947
108 0 2988 3921
108 0 2991 3924
108 0 2992 3917
108 0 2994 3921
108 0 3002 3924
108 0 3004 3917
108 0 3005 3926
108 0 3006 3921
2085 0 2947 3921
2086 0 2950 3932
2086 0 2955 3945
2087 0 2978 3956
2841 0 2947 3934
2841 0 2948 3917
2841 0 2949 3926
2841 0 2952 3913
2841 0 2952 3936
2841 0 2954 3921
2841 0 2956 3930
2841 0 2964 3944
2841 0 2970 3947
2841 0 2971 3938
2841 0 2977 3953
2841 0 2978 3942
2841 0 2984 3933
3022 0 2959 3917
3022 0 2960 3925
3022 0 2961 3920
3022 0 2962 3915
3022 0 2962 3933
3022 0 2963 3923
3022 0 2963 3929
3022 0 2965 3927
3022 0 2965 3931
5886 0 2967 4791
5909 0 2958 4762
5909 0 2975 4762
5910 0 2957 4780
5910 0 2974 4780
5911 0 2960 4771
5911 0 2972 4771
5914 0 2954 4780
5914 0 2957 4770
5914 0 2982 4779
5914 0 2985 4769
5886 0 2977 4855
5909 0 2968 4826
5909 0 2985 4826
5910 0 2967 4844
5910 0 2984 4844
5911 0 2970 4835
5911 0 2982 4835
5914 0 2964 4844
5914 0 2967 4834
5914 0 2992 4843
5914 0 2995 4833
10652 0 2948 5817
10652 0 2956 5802
10652 0 2965 5783
10652 0 2967 5780
10652 0 2968 5784
10652 0 2976 5800
10652 0 2984 5808
10652 0 2987 5792
10652 0 2994 5813
10652 0 2999 5801
10694 0 2998 5775
10694 0 3001 5774
10694 0 3001 5788
10694 0 3002 5785
10694 0 3003 5779
10694 0 3003 5782
10696 0 2976 5775
10696 0 2978 5781
10696 0 2979 5770
10696 0 2979 5784
10696 0 2984 5773
10696 0 2984 5780
10696 0 2991 5780
10696 0 2992 5777
10702 0 2951 5779
10703 0 2959 5809
10705 0 2990 5803
513 0 2993 9545
513 0 2995 9548
513 0 2997 9544
513 0 2999 9550
523 0 2984 9575
523 0 2986 9582
523 0 2990 9571
523 0 2991 9583
523 0 2995 9576
523 0 2997 9569
523 0 2998 9572
523 0 2999 9584
523 0 3000 9579
1011 0 2985 9652
1013 0 2984 9656
1015 0 2989 9654
1017 0 2962 9640
1018 0 2980 9636
1019 0 2967 9633
1020 0 2960 9636
1020 0 2961 9633
1020 0 2963 9635
1020 0 2984 9636
1020 0 2985 9634
1020 0 2985 9638
1020 0 2987 9637
1020 0 2989 9637
1020 0 2990 9642
1020 0 2991 9636
1021 0 2961 9631
1021 0 2961 9636
1021 0 2963 9633
1021 0 2982 9631
1021 0 2983 9640
1021 0 2984 9632
1021 0 2985 9630
1021 0 2988 9636
1021 0 2988 9640
1021 0 2991 9632
1022 0 2959 9632
1022 0 2961 9635
1022 0 2963 9632
1022 0 2983 9638
1022 0 2985 9632
1022 0 2986 9640
1022 0 2987 9633
1022 0 2988 9642
1022 0 2989 9634
1022 0 2990 9639
2854 0 2961 9647
2854 0 2976 9634
2854 0 2989 9653
4591 0 2977 9639
4596 0 2962 9634
4597 0 2960 9633
2844 0 2955 9775
2844 0 2956 9790
2844 0 2957 9780
2844 0 2962 9791
2844 0 2966 9775
2844 0 2966 9787
10368 0 2962 9733
290 0 2984 9807
290 0 2992 9844
290 0 2994 9826
290 0 2995 9805
290 0 2998 9841
290 0 2999 9817
290 0 3000 9809
290 0 3000 9826
290 0 3001 9796
290 0 3001 9844
290 0 3002 9829
290 0 3005 9799
1353 0 2965 9811
1354 0 2966 9813
1355 0 2967 9813
1356 0 2968 9813
2391 0 2995 9837
2785 0 3003 9799
2844 0 2955 9795
4985 0 2985 9812
5904 0 2993 9828
8686 0 2998 9844
4850 0 2982 9909
4851 0 2980 9871
77 0 2998 10342
77 0 3002 10356
78 0 2994 10346
78 0 3006 10357
79 0 3003 10347
79 0 3004 10362
80 0 2998 10350
81 0 3006 10352
281 0 3010 2967
281 0 3012 3002
281 0 3013 2977
281 0 3019 2947
281 0 3049 2950
281 0 3051 3002
281 0 3053 2995
281 0 3055 2953
281 0 3055 2999
281 0 3063 2966
281 0 3068 2989
10563 0 3012 2985
10563 0 3013 2982
10563 0 3014 2984
10563 0 3024 2980
10563 0 3038 3005
10563 0 3041 3004
10563 0 3047 2959
820 0 3014 3189
1328 0 3039 3192
1331 0 3042 3192
1334 0 3039 3193
1447 0 3014 3191
1448 0 3014 3195
1461 0 3018 3189
1545 0 3018 3180
1551 0 3019 3185
1553 0 3013 3141
1553 0 3019 3154
1553 0 3020 3146
1553 0 3022 3157
1553 0 3025 3156
1553 0 3028 3158
1554 0 3037 3146
1555 0 3037 3153
2854 0 3011 3189
2854 0 3013 3183
2854 0 3013 3190
2854 0 3013 3194
2854 0 3015 3182
5444 0 3013 3192
8631 0 3050 3193
0 0 3064 3255
819 0 3047 3204
1063 0 3054 3245
1165 0 3045 3236
1166 0 3046 3234
1167 0 3049 3235
1313 0 3045 3257
1335 0 3047 3256
1336 0 3047 3257
1337 0 3049 3256
1338 0 3027 3204
1338 0 3028 3202
1338 0 3028 3232
1338 0 3028 3235
1338 0 3030 3236
1338 0 3031 3203
1338 0 3050 3203
1339 0 3029 3203
1339 0 3029 3236
1339 0 3049 3202
1770 0 3041 3202
2684 0 3060 3256
2889 0 3013 3248
2890 0 3014 3204
2891 0 3013 3225
2892 0 3028 3250
3106 0 3017 3238
3111 0 3011 3236
3252 0 3014 3232
3253 0 3016 3232
3643 0 3051 3253
3644 0 3028 3216
3645 0 3028 3221
3646 0 3026 3217
4573 0 3019 3233
4590 0 3019 3231
5905 0 3012 3259
6115 0 3044 3204
0 0 3053 3305
111 0 3018 3291
501 0 3038 3292
518 0 3009 3280
1172 0 3040 3301
1838 0 3015 3284
1839 0 3016 3284
2663 0 3053 3308
2790 0 3025 3307
2790 0 3029 3305
2790 0 3033 3305
2790 0 3037 3306
2791 0 3030 3300
2791 0 3040 3310
2793 0 3029 3311
2801 0 3027 3308
2801 0 3031 3311
2801 0 3042 3311
2803 0 3014 3292
2804 0 3016 3294
2804 0 3018 3283
2804 0 3027 3288
2804 0 3029 3286
2805 0 3018 3289
2805 0 3018 3294
2805 0 3019 3285
2805 0 3031 3286
2806 0 3015 3287
2806 0 3031 3288
2807 0 3014 3309
2808 0 3015 3309
2809 0 3017 3309
2810 0 3018 3309
2811 0 3019 3309
2854 0 3015 3295
2854 0 3019 3296
5007 0 3009 3307
5007 0 3011 3314
5007 0 3015 3314
7959 0 3030 3273
10441 0 3035 3296
0 0 3008 3370
294 0 3025 3347
295 0 3012 3337
296 0 3019 3333
3094 0 3010 3353
3094 0 3011 3353
3094 0 3012 3353
3094 0 3013 3353
3094 0 3014 3353
3102 0 3017 3374
3264 0 3029 3352
3265 0 3047 3365
3269 0 3036 3355
3270 0 3041 3355
3275 0 3019 3370
3276 0 3011 3386
5422 0 3027 3379
5792 0 3052 3373
6523 0 3015 3353
6707 0 3010 3379
6707 0 3023 3339
6707 0 3025 3360
6707 0 3045 3339
6707 0 3058 3371
7712 0 3017 3340
7713 0 3021 3338
7716 0 3018 3337
10417 0 3047 3343
10418 0 3038 3366
10633 0 3022 3342
290 0 3008 3436
290 0 3015 3435
290 0 3021 3437
290 0 3029 3445
1400 0 3011 3453
1401 0 3016 3450
1402 0 3021 3447
1403 0 3016 3448
1404 0 3017 3447
1409 0 3012 3444
1410 0 3015 3445
1411 0 3019 3446
1412 0 3014 3447
1413 0 3013 3451
1414 0 3013 3449
1415 0 3008 3442
1416 0 3038 3428
1416 0 3049 3427
1416 0 3063 3422
1417 0 3026 3432
1417 0 3044 3423
1417 0 3054 3418
1418 0 3033 3436
1418 0 3048 3418
1419 0 3044 3447
1419 0 3064 3444
1420 0 3039 3449
1420 0 3062 3439
1421 0 3040 3440
1421 0 3065 3435
4894 0 3022 3452
517 0 3022 3513
517 0 3023 3517
517 0 3027 3512
517 0 3028 3514
517 0 3029 3517
517 0 3030 3502
517 0 3031 3502
517 0 3032 3503
821 0 3013 3501
822 0 3069 3517
1265 0 3052 3516
1397 0 3049 3507
1405 0 3024 3463
1406 0 3030 3464
1407 0 3009 3458
1408 0 3023 3458
2577 0 3058 3484
2579 0 3045 3484
2579 0 3045 3497
2579 0 3050 3491
2579 0 3054 3491
2788 0 3052 3519
2789 0 3050 3518
2789 0 3054 3517
4331 0 3016 3516
4773 0 3008 3517
4774 0 3013 3515
4774 0 3017 3514
4775 0 3015 3514
4775 0 3018 3516
4776 0 3016 3513
4777 0 3028 3508
4778 0 3027 3506
4779 0 3030 3505
4780 0 3028 3505
5185 0 3015 3459
5185 0 3018 3456
5185 0 3027 3457
7749 0 3027 3509
3024 0 3025 3568
3024 0 3028 3577
3024 0 3032 3570
3024 0 3040 3581
3024 0 3041 3572
3024 0 3047 3567
3024 0 3055 3574
3024 0 3056 3566
3024 0 3062 3555
3024 0 3062 3570
70 0 3011 3590
70 0 3016 3596
70 0 3022 3586
71 0 3008 3595
71 0 3018 3584
71 0 3022 3595
72 0 3013 3586
72 0 3013 3602
72 0 3025 3597
73 0 3012 3597
73 0 3018 3592
73 0 3018 3599
73 0 3025 3590
531 0 3022 3624
531 0 3022 3639
531 0 3029 3638
531 0 3030 3626
531 0 3035 3632
531 0 3036 3624
531 0 3036 3639
2204 0 3046 3628
6606 0 3020 3623
6606 0 3021 3638
6606 0 3022 3626
6606 0 3023 3623
6606 0 3023 3629
6606 0 3023 3632
6606 0 3023 3638
6606 0 3025 3637
6606 0 3026 3626
6606 0 3030 3638
6606 0 3032 3626
6606 0 3035 3623
6606 0 3035 3625
6606 0 3035 3629
6606 0 3035 3634
6606 0 3037 3637
6606 0 3037 3639
301 0 3039 3700
302 0 3038 3695
303 0 3035 3696
1026 0 3029 3701
1026 0 3031 3685
1026 0 3032 3695
1026 0 3033 3705
1026 0 3037 3683
1026 0 3040 3703
1027 0 3036 3672
1027 0 3037 3661
1027 0 3038 3670
1027 0 3039 3660
1524 0 3050 3704
2201 0 3025 3706
2856 0 3049 3691
2864 0 3049 3695
6106 0 3034 3701
6605 0 3024 3696
6605 0 3029 3706
6605 0 3031 3698
6605 0 3035 3703
6605 0 3036 3669
6605 0 3037 3656
6605 0 3038 3662
6605 0 3038 3691
6605 0 3040 3683
6605 0 3044 3703
8688 0 3036 3707
8692 0 3025 3701
291 0 3019 3760
291 0 3019 3766
291 0 3021 3755
291 0 3025 3763
3027 0 3070 3829
3027 0 3070 3836
6784 0 3070 3839
517 0 3023 3849
517 0 3029 3852
517 0 3032 3851
517 0 3038 3854
517 0 3042 3856
517 0 3050 3849
517 0 3054 3852
517 0 3057 3842
517 0 3058 3854
2006 0 3017 3852
2007 0 3015 3851
2008 0 3014 3848
2018 0 3016 3845
3021 0 3046 3882
3021 0 3046 3884
3021 0 3047 3874
3021 0 3047 3876
3021 0 3047 3890
3021 0 3047 3892
3021 0 3049 3896
3021 0 3050 3871
3021 0 3052 3871
3021 0 3052 3896
3021 0 3058 3897
3021 0 3061 3897
3021 0 3067 3896
3021 0 3070 3896
6113 0 3068 3858
523 0 3039 3950
523 0 3039 3955
523 0 3039 3958
523 0 3040 3955
523 0 3041 3950
523 0 3041 3951
523 0 3041 3953
523 0 3041 3956
523 0 3043 3950
523 0 3043 3951
523 0 3043 3956
523 0 3043 3958
2198 0 3016 3947
6105 0 3022 3946
3588 0 3038 4395
1843 0 3025 4503
1844 0 3024 4506
1845 0 3037 4503
1845 0 3050 4494
1846 0 3027 4520
1852 0 3034 4505
1852 0 3059 4503
1853 0 3032 4505
1853 0 3045 4490
1854 0 3025 4513
1855 0 3031 4493
4541 0 3051 4486
6731 0 3042 4510
6479 0 3024 4770
6479 0 3051 4790
6480 0 3027 4786
6480 0 3051 4771
2583 0 3039 4834
2584 0 3014 4838
2584 0 3015 4828
2584 0 3015 4837
2584 0 3016 4824
2584 0 3016 4830
2584 0 3016 4834
2584 0 3016 4838
2584 0 3017 4813
2584 0 3017 4816
2584 0 3017 4825
2584 0 3018 4841
2584 0 3018 4844
2584 0 3019 4816
2584 0 3020 4847
2584 0 3021 4813
2584 0 3023 4851
2584 0 3025 4851
2584 0 3028 4854
2584 0 3029 4810
2584 0 3033 4854
2584 0 3038 4855
2584 0 3043 4809
2584 0 3044 4854
2584 0 3047 4853
2584 0 3051 4852
2584 0 3055 4811
2584 0 3055 4849
2584 0 3059 4817
2584 0 3060 4838
2584 0 3062 4837
2584 0 3066 4822
2585 0 3014 4826
2585 0 3017 4847
2585 0 3027 4808
2585 0 3040 4857
2585 0 3050 4855
2585 0 3056 4851
2585 0 3057 4817
2585 0 3057 4846
2585 0 3058 4848
2585 0 3059 4812
2585 0 3060 4810
2585 0 3060 4819
2585 0 3060 4824
2585 0 3060 4836
2585 0 3061 4841
2585 0 3063 4823
2585 0 3064 4830
2585 0 3064 4840
2586 0 3016 4832
2586 0 3017 4823
2586 0 3020 4817
2586 0 3022 4849
2586 0 3023 4813
2586 0 3025 4811
2586 0 3026 4809
2586 0 3028 4807
2586 0 3028 4811
2586 0 3030 4808
2586 0 3030 4856
2586 0 3031 4811
2586 0 3032 4808
2586 0 3034 4809
2586 0 3036 4808
2586 0 3037 4810
2586 0 3038 4807
2586 0 3040 4810
2586 0 3045 4811
2586 0 3047 4808
2586 0 3050 4811
2586 0 3052 4811
2586 0 3052 4855
2586 0 3053 4809
2586 0 3054 4813
2586 0 3058 4810
2586 0 3058 4813
2586 0 3058 4816
2586 0 3059 4844
2586 0 3060 4820
2586 0 3061 4811
2586 0 3061 4819
2586 0 3061 4828
2586 0 3062 4820
415 0 3016 4891
415 0 3018 4902
415 0 3023 4877
415 0 3025 4916
415 0 3029 4899
415 0 3035 4883
415 0 3036 4905
415 0 3046 4874
415 0 3046 4887
415 0 3048 4917
415 0 3053 4892
415 0 3056 4909
415 0 3061 4882
2584 0 3017 4903
2584 0 3017 4910
2584 0 3020 4877
2584 0 3021 4918
2584 0 3029 4917
2584 0 3030 4876
2584 0 3036 4909
2584 0 3040 4870
2584 0 3045 4916
2584 0 3050 4873
2584 0 3056 4912
2584 0 3061 4880
2584 0 3064 4901
2585 0 3020 4896
2585 0 3027 4914
2585 0 3038 4906
2585 0 3044 4884
2585 0 3052 4898
2585 0 3057 4908
2586 0 3020 4914
2586 0 3031 4872
2586 0 3031 4902
2586 0 3033 4886
2586 0 3043 4902
2586 0 3061 4915
2586 0 3063 4885
1834 0 3023 5339
1834 0 3023 5350
1834 0 3033 5343
1834 0 3035 5350
1834 0 3037 5330
1834 0 3038 5344
1834 0 3038 5361
1834 0 3040 5351
1834 0 3042 5347
1834 0 3052 5344
1834 0 3052 5353
2978 0 3021 5488
2978 0 3023 5486
2978 0 3025 5489
7418 0 3015 5583
7418 0 3028 5574
7419 0 3015 5606
7420 0 3011 5596
7420 0 3045 5576
7421 0 3031 5574
7422 0 3017 5577
7422 0 3035 5581
7423 0 3012 5578
7424 0 3010 5574
7424 0 3010 5604
7424 0 3013 5574
7424 0 3014 5592
7424 0 3015 5572
7424 0 3028 5571
7424 0 3032 5570
7424 0 3033 5573
7424 0 3045 5579
7426 0 3014 5624
7427 0 3058 5579
8132 0 3013 5625
10690 0 3014 5777
10690 0 3015 5772
10690 0 3017 5784
10690 0 3022 5772
10690 0 3024 5785
10690 0 3025 5774
10690 0 3025 5780
10692 0 3015 5808
10692 0 3017 5810
10692 0 3021 5812
10692 0 3022 5808
10692 0 3025 5802
10692 0 3025 5805
10706 0 3017 5779
9049 0 3031 6048
9052 0 3033 6067
465 0 3025 9543
465 0 3040 9569
465 0 3063 9554
465 0 3070 9566
466 0 3025 9553
466 0 3042 9562
466 0 3057 9539
466 0 3070 9560
466 0 3071 9574
467 0 3033 9554
467 0 3045 9553
467 0 3047 9560
467 0 3071 9554
467 0 3071 9581
468 0 3039 9541
468 0 3066 9545
468 0 3066 9562
468 0 3070 9586
1427 0 3058 9558
2088 0 3061 9573
2089 0 3057 9573
2089 0 3065 9571
2841 0 3044 9581
2841 0 3046 9575
2841 0 3048 9583
2841 0 3049 9590
2841 0 3053 9576
2841 0 3056 9583
2841 0 3056 9587
2841 0 3062 9576
2841 0 3062 9581
2842 0 3056 9572
2842 0 3060 9572
3049 0 3010 9578
3049 0 3010 9593
3049 0 3010 9595
3049 0 3011 9579
3049 0 3016 9578
3049 0 3016 9594
3050 0 3019 9591
7719 0 3017 9724
7720 0 3021 9707
3024 0 3038 9771
3024 0 3039 9790
3024 0 3041 9781
3024 0 3044 9787
3024 0 3045 9777
3024 0 3046 9767
3024 0 3047 9784
3024 0 3049 9777
3024 0 3054 9773
3024 0 3056 9778
3027 0 3040 9775
3027 0 3048 9770
6561 0 3059 9768
7712 0 3045 9758
7714 0 3020 9734
7715 0 3044 9730
7717 0 3032 9748
7718 0 3030 9746
290 0 3010 9813
290 0 3013 9811
290 0 3014 9814
290 0 3017 9819
290 0 3017 9851
290 0 3018 9809
290 0 3018 9814
290 0 3018 9835
290 0 3019 9845
290 0 3020 9849
290 0 3022 9851
290 0 3023 9820
290 0 3025 9828
290 0 3026 9833
290 0 3028 9816
290 0 3034 9848
290 0 3037 9844
290 0 3044 9830
290 0 3048 9823
290 0 3050 9813
290 0 3050 9827
290 0 3051 9817
290 0 3053 9826
290 0 3054 9821
2854 0 3026 9837
2854 0 3033 9827
2854 0 3042 9818
2854 0 3043 9815
3024 0 3039 9802
3024 0 3042 9793
3024 0 3042 9800
5895 0 3036 9846
6793 0 3069 9895
6793 0 3070 9881
7775 0 3036 9939
8001 0 3035 9937
8002 0 3035 9941
2210 0 3022 10122
2210 0 3027 10118
2211 0 3025 10124
2211 0 3028 10121
2212 0 3029 10127
2212 0 3040 10136
2213 0 3023 10127
2213 0 3031 10123
2214 0 3028 10130
2214 0 3032 10125
2233 0 3054 10136
2237 0 3040 10147
2237 0 3054 10120
2237 0 3057 10123
2237 0 3060 10127
2238 0 3049 10132
2238 0 3050 10122
2240 0 3043 10124
2240 0 3045 10129
2242 0 3056 10128
2242 0 3058 10131
2243 0 3042 10134
2243 0 3054 10124
2244 0 3048 10123
2244 0 3051 10125
2248 0 3047 10126
2249 0 3050 10129
3134 0 3040 10142
3134 0 3046 10144
3134 0 3053 10141
3135 0 3045 10139
3136 0 3050 10139
3137 0 3036 10141
3137 0 3037 10138
3138 0 3030 10125
3138 0 3032 10130
3138 0 3036 10139
3138 0 3041 10139
3138 0 3048 10141
3139 0 3039 10133
3139 0 3042 10131
3140 0 3038 10130
3140 0 3042 10128
3141 0 3052 10128
3141 0 3054 10131
3159 0 3022 10125
3159 0 3037 10144
3159 0 3039 10138
3159 0 3042 10145
3159 0 3053 10122
3160 0 3023 10157
3160 0 3024 10120
3160 0 3043 10136
3160 0 3045 10142
3160 0 3047 10138
3160 0 3058 10129
3161 0 3020 10159
3161 0 3027 10124
3161 0 3034 10144
3161 0 3037 10125
3161 0 3040 10152
3161 0 3043 10143
3166 0 3026 10156
3166 0 3037 10151
3167 0 3022 10147
3167 0 3031 10148
3168 0 3026 10142
3168 0 3032 10152
3169 0 3026 10163
3171 0 3025 10152
3175 0 3022 10162
3177 0 3027 10159
3179 0 3018 10155
3181 0 3031 10155
3182 0 3019 10149
3183 0 3026 10146
255 0 3048 10266
256 0 3054 10269
2027 0 3035 10245
2028 0 3030 10259
2029 0 3028 10250
3023 0 3037 10263
3023 0 3043 10262
3023 0 3044 10252
3023 0 3051 10257
3023 0 3055 10253
3023 0 3067 10255
3023 0 3067 10257
3023 0 3068 10253
3023 0 3069 10257
3023 0 3069 10259
291 0 3029 10313
291 0 3030 10308
291 0 3034 10310
291 0 3036 10311
2078 0 3046 10341
2078 0 3052 10347
2079 0 3047 10344
2079 0 3053 10338
2080 0 3049 10338
2098 0 3045 10321
2099 0 3042 10317
2100 0 3046 10315
2101 0 3045 10311
2102 0 3044 10306
2103 0 3045 10308
3016 0 3015 10318
3016 0 3016 10323
3016 0 3019 10313
3016 0 3020 10322
3016 0 3020 10329
3016 0 3025 10330
3016 0 3026 10339
3016 0 3028 10327
3016 0 3029 10334
3016 0 3030 10346
3016 0 3032 10342
3016 0 3039 10343
8698 0 3020 10355
8698 0 3060 10333
10584 0 3133 2842
234 0 3082 3077
234 0 3092 3082
234 0 3109 3090
234 0 3112 3093
235 0 3125 3084
236 0 3093 3086
236 0 3097 3085
236 0 3129 3091
236 0 3135 3084
3305 0 3075 3085
3308 0 3094 3107
3310 0 3127 3124
3312 0 3085 3122
3317 0 3099 3090
3317 0 3101 3092
3317 0 3103 3092
3318 0 3120 3125
3318 0 3122 3125
3319 0 3125 3106
7942 0 3128 3084
8503 0 3103 3095
2560 0 3115 3160
3257 0 3107 3158
3257 0 3110 3158
3257 0 3111 3166
3257 0 3111 3168
6108 0 3112 3158
277 0 3079 3249
500 0 3078 3251
512 0 3084 3236
512 0 3085 3238
516 0 3101 3220
1260 0 3085 3251
1525 0 3085 3230
1525 0 3086 3227
1613 0 3088 3242
1613 0 3090 3245
1618 0 3090 3242
1618 0 3090 3243
2109 0 3088 3255
2116 0 3095 3252
2123 0 3088 3247
2796 0 3075 3261
2796 0 3077 3259
2797 0 3075 3259
2797 0 3077 3260
2798 0 3076 3261
2799 0 3079 3261
2800 0 3079 3260
4274 0 3113 3263
4275 0 3123 3245
4276 0 3127 3248
4277 0 3109 3237
4278 0 3120 3238
4279 0 3121 3249
4280 0 3100 3258
4281 0 3128 3244
4282 0 3123 3242
4284 0 3086 3259
4289 0 3085 3219
4290 0 3079 3229
5007 0 3073 3250
5527 0 3096 3227
5528 0 3097 3227
5730 0 3080 3250
5732 0 3083 3247
5732 0 3083 3253
5832 0 3078 3258
8693 0 3081 3247
9392 0 3093 3238
518 0 3110 3295
2854 0 3100 3273
2854 0 3100 3277
3034 0 3110 3281
3035 0 3114 3310
3106 0 3100 3279
3251 0 3119 3276
3479 0 3098 3268
10440 0 3091 3266
0 0 3087 3352
2854 0 3099 3366
2854 0 3101 3355
3017 0 3075 3366
3017 0 3135 3340
3561 0 3110 3330
3565 0 3110 3367
4408 0 3093 3357
4410 0 3099 3370
4418 0 3103 3347
4418 0 3107 3337
4418 0 3107 3342
4418 0 3107 3344
4418 0 3108 3346
4418 0 3111 3339
4418 0 3111 3348
4418 0 3115 3344
4418 0 3120 3344
4418 0 3122 3335
6132 0 3072 3336
299 0 3081 3444
1324 0 3113 3413
1352 0 3084 3408
1526 0 3104 3424
1526 0 3110 3434
2837 0 3084 3454
2837 0 3090 3450
2872 0 3076 3429
3055 0 3079 3444
3056 0 3079 3409
3057 0 3079 3437
3058 0 3078 3436
3059 0 3083 3429
3060 0 3080 3423
3061 0 3078 3419
3062 0 3075 3445
3064 0 3076 3414
3065 0 3085 3409
3066 0 3096 3432
3067 0 3086 3440
3068 0 3078 3442
3069 0 3078 3440
3070 0 3084 3426
3071 0 3075 3420
3072 0 3086 3419
3073 0 3121 3422
3073 0 3126 3450
3074 0 3126 3431
3075 0 3118 3432
3076 0 3119 3444
3363 0 3081 3421
10645 0 3087 3415
10658 0 3075 3439
308 0 3096 3505
1325 0 3133 3509
1613 0 3096 3489
1613 0 3098 3492
1618 0 3096 3491
1618 0 3096 3492
2200 0 3099 3519
2821 0 3080 3511
2822 0 3081 3511
2854 0 3119 3485
2854 0 3122 3487
2854 0 3125 3485
3017 0 3131 3486
3017 0 3134 3483
3017 0 3135 3487
3106 0 3093 3512
3106 0 3097 3512
3106 0 3100 3509
3107 0 3100 3511
3108 0 3092 3510
3108 0 3097 3508
3108 0 3101 3509
3254 0 3085 3518
3254 0 3093 3518
3254 0 3109 3513
3254 0 3110 3515
3254 0 3114 3512
3254 0 3114 3517
3443 0 3122 3483
4167 0 3118 3474
4168 0 3119 3472
4169 0 3121 3471
4170 0 3123 3473
4171 0 3124 3476
4172 0 3123 3477
4173 0 3119 3477
4174 0 3117 3477
4175 0 3116 3473
4176 0 3118 3470
4808 0 3079 3492
5007 0 3073 3498
5007 0 3078 3461
5007 0 3078 3499
5007 0 3134 3487
5514 0 3121 3517
5515 0 3121 3518
7458 0 3090 3494
7663 0 3109 3516
10642 0 3088 3471
70 0 3072 3531
70 0 3112 3538
71 0 3096 3559
71 0 3117 3532
72 0 3106 3548
72 0 3116 3524
73 0 3074 3532
73 0 3107 3528
77 0 3081 3551
77 0 3106 3570
78 0 3102 3569
79 0 3103 3567
80 0 3104 3566
81 0 3106 3567
3228 0 3106 3558
2838 0 3075 3608
2838 0 3078 3601
2838 0 3083 3597
6590 0 3128 3636
7456 0 3128 3631
10377 0 3129 3637
10378 0 3134 3620
10379 0 3135 3632
10380 0 3127 3628
10381 0 3135 3636
10383 0 3133 3624
10385 0 3129 3617
10389 0 3134 3629
10396 0 3135 3627
85 0 3088 3700
86 0 3092 3692
87 0 3097 3700
90 0 3105 3696
92 0 3113 3689
2838 0 3098 3652
2838 0 3106 3677
2838 0 3110 3664
2838 0 3119 3673
2838 0 3120 3653
2838 0 3125 3693
3049 0 3075 3748
3049 0 3076 3774
3049 0 3078 3742
3049 0 3078 3754
3049 0 3078 3764
3049 0 3080 3750
3049 0 3080 3759
3049 0 3081 3770
3049 0 3083 3766
3049 0 3085 3742
3049 0 3085 3757
3049 0 3085 3773
3049 0 3087 3752
3049 0 3088 3758
3049 0 3088 3765
3049 0 3089 3770
3049 0 3092 3756
3049 0 3092 3763
3049 0 3094 3746
3049 0 3094 3772
3049 0 3096 3767
3049 0 3097 3756
3049 0 3097 3761
3049 0 3099 3770
3049 0 3105 3763
3049 0 3107 3758
260 0 3118 3820
261 0 3107 3812
262 0 3098 3821
263 0 3092 3810
264 0 3078 3810
2202 0 3072 3811
2912 0 3134 3786
2006 0 3094 3869
2008 0 3091 3861
2100 0 3104 3875
2101 0 3110 3854
2102 0 3117 3854
2103 0 3094 3849
3027 0 3075 3848
3027 0 3090 3841
526 0 3076 3916
526 0 3079 3909
1610 0 3100 3927
1610 0 3102 3938
1610 0 3116 3934
1611 0 3098 3925
1611 0 3100 3940
1611 0 3110 3934
1612 0 3098 3942
1612 0 3102 3929
1612 0 3113 3934
2834 0 3073 3961
2834 0 3074 3952
2834 0 3075 3955
2834 0 3076 3961
2834 0 3077 3949
2834 0 3079 3957
2834 0 3080 3961
5886 0 3107 4791
5909 0 3098 4762
5909 0 3115 4762
5910 0 3097 4780
5910 0 3114 4780
5911 0 3100 4771
5911 0 3112 4771
5914 0 3094 4780
5914 0 3097 4770
5914 0 3122 4779
5914 0 3125 4769
5886 0 3102 4855
5909 0 3093 4826
5909 0 3110 4826
5910 0 3092 4844
5910 0 3109 4844
5911 0 3095 4835
5911 0 3107 4835
5914 0 3089 4844
5914 0 3092 4834
5914 0 3117 4843
5914 0 3120 4833
6151 0 3127 9325
3307 0 3106 9509
3311 0 3081 9504
3313 0 3098 9519
3313 0 3099 9514
3313 0 3100 9517
3313 0 3100 9521
3313 0 3102 9513
3313 0 3103 9518
3313 0 3103 9521
3313 0 3104 9512
3313 0 3105 9514
3313 0 3105 9518
3313 0 3107 9516
3313 0 3107 9521
3313 0 3109 9518
465 0 3076 9578
466 0 3078 9585
467 0 3076 9567
468 0 3076 9557
1173 0 3109 9569
3257 0 3109 9558
5034 0 3103 9571
38 0 3119 9647
40 0 3124 9651
55 0 3124 9662
57 0 3122 9658
39 0 3086 9674
56 0 3088 9672
58 0 3096 9672
70 0 3115 9674
72 0 3123 9669
77 0 3109 9675
79 0 3101 9671
2854 0 3083 9673
2854 0 3091 9670
2854 0 3099 9674
2854 0 3106 9689
2854 0 3108 9672
2854 0 3113 9683
2854 0 3117 9694
2854 0 3118 9670
2854 0 3122 9673
2854 0 3123 9666
3461 0 3112 9690
2854 0 3093 9754
2854 0 3099 9755
2854 0 3099 9765
2854 0 3101 9748
2854 0 3103 9764
2854 0 3104 9760
2854 0 3111 9752
2854 0 3113 9754
2854 0 3116 9754
3019 0 3110 9745
3019 0 3111 9746
3019 0 3112 9748
3019 0 3112 9749
2098 0 3111 9841
2098 0 3117 9850
2099 0 3099 9832
2099 0 3117 9843
2100 0 3100 9836
2100 0 3122 9844
2101 0 3107 9835
2101 0 3110 9845
2102 0 3113 9831
2102 0 3117 9835
2103 0 3106 9827
2103 0 3116 9832
55 0 3124 9861
56 0 3119 9862
57 0 3126 9865
58 0 3130 9860
70 0 3132 9904
71 0 3114 9910
71 0 3132 9908
72 0 3128 9909
73 0 3132 9914
74 0 3095 9899
74 0 3095 9909
75 0 3096 9893
75 0 3099 9912
76 0 3094 9889
76 0 3098 9906
77 0 3121 9908
77 0 3134 9911
2854 0 3112 9884
2854 0 3124 9882
2856 0 3091 9897
2856 0 3102 9880
2856 0 3121 9893
2863 0 3089 9895
2863 0 3122 9889
2864 0 3117 9889
3017 0 3096 9878
3017 0 3097 9878
3049 0 3122 9874
3049 0 3126 9875
3050 0 3118 9871
3050 0 3123 9879
3050 0 3128 9876
4806 0 3080 9890
4809 0 3075 9880
4809 0 3075 9881
4809 0 3076 9880
4809 0 3076 9881
4809 0 3076 9886
4809 0 3076 9887
4809 0 3077 9883
4809 0 3077 9885
4809 0 3078 9881
4809 0 3078 9886
4809 0 3078 9894
4809 0 3079 9882
4809 0 3079 9888
4809 0 3079 9890
4809 0 3079 9895
4809 0 3080 9880
4809 0 3080 9888
4809 0 3080 9893
6793 0 3078 9901
6793 0 3081 9875
82 0 3101 9956
82 0 3104 9948
82 0 3104 9955
82 0 3108 9951
82 0 3108 9954
82 0 3111 9954
82 0 3112 9958
520 0 3104 9942
520 0 3105 9936
520 0 3106 9940
520 0 3107 9943
520 0 3109 9931
520 0 3110 9941
520 0 3111 9936
520 0 3111 9939
520 0 3114 9929
520 0 3115 9925
520 0 3115 9932
525 0 3123 9929
525 0 3127 9929
525 0 3127 9933
525 0 3130 9930
525 0 3131 9934
525 0 3132 9921
525 0 3132 9926
525 0 3133 9928
525 0 3134 9935
2049 0 3084 9957
2050 0 3092 9958
2052 0 3088 9961
2840 0 3118 9974
2840 0 3119 9971
2840 0 3120 9976
2840 0 3124 9974
3021 0 3118 9950
3021 0 3118 9956
3021 0 3120 9952
3021 0 3122 9955
3021 0 3124 9951
3021 0 3125 9958
3021 0 3126 9948
3021 0 3127 9956
3021 0 3128 9954
3023 0 3088 9945
3023 0 3089 9943
3023 0 3090 9944
4987 0 3087 9937
2840 0 3116 9992
2840 0 3118 9989
2840 0 3121 9992
2840 0 3122 9996
2840 0 3123 9988
2840 0 3125 9994
2840 0 3126 9992
6123 0 3119 9996
281 0 3138 2784
281 0 3139 2770
281 0 3139 2810
281 0 3148 2776
1792 0 3161 2782
1792 0 3171 2794
1792 0 3180 2760
1793 0 3172 2797
1794 0 3162 2785
1794 0 3175 2795
1794 0 3181 2763
1796 0 3173 2795
1797 0 3163 2783
1797 0 3182 2761
10635 0 3140 2795
10635 0 3140 2797
10635 0 3142 2802
281 0 3136 2816
281 0 3138 2863
281 0 3142 2830
281 0 3148 2852
1338 0 3139 2840
1338 0 3149 2842
1338 0 3154 2846
1338 0 3155 2848
1338 0 3156 2845
3024 0 3164 2862
3024 0 3178 2852
3024 0 3180 2856
3024 0 3182 2852
3024 0 3187 2862
3024 0 3193 2855
4184 0 3187 2818
4184 0 3190 2825
4184 0 3196 2826
4184 0 3197 2817
10583 0 3153 2840
10604 0 3138 2841
10605 0 3153 2831
10606 0 3173 2856
10607 0 3171 2831
10608 0 3174 2846
10609 0 3176 2831
10611 0 3149 2843
10612 0 3160 2850
10613 0 3169 2838
10614 0 3161 2839
10615 0 3167 2852
10616 0 3162 2843
10617 0 3155 2819
10618 0 3159 2847
10634 0 3165 2818
10634 0 3193 2841
6150 0 3191 2926
6771 0 3153 2911
687 0 3159 2981
690 0 3158 2977
690 0 3158 2987
690 0 3159 2979
690 0 3161 2983
690 0 3161 2986
690 0 3163 2980
690 0 3163 2982
690 0 3163 2986
690 0 3164 2978
690 0 3164 2984
691 0 3157 2989
691 0 3162 2989
692 0 3157 2986
692 0 3162 2987
693 0 3159 2977
694 0 3161 2977
694 0 3161 2981
694 0 3161 2982
694 0 3163 2977
695 0 3165 2960
695 0 3168 2989
695 0 3171 2975
695 0 3173 2972
695 0 3173 2981
695 0 3175 2974
695 0 3180 2992
695 0 3183 2974
695 0 3183 2975
695 0 3185 2985
695 0 3187 2984
1833 0 3175 2988
1966 0 3185 2983
2133 0 3178 2986
6107 0 3162 2982
18 0 3182 3043
23 0 3181 3043
684 0 3178 3043
2835 0 3173 3039
4637 0 3171 3025
4638 0 3159 3042
4638 0 3160 3039
4638 0 3163 3035
4638 0 3169 3030
4638 0 3172 3031
4638 0 3173 3035
4638 0 3176 3038
4638 0 3176 3043
4639 0 3170 3045
4649 0 3150 3044
4649 0 3172 3009
4649 0 3197 3012
4649 0 3198 3040
4650 0 3174 3010
4650 0 3198 3061
4650 0 3199 3016
4651 0 3153 3047
4651 0 3196 3063
4651 0 3199 3036
4652 0 3190 3054
4652 0 3192 3016
4655 0 3160 3031
4655 0 3162 3033
4655 0 3164 3031
4655 0 3177 3033
4655 0 3178 3030
4655 0 3180 3033
3309 0 3141 3088
3316 0 3138 3093
3316 0 3138 3095
3316 0 3140 3093
3316 0 3140 3094
3316 0 3140 3096
923 0 3146 3174
1896 0 3170 3176
2856 0 3154 3186
2856 0 3157 3198
2856 0 3161 3188
2856 0 3163 3173
2856 0 3168 3165
2856 0 3176 3161
2856 0 3189 3159
2856 0 3196 3166
2856 0 3197 3162
6278 0 3169 3170
6279 0 3171 3170
8700 0 3190 3180
8700 0 3194 3194
8700 0 3196 3170
8700 0 3196 3176
8700 0 3197 3189
8701 0 3175 3198
8701 0 3176 3165
8701 0 3177 3158
8701 0 3177 3191
8701 0 3179 3195
8701 0 3180 3173
8701 0 3181 3187
8701 0 3182 3177
8701 0 3185 3180
8701 0 3185 3182
8701 0 3185 3199
8701 0 3187 3161
8701 0 3188 3167
8701 0 3193 3157
8702 0 3157 3191
8702 0 3158 3172
8702 0 3158 3186
8702 0 3159 3176
8702 0 3163 3167
8702 0 3163 3197
8702 0 3166 3177
8702 0 3167 3163
8702 0 3170 3198
8702 0 3172 3167
8702 0 3173 3177
8702 0 3174 3189
8702 0 3175 3157
8702 0 3175 3171
8702 0 3177 3166
8702 0 3181 3196
8702 0 3182 3156
8702 0 3184 3183
8702 0 3185 3178
8702 0 3187 3162
8702 0 3191 3195
8702 0 3192 3179
8702 0 3193 3161
8702 0 3194 3166
8702 0 3194 3190
8702 0 3195 3175
8702 0 3197 3187
8702 0 3198 3181
0 0 3196 3228
234 0 3175 3226
234 0 3178 3228
234 0 3179 3226
234 0 3182 3251
234 0 3183 3254
238 0 3143 3210
238 0 3155 3253
238 0 3163 3261
238 0 3168 3258
513 0 3181 3216
1157 0 3149 3205
1158 0 3149 3207
1159 0 3151 3207
1160 0 3152 3205
1303 0 3185 3219
1308 0 3186 3218
2681 0 3193 3233
2693 0 3198 3261
2699 0 3193 3262
2786 0 3196 3259
2837 0 3140 3209
2854 0 3191 3204
2854 0 3193 3205
2854 0 3196 3206
2854 0 3197 3204
2859 0 3192 3207
2859 0 3197 3201
2860 0 3195 3207
2861 0 3194 3203
3017 0 3159 3223
3017 0 3162 3225
3017 0 3163 3222
3017 0 3165 3249
3017 0 3166 3242
3017 0 3167 3247
3017 0 3170 3245
3017 0 3170 3248
3019 0 3157 3225
3019 0 3158 3225
3019 0 3163 3226
3019 0 3165 3247
3019 0 3166 3248
3019 0 3168 3245
3019 0 3169 3243
3029 0 3141 3261
3029 0 3198 3255
3030 0 3142 3230
3030 0 3142 3260
3030 0 3197 3250
3031 0 3141 3258
3031 0 3143 3227
3031 0 3194 3248
3032 0 3145 3229
3033 0 3144 3231
3033 0 3183 3244
3033 0 3185 3246
3033 0 3192 3245
3034 0 3144 3233
3034 0 3144 3259
3034 0 3146 3260
3034 0 3183 3246
3034 0 3187 3244
3035 0 3146 3234
3036 0 3185 3244
3036 0 3187 3246
3045 0 3167 3205
731 0 3199 3267
732 0 3189 3273
1172 0 3172 3317
1173 0 3171 3293
1173 0 3171 3298
1173 0 3172 3291
1173 0 3173 3302
1173 0 3174 3291
1173 0 3174 3305
1173 0 3175 3293
1173 0 3175 3298
1173 0 3177 3304
1173 0 3178 3292
1173 0 3178 3298
1173 0 3179 3301
1173 0 3180 3298
1173 0 3181 3290
1173 0 3183 3296
1173 0 3183 3299
1173 0 3186 3279
1173 0 3189 3278
1174 0 3172 3293
1174 0 3173 3296
1174 0 3174 3297
1174 0 3174 3300
1174 0 3176 3289
1174 0 3176 3301
1174 0 3177 3296
1174 0 3177 3305
1174 0 3178 3295
1174 0 3181 3296
1174 0 3182 3301
1174 0 3183 3290
1174 0 3185 3277
1174 0 3187 3278
1174 0 3191 3277
1262 0 3195 3265
1263 0 3199 3270
1264 0 3196 3275
1838 0 3169 3270
1839 0 3170 3270
2001 0 3172 3271
2001 0 3173 3271
2003 0 3169 3274
2004 0 3166 3273
2004 0 3170 3275
2693 0 3198 3265
2693 0 3198 3272
2699 0 3197 3269
2786 0 3195 3272
2787 0 3194 3267
2790 0 3154 3325
2790 0 3165 3320
2790 0 3178 3318
2790 0 3182 3321
2790 0 3186 3326
2790 0 3188 3314
2790 0 3191 3311
2790 0 3194 3293
2790 0 3196 3283
2790 0 3197 3300
2790 0 3197 3316
2790 0 3197 3320
2791 0 3155 3321
2791 0 3160 3318
2791 0 3188 3318
2792 0 3171 3326
2792 0 3194 3289
2792 0 3194 3300
2793 0 3165 3326
2793 0 3173 3323
2793 0 3187 3322
2793 0 3195 3287
2793 0 3196 3311
2793 0 3197 3291
2793 0 3197 3297
2794 0 3156 3326
2794 0 3177 3322
2794 0 3181 3315
3029 0 3142 3294
3029 0 3144 3300
3029 0 3145 3303
3029 0 3147 3302
3029 0 3148 3296
3029 0 3150 3302
3029 0 3160 3289
3029 0 3172 3311
3029 0 3190 3283
3029 0 3190 3296
3030 0 3145 3305
3030 0 3147 3308
3030 0 3165 3288
3030 0 3183 3284
3031 0 3142 3297
3031 0 3146 3298
3031 0 3154 3309
3031 0 3156 3293
3031 0 3165 3292
3031 0 3175 3286
3031 0 3185 3285
3031 0 3188 3290
3031 0 3189 3300
3031 0 3197 3280
3033 0 3137 3287
3033 0 3137 3297
3033 0 3141 3304
3033 0 3142 3302
3033 0 3145 3310
3033 0 3146 3302
3033 0 3161 3307
3033 0 3169 3283
3033 0 3170 3286
3033 0 3180 3286
3033 0 3185 3282
3034 0 3162 3277
3034 0 3163 3286
3034 0 3165 3299
3034 0 3167 3289
3035 0 3146 3296
3035 0 3148 3300
3035 0 3151 3305
3035 0 3162 3287
3035 0 3167 3295
3035 0 3185 3307
3035 0 3189 3281
3036 0 3144 3299
3036 0 3144 3308
3036 0 3145 3294
3036 0 3149 3310
3036 0 3167 3287
3114 0 3154 3293
3114 0 3165 3324
3114 0 3181 3293
3243 0 3199 3289
3250 0 3147 3282
4627 0 3168 3307
0 0 3182 3354
513 0 3175 3361
814 0 3191 3362
1173 0 3196 3352
1173 0 3197 3353
1173 0 3198 3355
1174 0 3197 3352
1174 0 3198 3354
1838 0 3140 3387
1838 0 3143 3384
1838 0 3146 3382
1838 0 3148 3372
1838 0 3150 3368
1838 0 3150 3371
1838 0 3150 3373
1838 0 3157 3354
1838 0 3160 3351
1838 0 3163 3350
1838 0 3169 3345
1838 0 3169 3355
1838 0 3171 3355
1838 0 3172 3345
1838 0 3173 3356
1838 0 3174 3347
1838 0 3176 3347
1838 0 3176 3354
1838 0 3183 3348
1838 0 3191 3342
1838 0 3194 3341
1838 0 3194 3343
1838 0 3196 3339
1839 0 3142 3386
1839 0 3144 3382
1839 0 3147 3380
1839 0 3148 3374
1839 0 3150 3370
1839 0 3151 3371
1839 0 3152 3357
1839 0 3157 3352
1839 0 3161 3350
1839 0 3162 3351
1839 0 3164 3348
1839 0 3169 3346
1839 0 3172 3355
1839 0 3173 3346
1839 0 3175 3346
1839 0 3175 3354
1839 0 3177 3349
1839 0 3177 3352
2674 0 3181 3359
2790 0 3162 3335
2790 0 3169 3341
2790 0 3173 3332
2790 0 3180 3340
2790 0 3184 3334
2790 0 3195 3335
2791 0 3156 3342
2791 0 3158 3336
2791 0 3160 3329
2791 0 3169 3335
2791 0 3174 3341
2791 0 3177 3333
2791 0 3187 3336
2791 0 3189 3332
2791 0 3197 3331
2792 0 3160 3342
2792 0 3177 3339
2792 0 3187 3331
2793 0 3155 3331
2793 0 3164 3340
2793 0 3170 3329
2793 0 3182 3329
2793 0 3184 3341
2794 0 3155 3336
2794 0 3158 3329
2794 0 3173 3336
2794 0 3191 3336
3114 0 3192 3330
3243 0 3162 3338
4418 0 3138 3352
4418 0 3140 3360
4418 0 3143 3357
4418 0 3143 3365
5210 0 3186 3385
5217 0 3184 3385
5219 0 3184 3389
5220 0 3185 3390
6739 0 3198 3359
2658 0 3143 3444
2854 0 3151 3414
2897 0 3147 3448
2897 0 3187 3440
2897 0 3187 3444
2898 0 3148 3448
2898 0 3187 3438
2898 0 3187 3442
2922 0 3168 3440
3010 0 3173 3429
3010 0 3175 3423
3010 0 3180 3401
3011 0 3175 3428
3106 0 3154 3428
3108 0 3194 3396
3225 0 3187 3423
3500 0 3151 3410
3502 0 3150 3407
3504 0 3155 3406
5007 0 3177 3405
5036 0 3195 3404
5039 0 3161 3435
6521 0 3187 3436
6533 0 3139 3448
6708 0 3183 3406
6708 0 3185 3440
6708 0 3198 3429
8666 0 3187 3446
1633 0 3163 3489
1634 0 3166 3489
2148 0 3165 3488
2149 0 3164 3488
2150 0 3165 3491
2151 0 3164 3491
2152 0 3165 3477
3089 0 3166 3490
3115 0 3173 3498
5449 0 3156 3481
5450 0 3173 3481
5451 0 3152 3489
5452 0 3156 3498
5885 0 3170 3461
6528 0 3163 3490
6708 0 3145 3508
6708 0 3148 3477
6708 0 3176 3508
6708 0 3180 3474
6708 0 3193 3489
8368 0 3185 3516
8644 0 3141 3472
10732 0 3143 3470
10733 0 3143 3472
10759 0 3181 3471
525 0 3160 3568
525 0 3167 3576
525 0 3171 3579
525 0 3172 3561
525 0 3175 3572
525 0 3179 3564
525 0 3184 3580
525 0 3189 3563
525 0 3190 3570
2854 0 3136 3630
2854 0 3142 3628
2854 0 3146 3626
2854 0 3146 3633
2854 0 3149 3638
2854 0 3150 3631
2854 0 3158 3645
2854 0 3160 3644
2854 0 3161 3646
6604 0 3159 3593
6604 0 3161 3598
6604 0 3163 3587
6604 0 3168 3598
6604 0 3169 3588
6604 0 3171 3594
6604 0 3173 3590
6604 0 3173 3599
7320 0 3141 3636
8721 0 3143 3634
10370 0 3153 3629
10373 0 3142 3644
10382 0 3139 3626
10386 0 3151 3642
10387 0 3150 3644
10388 0 3152 3643
10392 0 3148 3643
45 0 3152 3674
45 0 3172 3669
45 0 3173 3685
45 0 3175 3680
46 0 3158 3676
46 0 3166 3663
46 0 3176 3677
46 0 3177 3686
46 0 3179 3680
47 0 3153 3658
47 0 3157 3681
47 0 3180 3684
48 0 3165 3678
48 0 3181 3675
48 0 3182 3682
59 0 3163 3685
60 0 3153 3676
61 0 3162 3665
61 0 3176 3682
62 0 3171 3675
63 0 3168 3668
260 0 3137 3707
261 0 3158 3708
262 0 3149 3695
263 0 3144 3707
264 0 3140 3700
6112 0 3157 3667
2854 0 3182 3726
2854 0 3183 3724
2854 0 3185 3725
2912 0 3138 3772
2912 0 3141 3769
2912 0 3142 3775
2912 0 3146 3774
2912 0 3152 3769
2912 0 3154 3773
2912 0 3158 3770
2912 0 3159 3774
3021 0 3145 3730
3021 0 3149 3734
3021 0 3150 3744
3021 0 3157 3740
3021 0 3164 3734
3021 0 3168 3736
3021 0 3170 3739
3021 0 3174 3733
3021 0 3178 3737
3021 0 3182 3744
3021 0 3183 3742
6596 0 3149 3725
6596 0 3153 3740
6596 0 3158 3746
6596 0 3177 3729
6596 0 3177 3744
6597 0 3146 3734
6597 0 3153 3729
6597 0 3163 3726
6597 0 3167 3743
6597 0 3173 3728
6598 0 3145 3742
6598 0 3156 3731
6598 0 3159 3723
6598 0 3174 3737
6598 0 3185 3739
77 0 3143 3802
78 0 3137 3798
78 0 3179 3786
2090 0 3144 3822
2091 0 3139 3818
2091 0 3140 3805
2093 0 3141 3826
2093 0 3145 3812
2093 0 3147 3805
2912 0 3136 3782
2912 0 3139 3780
2912 0 3140 3784
6593 0 3187 3812
6593 0 3190 3834
3018 0 3162 3882
3018 0 3163 3892
3018 0 3165 3889
3018 0 3165 3895
3018 0 3166 3883
3018 0 3168 3877
3018 0 3169 3888
3018 0 3171 3883
3018 0 3171 3894
3018 0 3173 3888
3018 0 3177 3877
3018 0 3181 3887
3019 0 3162 3887
3019 0 3163 3879
3019 0 3164 3881
3019 0 3164 3887
3019 0 3166 3886
3019 0 3167 3889
3019 0 3168 3886
3019 0 3168 3893
3019 0 3169 3883
3019 0 3171 3881
3019 0 3171 3889
3019 0 3173 3882
3019 0 3173 3885
3019 0 3174 3879
3019 0 3176 3887
3019 0 3177 3883
3019 0 3178 3885
13 0 3185 3933
104 0 3169 3956
104 0 3172 3944
104 0 3176 3950
104 0 3180 3906
104 0 3180 3917
104 0 3191 3914
1536 0 3181 3926
1536 0 3183 3926
1536 0 3185 3926
1536 0 3187 3927
2844 0 3187 3959
2844 0 3188 3961
2844 0 3189 3960
2844 0 3190 3959
2844 0 3191 3959
2844 0 3191 3961
2844 0 3192 3960
2844 0 3193 3958
2844 0 3194 3960
6599 0 3183 3945
6600 0 3178 3938
6600 0 3191 3934
6440 0 3165 4598
6440 0 3167 4577
6442 0 3143 4595
6442 0 3145 4598
6442 0 3182 4577
6442 0 3187 4578
6443 0 3158 4584
6443 0 3159 4577
6443 0 3169 4587
6445 0 3157 4568
6445 0 3185 4562
6446 0 3182 4562
6446 0 3185 4560
6447 0 3158 4552
6447 0 3163 4569
6447 0 3177 4549
6447 0 3184 4550
6449 0 3146 4596
6449 0 3163 4598
6450 0 3167 4589
6450 0 3172 4598
6451 0 3141 4598
6451 0 3170 4592
6453 0 3155 4583
6458 0 3154 4559
6459 0 3141 4557
6460 0 3143 4555
6461 0 3163 4559
6465 0 3173 4550
6465 0 3190 4551
6466 0 3190 4561
8133 0 3194 4569
6473 0 3146 4648
6473 0 3148 4645
6473 0 3151 4653
6473 0 3152 4647
6474 0 3140 4647
6474 0 3140 4653
6474 0 3146 4656
6474 0 3158 4647
6474 0 3158 4653
337 0 3163 4818
4164 0 3183 5205
4165 0 3159 5212
4166 0 3175 5217
3419 0 3189 6018
3419 0 3189 6020
3419 0 3189 6038
1845 0 3193 6139
253 0 3179 6179
3426 0 3167 6169
3426 0 3179 6158
3426 0 3196 6161
4004 0 3188 6183
4004 0 3191 6181
4004 0 3191 6184
4004 0 3192 6179
4004 0 3194 6180
6469 0 3188 6171
6469 0 3190 6168
9181 0 3156 6177
406 0 3186 9582
408 0 3189 9574
409 0 3189 9566
475 0 3161 9547
475 0 3162 9574
475 0 3164 9556
475 0 3198 9554
475 0 3198 9572
478 0 3151 9550
478 0 3151 9562
478 0 3154 9556
478 0 3159 9554
478 0 3183 9543
480 0 3150 9555
480 0 3153 9546
480 0 3157 9544
480 0 3157 9561
480 0 3159 9591
480 0 3162 9557
480 0 3164 9591
480 0 3168 9592
480 0 3178 9548
480 0 3180 9543
480 0 3181 9546
481 0 3149 9578
481 0 3150 9571
481 0 3152 9576
481 0 3156 9558
481 0 3164 9542
481 0 3169 9546
481 0 3172 9558
481 0 3178 9558
481 0 3181 9585
481 0 3182 9556
481 0 3184 9550
481 0 3187 9561
481 0 3187 9577
481 0 3189 9550
481 0 3191 9571
481 0 3191 9582
482 0 3148 9576
482 0 3152 9551
482 0 3153 9559
482 0 3153 9574
482 0 3157 9547
482 0 3159 9572
482 0 3160 9589
482 0 3163 9547
482 0 3166 9587
482 0 3167 9545
482 0 3167 9573
482 0 3168 9556
482 0 3170 9571
482 0 3175 9585
482 0 3181 9549
482 0 3184 9555
482 0 3184 9581
482 0 3185 9571
482 0 3187 9550
482 0 3193 9577
482 0 3194 9553
482 0 3194 9570
1497 0 3154 9544
6280 0 3168 9572
6281 0 3170 9572
1361 0 3184 9610
2535 0 3171 9620
2536 0 3159 9613
2536 0 3161 9616
2536 0 3161 9638
2536 0 3163 9628
2536 0 3167 9628
2536 0 3169 9638
2536 0 3179 9614
2537 0 3147 9620
2537 0 3152 9647
2537 0 3157 9642
2537 0 3159 9621
2537 0 3164 9626
2537 0 3166 9626
2537 0 3172 9622
2537 0 3173 9648
2537 0 3175 9640
2538 0 3150 9650
2538 0 3155 9629
2538 0 3158 9629
2538 0 3171 9629
2538 0 3177 9617
2538 0 3178 9644
2539 0 3165 9628
2540 0 3144 9619
2540 0 3150 9621
2540 0 3152 9627
2540 0 3157 9612
2540 0 3158 9611
2540 0 3160 9618
2540 0 3161 9614
2540 0 3162 9636
2540 0 3164 9630
2540 0 3166 9632
2540 0 3167 9634
2540 0 3169 9632
2540 0 3169 9634
2540 0 3172 9646
2540 0 3173 9655
2540 0 3182 9630
2541 0 3149 9624
2541 0 3161 9632
2541 0 3164 9634
2541 0 3166 9630
2541 0 3166 9636
2541 0 3172 9651
2541 0 3174 9643
2541 0 3175 9646
2541 0 3177 9630
2541 0 3181 9633
2542 0 3151 9625
2542 0 3153 9625
2542 0 3180 9630
2542 0 3181 9632
2542 0 3182 9631
2543 0 3162 9633
2543 0 3162 9635
2543 0 3164 9631
2543 0 3164 9633
2543 0 3166 9631
2543 0 3167 9633
6290 0 3169 9627
10435 0 3157 9698
10435 0 3163 9699
10435 0 3165 9678
10435 0 3167 9673
10435 0 3168 9692
10435 0 3171 9679
10435 0 3173 9688
10435 0 3177 9683
42 0 3139 9885
42 0 3146 9892
42 0 3147 9899
42 0 3150 9907
43 0 3140 9893
43 0 3143 9904
43 0 3147 9883
44 0 3148 9904
44 0 3150 9889
44 0 3151 9884
73 0 3138 9874
77 0 3137 9871
78 0 3139 9877
79 0 3141 9873
80 0 3144 9869
81 0 3141 9869
403 0 3147 9914
2090 0 3156 9906
2090 0 3158 9898
2090 0 3163 9877
2091 0 3158 9895
2091 0 3158 9904
2091 0 3164 9880
2092 0 3155 9903
2092 0 3167 9880
2093 0 3159 9901
2093 0 3166 9883
3021 0 3171 9884
3021 0 3174 9891
3021 0 3175 9881
3021 0 3176 9883
3021 0 3178 9880
3021 0 3178 9888
3021 0 3180 9883
3021 0 3183 9885
3021 0 3186 9892
7881 0 3199 10071
7932 0 3170 10155
7936 0 3162 10114
7934 0 3167 10195
7936 0 3184 10189
7943 0 3196 10224
9502 0 3177 12401
9502 0 3179 12410
9502 0 3180 12403
9502 0 3183 12399
9502 0 3188 12411
9502 0 3190 12406
9502 0 3194 12410
9503 0 3177 12405
9503 0 3180 12399
9503 0 3183 12411
9503 0 3187 12407
9503 0 3191 12402
9503 0 3192 12411
2916 0 3161 12457
2916 0 3163 12448
2916 0 3163 12454
2916 0 3168 12447
2916 0 3168 12454
2916 0 3170 12451
2916 0 3172 12474
2916 0 3174 12475
2916 0 3175 12471
2916 0 3178 12469
2916 0 3179 12475
2916 0 3182 12476
2916 0 3184 12469
2916 0 3184 12472
2916 0 3185 12445
2916 0 3185 12448
2916 0 3187 12451
2916 0 3190 12447
2916 0 3192 12450
2916 0 3192 12454
4005 0 3158 12427
4005 0 3161 12422
4005 0 3165 12431
4005 0 3169 12425
24 0 3243 2812
1322 0 3243 2813
1553 0 3236 2778
1267 0 3215 2841
1267 0 3217 2845
1267 0 3220 2841
4184 0 3258 2868
4184 0 3259 2823
4184 0 3259 2845
4184 0 3260 2830
4184 0 3260 2859
4184 0 3261 2819
4184 0 3261 2851
4185 0 3212 2863
4185 0 3213 2866
4185 0 3215 2863
4185 0 3216 2865
4185 0 3216 2868
4185 0 3218 2831
4185 0 3220 2830
4185 0 3220 2833
4185 0 3221 2831
4185 0 3238 2845
4185 0 3240 2845
4185 0 3241 2843
4185 0 3241 2847
1967 0 3213 2956
4649 0 3237 2968
4652 0 3237 3000
4652 0 3245 2960
4649 0 3224 3013
4649 0 3225 3034
4649 0 3226 3060
4649 0 3250 3057
4650 0 3223 3011
4650 0 3228 3060
4650 0 3251 3059
4651 0 3223 3035
4651 0 3225 3011
4652 0 3208 3032
4652 0 3217 3064
4652 0 3238 3015
4652 0 3258 3063
954 0 3227 3106
1795 0 3206 3082
1795 0 3207 3081
1796 0 3207 3083
1796 0 3208 3082
1796 0 3209 3081
1797 0 3208 3080
4649 0 3217 3092
4649 0 3235 3074
4649 0 3252 3125
4649 0 3258 3078
4650 0 3219 3125
4650 0 3233 3075
4650 0 3250 3126
4651 0 3215 3092
4651 0 3217 3124
4651 0 3260 3077
4652 0 3217 3111
4652 0 3222 3086
4652 0 3238 3101
4652 0 3244 3080
4652 0 3253 3116
4652 0 3255 3095
1530 0 3240 3146
1530 0 3240 3147
1530 0 3244 3150
1530 0 3245 3152
1530 0 3246 3155
2856 0 3207 3187
2863 0 3200 3174
2863 0 3210 3151
2863 0 3211 3187
2863 0 3211 3195
2863 0 3215 3177
2863 0 3223 3161
2864 0 3201 3189
2864 0 3202 3161
2864 0 3204 3196
2864 0 3214 3181
2864 0 3215 3172
2864 0 3229 3188
2864 0 3233 3161
3219 0 3234 3196
3221 0 3245 3157
3222 0 3227 3146
7414 0 3238 3199
7428 0 3237 3155
7429 0 3237 3153
8700 0 3200 3177
8700 0 3201 3186
8700 0 3203 3174
8701 0 3203 3176
8701 0 3204 3188
8701 0 3204 3193
8701 0 3206 3190
8701 0 3207 3173
8701 0 3207 3176
8701 0 3209 3165
8701 0 3211 3185
8701 0 3213 3168
8701 0 3213 3190
8701 0 3217 3181
8701 0 3218 3184
8701 0 3221 3164
8701 0 3227 3173
8701 0 3229 3164
8702 0 3205 3195
8702 0 3211 3162
8702 0 3212 3191
8702 0 3214 3186
8702 0 3214 3195
8702 0 3215 3165
8702 0 3217 3160
8702 0 3219 3179
8702 0 3221 3183
8702 0 3222 3157
8702 0 3222 3174
8702 0 3225 3195
8702 0 3226 3187
8702 0 3227 3161
8702 0 3230 3169
8702 0 3233 3178
8702 0 3233 3191
119 0 3232 3223
236 0 3254 3230
306 0 3238 3220
311 0 3229 3228
317 0 3225 3213
921 0 3216 3254
921 0 3235 3225
1176 0 3206 3260
1177 0 3208 3260
1263 0 3209 3259
1326 0 3244 3237
1527 0 3238 3252
1527 0 3239 3241
1838 0 3235 3259
1838 0 3238 3244
1838 0 3241 3230
1838 0 3241 3234
1838 0 3243 3228
1838 0 3247 3221
1838 0 3248 3220
1838 0 3259 3212
1839 0 3238 3238
1839 0 3238 3246
1839 0 3239 3235
1980 0 3212 3263
2002 0 3238 3239
2002 0 3238 3247
2693 0 3204 3259
2693 0 3207 3260
2694 0 3202 3262
2699 0 3204 3261
2699 0 3210 3262
2790 0 3254 3262
2790 0 3258 3260
2791 0 3254 3258
2791 0 3261 3259
2793 0 3254 3255
2812 0 3244 3206
2813 0 3209 3247
2814 0 3212 3247
2854 0 3205 3203
2854 0 3205 3204
2854 0 3205 3209
2854 0 3206 3202
2854 0 3206 3204
2854 0 3206 3209
2854 0 3207 3202
2854 0 3207 3203
2854 0 3222 3215
2854 0 3229 3223
2854 0 3232 3229
2854 0 3236 3222
3017 0 3200 3238
3017 0 3203 3239
3017 0 3239 3256
3017 0 3241 3241
3017 0 3241 3249
3017 0 3243 3236
3017 0 3245 3232
3017 0 3247 3236
3029 0 3241 3244
3029 0 3244 3247
3029 0 3244 3251
3029 0 3246 3236
3029 0 3246 3241
3029 0 3249 3243
3029 0 3249 3256
3029 0 3250 3228
3029 0 3255 3247
3029 0 3259 3223
3029 0 3263 3220
3029 0 3263 3243
3030 0 3224 3262
3030 0 3250 3238
3030 0 3258 3249
3031 0 3206 3252
3031 0 3246 3245
3031 0 3247 3240
3031 0 3248 3229
3031 0 3251 3252
3031 0 3253 3234
3031 0 3255 3249
3031 0 3256 3226
3031 0 3258 3245
3032 0 3202 3253
3032 0 3244 3245
3032 0 3246 3235
3032 0 3247 3245
3032 0 3247 3247
3032 0 3249 3252
3032 0 3250 3256
3032 0 3252 3228
3032 0 3255 3252
3032 0 3260 3229
3032 0 3262 3218
3033 0 3241 3251
3033 0 3242 3242
3033 0 3246 3244
3033 0 3248 3241
3033 0 3253 3250
3033 0 3255 3222
3033 0 3255 3245
3033 0 3258 3228
3033 0 3259 3230
3033 0 3263 3228
3034 0 3250 3227
3034 0 3251 3243
3034 0 3252 3246
3034 0 3253 3241
3034 0 3258 3220
3034 0 3260 3233
3035 0 3260 3237
3036 0 3260 3240
3105 0 3207 3233
3106 0 3207 3227
3106 0 3216 3219
3106 0 3223 3240
3106 0 3231 3207
3107 0 3235 3219
3108 0 3217 3236
3108 0 3221 3219
3108 0 3236 3201
3111 0 3217 3205
3111 0 3235 3206
3112 0 3236 3203
3113 0 3244 3211
3216 0 3219 3238
3217 0 3218 3239
3218 0 3217 3238
3223 0 3243 3214
3224 0 3227 3253
3226 0 3228 3245
4626 0 3209 3215
5007 0 3217 3226
5523 0 3234 3214
6093 0 3243 3201
6257 0 3211 3225
6487 0 3248 3201
6709 0 3208 3234
6709 0 3209 3204
6709 0 3221 3222
6709 0 3221 3238
6709 0 3232 3231
6709 0 3236 3217
6816 0 3219 3230
6816 0 3245 3261
6818 0 3229 3238
7457 0 3230 3215
7458 0 3223 3220
7546 0 3232 3241
8632 0 3228 3242
8665 0 3229 3236
9245 0 3232 3235
9504 0 3238 3200
10619 0 3232 3203
0 0 3222 3316
1172 0 3252 3275
1172 0 3254 3272
1173 0 3229 3296
1173 0 3230 3298
1173 0 3230 3299
1173 0 3231 3300
1173 0 3234 3297
1173 0 3235 3298
1173 0 3237 3323
1174 0 3225 3300
1174 0 3226 3296
1174 0 3228 3297
1174 0 3228 3299
1174 0 3231 3297
1174 0 3232 3299
1174 0 3233 3294
1351 0 3223 3293
1838 0 3211 3322
1838 0 3214 3314
1838 0 3214 3318
1838 0 3216 3314
1838 0 3218 3287
1838 0 3223 3281
1838 0 3231 3271
1838 0 3233 3267
1838 0 3233 3270
1838 0 3235 3265
1839 0 3214 3313
1839 0 3214 3320
1839 0 3215 3303
1839 0 3219 3285
1839 0 3219 3288
1839 0 3234 3267
1839 0 3234 3268
2003 0 3226 3283
2003 0 3229 3280
2004 0 3228 3282
2069 0 3258 3317
2070 0 3260 3317
2071 0 3258 3315
2672 0 3226 3311
2695 0 3205 3266
2786 0 3202 3271
2787 0 3210 3274
2790 0 3203 3286
2790 0 3206 3290
2790 0 3211 3291
2790 0 3247 3284
2790 0 3250 3293
2790 0 3252 3288
2790 0 3254 3267
2790 0 3258 3265
2790 0 3261 3282
2791 0 3201 3295
2791 0 3202 3289
2791 0 3208 3294
2791 0 3244 3283
2791 0 3244 3289
2791 0 3246 3293
2791 0 3255 3278
2791 0 3257 3286
2791 0 3261 3292
2791 0 3262 3277
2792 0 3247 3287
2792 0 3256 3273
2792 0 3261 3289
2793 0 3200 3284
2793 0 3204 3293
2793 0 3204 3298
2793 0 3209 3288
2793 0 3209 3300
2793 0 3243 3295
2793 0 3252 3282
2793 0 3256 3292
2793 0 3259 3295
2793 0 3261 3270
2794 0 3200 3299
2794 0 3205 3285
2794 0 3207 3299
2794 0 3247 3279
2794 0 3254 3291
2794 0 3257 3280
2794 0 3261 3273
2794 0 3262 3287
3029 0 3217 3278
3030 0 3215 3276
3114 0 3227 3290
3243 0 3233 3308
3244 0 3262 3325
3245 0 3250 3310
4515 0 3230 3285
4628 0 3254 3274
5007 0 3214 3281
5007 0 3240 3307
6219 0 3224 3286
513 0 3249 3391
1178 0 3240 3342
1262 0 3248 3351
1263 0 3260 3349
1264 0 3234 3345
1299 0 3230 3346
1299 0 3238 3345
1300 0 3234 3349
1300 0 3253 3355
1323 0 3203 3344
1831 0 3259 3355
1831 0 3261 3355
2693 0 3238 3349
2693 0 3262 3348
2786 0 3246 3343
2787 0 3233 3343
2787 0 3246 3350
3010 0 3205 3379
3010 0 3211 3381
3011 0 3211 3378
3073 0 3259 3338
3229 0 3260 3383
5007 0 3205 3355
5007 0 3238 3390
5086 0 3225 3365
5086 0 3225 3374
5086 0 3232 3367
5087 0 3223 3372
5087 0 3230 3363
5087 0 3232 3372
5088 0 3223 3367
5088 0 3230 3365
5088 0 3230 3374
5089 0 3224 3370
5089 0 3228 3373
5209 0 3208 3391
5217 0 3230 3391
5731 0 3240 3345
6708 0 3210 3385
6708 0 3212 3388
10416 0 3235 3383
0 0 3232 3455
276 0 3253 3429
381 0 3228 3412
534 0 3204 3417
1147 0 3263 3407
1312 0 3226 3399
1903 0 3253 3445
1904 0 3254 3444
1905 0 3256 3443
1906 0 3257 3442
1909 0 3253 3454
1910 0 3260 3447
1912 0 3263 3441
1920 0 3261 3455
1921 0 3263 3452
1922 0 3260 3452
2815 0 3218 3415
2816 0 3217 3411
2855 0 3243 3393
2880 0 3203 3433
2881 0 3217 3435
2882 0 3229 3438
2883 0 3232 3423
2884 0 3203 3397
2885 0 3205 3399
2886 0 3253 3402
2895 0 3230 3401
2897 0 3252 3418
2897 0 3253 3418
2898 0 3254 3418
2898 0 3255 3418
2898 0 3256 3418
2899 0 3204 3419
2901 0 3250 3429
2902 0 3200 3399
2902 0 3262 3410
2922 0 3233 3394
3015 0 3218 3395
3019 0 3238 3392
3106 0 3234 3398
3106 0 3237 3406
3107 0 3261 3402
3108 0 3238 3406
3255 0 3235 3401
3262 0 3225 3402
3480 0 3222 3397
3501 0 3221 3434
3503 0 3221 3435
5037 0 3211 3425
5082 0 3203 3424
5213 0 3223 3395
5214 0 3257 3447
5216 0 3219 3432
5525 0 3225 3415
6522 0 3251 3418
6708 0 3209 3433
6708 0 3211 3406
6708 0 3213 3449
6708 0 3238 3429
6708 0 3243 3402
6708 0 3246 3448
6708 0 3251 3421
10415 0 3242 3452
10425 0 3239 3395
516 0 3226 3515
516 0 3234 3518
528 0 3213 3476
1390 0 3228 3477
2680 0 3226 3458
2838 0 3230 3500
3010 0 3204 3496
3010 0 3206 3462
3010 0 3211 3463
3010 0 3212 3462
3010 0 3215 3464
3010 0 3217 3461
3010 0 3240 3500
3010 0 3246 3501
3011 0 3213 3465
3097 0 3240 3476
3260 0 3202 3487
3260 0 3205 3487
3774 0 3224 3473
5007 0 3213 3502
5007 0 3234 3506
5007 0 3246 3458
5007 0 3261 3514
5038 0 3254 3484
5041 0 3256 3481
5042 0 3253 3477
5083 0 3204 3473
5215 0 3222 3472
6186 0 3208 3496
6203 0 3209 3495
6708 0 3205 3463
6708 0 3222 3464
6708 0 3244 3496
6708 0 3246 3463
6708 0 3246 3479
7503 0 3224 3477
8110 0 3221 3476
10414 0 3237 3484
10429 0 3241 3471
2862 0 3242 3530
2862 0 3248 3553
2862 0 3256 3541
2863 0 3227 3547
2863 0 3251 3528
2864 0 3227 3533
2864 0 3236 3549
2203 0 3237 3621
6607 0 3229 3613
6607 0 3231 3607
6607 0 3235 3615
6607 0 3235 3620
6607 0 3236 3629
6607 0 3237 3600
6607 0 3238 3625
6607 0 3242 3600
6607 0 3242 3619
6607 0 3245 3616
6607 0 3247 3602
6607 0 3249 3608
6607 0 3249 3611
2197 0 3228 3687
2849 0 3209 3672
2849 0 3213 3673
2849 0 3214 3670
2849 0 3215 3677
2849 0 3216 3683
2849 0 3218 3675
2849 0 3220 3681
2849 0 3222 3685
2849 0 3238 3668
2849 0 3240 3670
2849 0 3240 3673
2849 0 3244 3670
2854 0 3251 3677
2854 0 3252 3673
2854 0 3252 3676
2854 0 3257 3668
2854 0 3260 3670
2854 0 3261 3673
6594 0 3201 3684
6594 0 3202 3669
6594 0 3211 3690
6594 0 3218 3697
6594 0 3223 3671
6594 0 3231 3702
77 0 3211 3741
77 0 3240 3741
78 0 3217 3738
78 0 3246 3745
79 0 3221 3742
79 0 3252 3737
79 0 3261 3736
80 0 3228 3739
81 0 3227 3746
291 0 3233 3783
291 0 3241 3796
291 0 3253 3782
5861 0 3210 3803
6593 0 3201 3814
6593 0 3205 3834
6593 0 3211 3809
6593 0 3213 3819
6593 0 3223 3830
6611 0 3219 3788
2195 0 3218 3879
6593 0 3212 3846
106 0 3207 3919
106 0 3218 3924
106 0 3229 3917
106 0 3241 3921
2054 0 3261 3927
3024 0 3225 3943
3024 0 3231 3940
3024 0 3235 3946
3024 0 3239 3942
3024 0 3246 3945
3024 0 3249 3949
3024 0 3256 3954
234 0 3200 5954
234 0 3202 5958
234 0 3204 5955
234 0 3204 5959
234 0 3231 5967
234 0 3236 5974
234 0 3237 5968
234 0 3240 5992
234 0 3240 5994
234 0 3242 5990
234 0 3242 5993
234 0 3244 5994
234 0 3246 5989
235 0 3202 5955
235 0 3206 5953
235 0 3231 5976
235 0 3233 5974
235 0 3235 5970
235 0 3241 5996
235 0 3242 5988
235 0 3244 5992
238 0 3201 5986
238 0 3254 5972
238 0 3255 5986
238 0 3256 6008
238 0 3257 5973
238 0 3257 5975
238 0 3260 5974
238 0 3261 5977
238 0 3262 5957
638 0 3229 6004
3417 0 3234 5989
3417 0 3237 5984
3417 0 3239 6000
3417 0 3249 5995
3420 0 3211 5977
3420 0 3213 5972
3420 0 3213 5975
3420 0 3252 5989
3420 0 3253 5991
3420 0 3255 5990
3420 0 3258 5989
3421 0 3214 5973
3421 0 3254 5990
3421 0 3255 5989
3422 0 3211 5975
3422 0 3213 5977
3422 0 3254 5989
3423 0 3224 5976
3424 0 3223 5974
3424 0 3225 5970
3425 0 3221 5970
3428 0 3212 5994
3428 0 3219 6002
3428 0 3226 6011
3428 0 3232 6009
3428 0 3234 5991
3428 0 3234 6006
3429 0 3217 5996
3429 0 3217 6008
3429 0 3221 6003
3429 0 3222 6013
3429 0 3224 6001
3429 0 3228 6007
3440 0 3202 5990
3440 0 3232 5977
3440 0 3234 5969
3440 0 3237 5995
3440 0 3242 5997
3440 0 3244 5995
3440 0 3245 5995
3441 0 3204 5988
3441 0 3232 5979
3441 0 3234 5967
3441 0 3234 5976
3441 0 3238 5996
3441 0 3239 5997
3441 0 3243 5996
3420 0 3206 6033
3420 0 3207 6031
3420 0 3208 6028
3420 0 3209 6031
3420 0 3210 6033
3420 0 3212 6029
3421 0 3207 6029
3422 0 3208 6032
3422 0 3210 6032
9059 0 3247 6078
9060 0 3231 6076
9061 0 3250 6066
9062 0 3243 6070
9063 0 3221 6056
9064 0 3230 6049
9065 0 3237 6041
9066 0 3258 6051
9067 0 3263 6043
9088 0 3240 6056
9091 0 3244 6050
9092 0 3244 6051
9093 0 3246 6053
9094 0 3247 6053
9095 0 3249 6051
9096 0 3249 6050
9097 0 3248 6048
9098 0 3246 6054
9099 0 3243 6049
9100 0 3245 6048
9121 0 3221 6064
9126 0 3248 6040
9137 0 3218 6058
9143 0 3246 6051
9144 0 3247 6050
9145 0 3229 6062
9147 0 3237 6072
9156 0 3258 6058
9157 0 3252 6060
9164 0 3228 6055
9165 0 3222 6074
9170 0 3230 6068
9182 0 3210 6077
9186 0 3261 6026
9240 0 3238 6066
9242 0 3262 6020
9475 0 3262 6076
9053 0 3235 6125
9054 0 3238 6124
9055 0 3244 6116
9056 0 3231 6099
9057 0 3232 6089
9058 0 3224 6087
9084 0 3260 6089
9085 0 3255 6082
9087 0 3245 6092
9119 0 3222 6098
9125 0 3245 6126
9128 0 3256 6111
9129 0 3258 6111
9130 0 3256 6103
9130 0 3258 6103
9132 0 3255 6103
9139 0 3237 6127
9152 0 3249 6106
9153 0 3255 6126
9155 0 3217 6089
9169 0 3221 6116
9183 0 3248 6082
9184 0 3263 6099
9188 0 3261 6133
9189 0 3210 6082
9192 0 3235 6106
9475 0 3260 6088
1172 0 3221 6171
2069 0 3219 6157
2071 0 3221 6153
2074 0 3217 6155
2790 0 3214 6167
2790 0 3217 6171
2791 0 3213 6170
2791 0 3215 6172
2791 0 3219 6168
2793 0 3216 6168
2793 0 3218 6173
9178 0 3222 6164
9179 0 3234 6165
9180 0 3231 6157
6164 0 3218 9246
720 0 3201 9293
720 0 3205 9303
720 0 3206 9328
720 0 3207 9310
720 0 3211 9284
720 0 3220 9289
720 0 3224 9334
720 0 3249 9286
720 0 3251 9303
720 0 3252 9327
720 0 3252 9332
720 0 3255 9315
720 0 3261 9296
720 0 3261 9306
721 0 3205 9329
721 0 3210 9292
721 0 3221 9310
721 0 3225 9323
721 0 3243 9310
721 0 3246 9290
721 0 3255 9301
721 0 3255 9321
721 0 3261 9331
722 0 3204 9309
722 0 3214 9333
722 0 3219 9297
722 0 3239 9300
722 0 3240 9286
722 0 3240 9330
722 0 3245 9306
722 0 3250 9316
722 0 3250 9317
722 0 3257 9290
723 0 3202 9283
723 0 3206 9333
723 0 3209 9299
723 0 3219 9301
723 0 3226 9285
723 0 3227 9303
723 0 3228 9293
723 0 3229 9333
723 0 3237 9293
723 0 3246 9321
723 0 3256 9296
723 0 3260 9285
723 0 3262 9317
1973 0 3233 9317
423 0 3209 9361
423 0 3213 9361
423 0 3215 9355
423 0 3216 9351
423 0 3217 9400
423 0 3218 9365
423 0 3218 9373
423 0 3220 9347
423 0 3220 9380
423 0 3221 9383
423 0 3224 9396
423 0 3224 9400
423 0 3226 9352
423 0 3226 9385
423 0 3229 9375
423 0 3230 9368
423 0 3230 9395
423 0 3233 9398
423 0 3234 9364
423 0 3234 9369
423 0 3235 9374
423 0 3236 9402
423 0 3237 9377
423 0 3239 9383
423 0 3241 9400
423 0 3243 9383
423 0 3245 9349
423 0 3245 9400
423 0 3250 9349
423 0 3259 9372
423 0 3261 9399
433 0 3248 9374
433 0 3249 9355
433 0 3253 9363
434 0 3263 9398
1365 0 3205 9348
1365 0 3206 9361
1365 0 3206 9396
1365 0 3209 9376
1365 0 3209 9394
1365 0 3212 9350
1365 0 3212 9379
1365 0 3230 9355
1365 0 3230 9373
1365 0 3231 9358
1365 0 3250 9402
1365 0 3257 9349
1365 0 3259 9390
2078 0 3244 9356
2078 0 3252 9370
2079 0 3252 9359
2080 0 3244 9369
421 0 3222 9571
421 0 3225 9577
421 0 3225 9583
422 0 3222 9580
422 0 3226 9573
475 0 3215 9560
475 0 3216 9588
477 0 3221 9549
477 0 3224 9544
477 0 3231 9547
478 0 3221 9557
478 0 3224 9552
478 0 3224 9559
478 0 3244 9570
478 0 3248 9567
478 0 3250 9573
480 0 3207 9554
480 0 3210 9556
480 0 3210 9570
480 0 3246 9568
480 0 3246 9573
480 0 3253 9571
481 0 3207 9589
481 0 3209 9585
481 0 3220 9575
481 0 3227 9583
481 0 3229 9575
482 0 3207 9587
482 0 3209 9572
482 0 3211 9589
482 0 3221 9559
482 0 3222 9566
482 0 3223 9587
482 0 3226 9571
482 0 3228 9580
482 0 3240 9567
482 0 3243 9571
482 0 3245 9578
482 0 3246 9564
482 0 3250 9577
482 0 3251 9569
1498 0 3245 9570
6434 0 3256 9572
6435 0 3247 9558
6436 0 3253 9565
6437 0 3246 9581
1996 0 3245 9647
3019 0 3209 9618
3019 0 3211 9621
3019 0 3216 9616
3019 0 3216 9624
4507 0 3210 9623
5325 0 3231 9610
5212 0 3246 9780
5217 0 3237 9769
5217 0 3247 9776
5218 0 3245 9769
5219 0 3251 9768
5220 0 3238 9764
5220 0 3245 9772
39 0 3259 9891
41 0 3243 9893
55 0 3224 9906
56 0 3226 9903
57 0 3230 9906
58 0 3230 9903
74 0 3248 9914
75 0 3251 9916
76 0 3254 9916
77 0 3210 9908
80 0 3211 9906
85 0 3241 9913
89 0 3239 9915
92 0 3243 9915
2854 0 3218 9864
2854 0 3218 9869
2854 0 3219 9867
2854 0 3220 9859
2854 0 3221 9872
2854 0 3225 9863
2854 0 3226 9862
2854 0 3229 9867
2854 0 3230 9865
2854 0 3234 9865
2854 0 3235 9864
2854 0 3237 9864
2854 0 3238 9863
2854 0 3242 9893
2854 0 3242 9895
2854 0 3244 9863
2854 0 3244 9875
2854 0 3244 9886
2854 0 3246 9864
2854 0 3251 9893
2854 0 3252 9892
2854 0 3253 9867
2854 0 3255 9869
2856 0 3220 9863
2856 0 3233 9866
2863 0 3239 9864
2864 0 3223 9860
3017 0 3219 9886
3017 0 3221 9886
3018 0 3217 9886
3018 0 3217 9889
3018 0 3220 9888
3019 0 3205 9877
3019 0 3206 9880
3019 0 3210 9887
3019 0 3210 9893
3019 0 3212 9888
3019 0 3212 9891
3019 0 3261 9869
3019 0 3262 9868
3019 0 3262 9870
3024 0 3251 9908
3024 0 3253 9903
4586 0 3243 9866
4587 0 3245 9868
8195 0 3220 9933
7931 0 3225 10070
7933 0 3244 10101
7937 0 3209 10097
7932 0 3254 10140
7935 0 3246 10175
7937 0 3218 10133
7938 0 3207 10164
7881 0 3214 10195
7939 0 3209 10216
7940 0 3237 10201
6615 0 3233 10341
6616 0 3221 10336
6616 0 3221 10340
6616 0 3221 10344
6616 0 3221 10349
6616 0 3223 10333
6616 0 3223 10347
6616 0 3224 10336
6616 0 3225 10350
6616 0 3229 10333
6616 0 3229 10350
6616 0 3231 10344
6616 0 3233 10333
6616 0 3233 10350
6616 0 3234 10339
6616 0 3237 10333
6616 0 3237 10350
6616 0 3238 10344
6616 0 3241 10333
6616 0 3241 10350
6616 0 3242 10336
6616 0 3242 10347
6616 0 3244 10350
6616 0 3245 10333
6616 0 3245 10337
6616 0 3245 10340
6616 0 3245 10344
6616 0 3245 10347
410 0 3208 12365
410 0 3208 12371
410 0 3214 12370
410 0 3217 12361
410 0 3219 12368
410 0 3220 12357
410 0 3225 12367
410 0 3228 12361
410 0 3249 12377
410 0 3249 12386
410 0 3254 12382
410 0 3255 12372
410 0 3255 12389
410 0 3258 12380
4005 0 3219 12391
4005 0 3224 12385
4005 0 3226 12393
4005 0 3228 12399
4005 0 3232 12388
4005 0 3234 12394
7276 0 3249 12414
7276 0 3230 12434
7276 0 3234 12435
7276 0 3237 12443
7276 0 3239 12433
7276 0 3239 12438
7276 0 3242 12441
7276 0 3244 12418
7276 0 3249 12421
7276 0 3251 12418
7276 0 3255 12422
7276 0 3256 12416
7278 0 3218 12421
7278 0 3220 12417
7278 0 3220 12425
7278 0 3221 12454
7278 0 3221 12460
7278 0 3223 12421
7278 0 3223 12427
7278 0 3224 12458
7278 0 3225 12417
7278 0 3225 12455
7278 0 3226 12424
7278 0 3228 12421
7278 0 3228 12461
7278 0 3231 12458
7278 0 3234 12453
7278 0 3234 12459
8736 0 3247 12464
8736 0 3248 12469
8736 0 3250 12459
8736 0 3255 12458
8736 0 3255 12469
8736 0 3257 12464
9149 0 3223 12444
9101 0 3242 12520
9102 0 3225 12529
9103 0 3246 12536
9104 0 3215 12520
9105 0 3214 12534
9150 0 3232 12534
24 0 3287 2814
1321 0 3287 2813
1781 0 3289 2787
1994 0 3289 2783
3875 0 3306 2800
3885 0 3264 2784
3885 0 3264 2785
4186 0 3309 2806
4186 0 3312 2806
4186 0 3314 2752
4186 0 3314 2806
4186 0 3315 2805
4186 0 3316 2780
4186 0 3316 2795
4186 0 3317 2752
4186 0 3317 2762
4186 0 3317 2763
4186 0 3317 2779
4186 0 3317 2794
4186 0 3318 2761
4186 0 3318 2778
4186 0 3318 2781
4186 0 3318 2794
4186 0 3318 2795
4186 0 3319 2760
4186 0 3319 2763
4188 0 3272 2802
4188 0 3273 2802
4188 0 3273 2805
4188 0 3274 2798
4188 0 3274 2799
4188 0 3274 2802
4188 0 3274 2804
4188 0 3275 2795
4188 0 3275 2796
4188 0 3275 2798
4188 0 3277 2752
4188 0 3277 2753
4188 0 3277 2756
4188 0 3277 2757
4188 0 3278 2752
4188 0 3278 2753
4188 0 3278 2754
4188 0 3278 2755
4189 0 3275 2803
4190 0 3278 2804
4191 0 3277 2802
4200 0 3290 2763
4200 0 3292 2764
4200 0 3297 2798
4200 0 3307 2772
4201 0 3292 2762
4201 0 3296 2796
4201 0 3306 2774
4202 0 3287 2755
4203 0 3313 2771
4204 0 3311 2787
4205 0 3315 2786
4207 0 3280 2764
4207 0 3280 2769
4207 0 3283 2770
4208 0 3283 2810
4208 0 3284 2809
4209 0 3300 2784
4211 0 3298 2757
5955 0 3289 2754
6167 0 3307 2779
6168 0 3290 2760
6168 0 3308 2765
6169 0 3307 2769
6170 0 3285 2785
6170 0 3304 2798
6173 0 3314 2756
6174 0 3305 2770
6175 0 3296 2805
6176 0 3311 2779
6192 0 3281 2772
6711 0 3284 2806
6711 0 3289 2784
6711 0 3295 2758
6711 0 3304 2791
6711 0 3305 2804
6711 0 3309 2779
7499 0 3299 2786
1267 0 3295 2866
1267 0 3297 2863
1267 0 3301 2864
1795 0 3326 2847
1795 0 3327 2844
1796 0 3325 2843
1796 0 3325 2845
1797 0 3324 2841
4184 0 3268 2854
4184 0 3269 2827
4184 0 3269 2866
4184 0 3269 2875
4184 0 3270 2818
4184 0 3272 2841
4184 0 3276 2842
4184 0 3282 2839
4184 0 3290 2847
4185 0 3306 2817
4185 0 3308 2818
4185 0 3309 2816
4185 0 3312 2817
4185 0 3314 2861
4185 0 3319 2873
4185 0 3321 2871
4185 0 3324 2870
4185 0 3327 2858
6166 0 3289 2818
6187 0 3315 2849
4184 0 3264 2886
4184 0 3267 2891
4184 0 3268 2881
4184 0 3269 2885
4184 0 3296 2912
4184 0 3297 2919
4184 0 3301 2920
4184 0 3308 2916
4185 0 3265 2931
4185 0 3265 2935
4185 0 3268 2932
4185 0 3268 2935
4185 0 3316 2900
4185 0 3319 2897
4185 0 3320 2901
4185 0 3321 2899
695 0 3272 2977
695 0 3280 2957
695 0 3281 2969
695 0 3293 2959
695 0 3302 2977
3544 0 3266 2955
3544 0 3271 2967
3544 0 3279 2957
3544 0 3280 2975
3544 0 3284 2959
3544 0 3294 2964
3544 0 3295 2978
3544 0 3305 2966
3544 0 3307 2959
3544 0 3309 2973
4635 0 3270 3029
4649 0 3265 3066
4649 0 3267 3066
4649 0 3310 3068
4649 0 3322 3011
4649 0 3322 3052
4649 0 3324 3030
4650 0 3264 3008
4650 0 3266 3008
4650 0 3285 3066
4650 0 3322 3032
4650 0 3323 3055
4650 0 3325 3010
4651 0 3266 3010
4651 0 3267 3068
4651 0 3287 3065
4651 0 3287 3067
4651 0 3310 3070
4651 0 3312 3068
4651 0 3320 3054
4651 0 3324 3013
4651 0 3325 3033
4652 0 3268 3052
4652 0 3281 3056
4652 0 3307 3055
4652 0 3318 3020
4652 0 3318 3040
4653 0 3287 3022
4656 0 3270 3027
4657 0 3269 3031
4658 0 3266 3027
4659 0 3265 3031
4660 0 3280 3026
4660 0 3303 3035
4661 0 3288 3018
4661 0 3302 3032
4662 0 3301 3022
4663 0 3296 3018
4664 0 3291 3035
4665 0 3287 3030
4666 0 3277 3030
4667 0 3276 3026
4669 0 3296 3026
4670 0 3294 3016
4671 0 3287 3016
4671 0 3303 3016
4672 0 3292 3016
4672 0 3300 3016
4672 0 3304 3022
4673 0 3285 3016
6232 0 3303 3025
17 0 3311 3109
23 0 3311 3108
4642 0 3304 3123
4643 0 3299 3124
4643 0 3305 3129
4643 0 3307 3123
4648 0 3303 3118
4649 0 3283 3108
4649 0 3323 3094
4650 0 3310 3076
4651 0 3283 3084
4652 0 3267 3077
4652 0 3269 3110
4652 0 3275 3094
4652 0 3291 3078
4652 0 3291 3100
4652 0 3305 3089
4652 0 3318 3078
4652 0 3321 3104
5520 0 3299 3121
6133 0 3301 3100
6231 0 3305 3112
6233 0 3303 3113
6234 0 3304 3113
1528 0 3267 3148
1528 0 3276 3140
1808 0 3321 3139
1984 0 3271 3159
2817 0 3316 3184
2818 0 3316 3182
2875 0 3288 3190
2876 0 3316 3175
2877 0 3272 3182
2878 0 3316 3164
2879 0 3322 3194
3019 0 3319 3139
3019 0 3322 3141
3019 0 3324 3138
3024 0 3292 3142
3090 0 3267 3164
3090 0 3267 3167
3090 0 3267 3169
3091 0 3267 3166
3091 0 3267 3168
3106 0 3284 3199
3107 0 3294 3196
3108 0 3303 3199
3231 0 3276 3193
3261 0 3277 3187
3292 0 3282 3176
3292 0 3284 3170
3292 0 3284 3174
3292 0 3288 3168
3292 0 3292 3169
3292 0 3295 3168
3292 0 3301 3170
3292 0 3301 3174
3292 0 3301 3177
4285 0 3302 3163
5949 0 3274 3167
6165 0 3286 3180
6552 0 3299 3190
6553 0 3306 3197
6555 0 3297 3193
9392 0 3278 3155
10610 0 3271 3144
0 0 3319 3204
310 0 3316 3205
2854 0 3319 3250
2873 0 3299 3204
2874 0 3288 3212
3108 0 3298 3206
3261 0 3293 3205
3331 0 3314 3240
3533 0 3304 3211
4287 0 3267 3226
4287 0 3267 3229
4288 0 3268 3226
4288 0 3268 3229
5950 0 3311 3208
5951 0 3290 3209
5952 0 3296 3227
5953 0 3285 3201
6089 0 3284 3212
6554 0 3303 3204
2835 0 3310 3269
3024 0 3292 3297
3024 0 3298 3299
3024 0 3298 3304
3024 0 3298 3311
3024 0 3299 3288
3024 0 3300 3315
3024 0 3301 3278
3024 0 3302 3306
3024 0 3303 3292
4983 0 3295 3284
5007 0 3299 3273
1104 0 3272 3389
1106 0 3271 3388
1108 0 3268 3389
1109 0 3281 3383
1110 0 3284 3382
2837 0 3283 3355
2837 0 3286 3349
2839 0 3296 3347
2862 0 3264 3383
2862 0 3292 3377
2864 0 3266 3381
2902 0 3277 3381
3073 0 3311 3375
4158 0 3267 3333
5956 0 3284 3328
10627 0 3279 3360
1311 0 3268 3393
1907 0 3266 3445
1908 0 3267 3444
1911 0 3295 3427
1927 0 3326 3443
1930 0 3310 3425
1939 0 3324 3445
2009 0 3309 3453
2010 0 3308 3452
2887 0 3281 3398
3010 0 3271 3428
3010 0 3275 3422
3010 0 3275 3428
3011 0 3273 3430
4574 0 3268 3399
4588 0 3268 3400
4984 0 3279 3404
6088 0 3321 3431
6708 0 3265 3429
6708 0 3266 3428
8491 0 3265 3455
8687 0 3271 3411
9392 0 3283 3428
516 0 3277 3505
1310 0 3277 3488
2896 0 3285 3489
3015 0 3279 3496
3101 0 3302 3492
3108 0 3283 3501
3112 0 3278 3502
3252 0 3285 3501
3499 0 3298 3514
3499 0 3303 3506
3499 0 3305 3500
3499 0 3307 3507
3499 0 3310 3499
3499 0 3315 3515
4162 0 3285 3468
4178 0 3285 3469
4732 0 3298 3483
6594 0 3299 3586
6594 0 3301 3597
6594 0 3305 3614
6594 0 3306 3631
85 0 3272 3664
86 0 3278 3663
87 0 3282 3662
90 0 3279 3654
91 0 3288 3650
92 0 3290 3653
2098 0 3300 3649
2100 0 3307 3669
2905 0 3292 3675
2905 0 3293 3667
2905 0 3296 3675
2905 0 3298 3666
2905 0 3298 3671
2905 0 3298 3679
8699 0 3280 3657
77 0 3272 3731
78 0 3274 3726
79 0 3280 3727
80 0 3264 3727
81 0 3267 3729
517 0 3308 3769
517 0 3309 3765
517 0 3310 3769
517 0 3311 3773
517 0 3313 3769
517 0 3314 3772
517 0 3317 3772
3023 0 3268 3823
3023 0 3269 3824
3023 0 3270 3822
3023 0 3271 3795
3023 0 3271 3797
3023 0 3272 3798
3023 0 3273 3795
3023 0 3275 3807
3023 0 3276 3782
3023 0 3276 3803
3023 0 3276 3815
3023 0 3277 3783
3023 0 3278 3813
3023 0 3278 3816
3023 0 3278 3832
3023 0 3280 3807
3023 0 3280 3830
3023 0 3281 3833
3023 0 3283 3791
3023 0 3285 3788
3023 0 3285 3811
3023 0 3286 3790
3023 0 3286 3794
3023 0 3286 3823
3023 0 3288 3790
3023 0 3288 3801
3023 0 3290 3807
3023 0 3290 3823
3023 0 3292 3809
3023 0 3293 3807
3023 0 3293 3833
3023 0 3294 3800
3023 0 3294 3819
3023 0 3294 3832
3023 0 3295 3818
3023 0 3295 3833
3023 0 3297 3793
3023 0 3297 3825
3023 0 3299 3806
3023 0 3300 3830
3023 0 3302 3786
3023 0 3303 3787
3023 0 3303 3800
3023 0 3304 3785
3023 0 3305 3800
3023 0 3305 3833
3023 0 3306 3799
3023 0 3306 3819
3023 0 3306 3834
3023 0 3307 3801
3023 0 3307 3808
3023 0 3307 3814
3023 0 3308 3821
3023 0 3310 3818
3023 0 3317 3795
3023 0 3318 3799
3023 0 3319 3830
3023 0 3320 3798
3023 0 3321 3828
3023 0 3321 3832
3023 0 3322 3829
3023 0 3323 3794
2005 0 3311 3845
2018 0 3324 3856
2026 0 3304 3886
2027 0 3296 3872
2028 0 3282 3880
2029 0 3287 3894
6609 0 3290 3847
526 0 3276 3930
526 0 3276 3933
526 0 3278 3927
526 0 3281 3934
526 0 3284 3929
526 0 3285 3933
526 0 3285 3939
526 0 3287 3930
526 0 3291 3932
526 0 3292 3924
2199 0 3288 3941
6603 0 3276 3939
6603 0 3279 3941
6603 0 3284 3946
6603 0 3285 3943
6603 0 3288 3946
6603 0 3290 3938
6603 0 3296 3939
6603 0 3297 3942
7734 0 3309 4642
234 0 3273 6012
234 0 3274 6009
234 0 3274 6011
234 0 3276 6013
234 0 3277 6008
234 0 3286 5978
234 0 3288 5977
234 0 3290 5981
234 0 3292 5979
234 0 3293 5974
234 0 3293 5976
234 0 3294 5975
234 0 3294 5978
235 0 3292 5980
238 0 3279 5968
238 0 3286 5962
238 0 3295 5956
238 0 3318 5971
238 0 3320 5958
238 0 3322 5953
3418 0 3288 6010
3418 0 3291 6005
3418 0 3298 6000
3418 0 3299 5992
3418 0 3306 6000
3420 0 3303 5971
3420 0 3320 6002
3421 0 3319 6002
3422 0 3320 6001
3440 0 3271 5978
3440 0 3273 5979
3440 0 3273 6010
3440 0 3275 6012
3440 0 3283 5963
3440 0 3291 5975
3440 0 3291 5977
3440 0 3322 6014
3441 0 3272 5977
3441 0 3272 5979
3441 0 3275 6009
3441 0 3277 6011
3441 0 3292 5976
3441 0 3315 6014
4003 0 3284 5965
3420 0 3310 6040
3421 0 3284 6050
3421 0 3291 6063
3421 0 3311 6054
3421 0 3311 6066
3422 0 3276 6033
3422 0 3283 6052
3422 0 3298 6040
3422 0 3303 6070
3422 0 3305 6050
8733 0 3298 6042
8733 0 3303 6044
8733 0 3304 6041
9068 0 3264 6057
9069 0 3273 6037
9070 0 3275 6057
9071 0 3287 6054
9072 0 3291 6061
9073 0 3309 6054
9074 0 3307 6056
9075 0 3315 6049
9076 0 3282 6075
9086 0 3269 6079
9089 0 3301 6073
9120 0 3305 6066
9122 0 3279 6040
9127 0 3297 6059
9131 0 3297 6058
9131 0 3297 6060
9146 0 3300 6064
9158 0 3302 6052
9159 0 3290 6044
9166 0 3305 6074
9184 0 3318 6077
9185 0 3266 6026
9188 0 3264 6066
9201 0 3302 6044
9239 0 3295 6043
0 0 3295 6105
1173 0 3300 6108
1173 0 3310 6104
1174 0 3299 6106
1174 0 3305 6104
1417 0 3300 6117
1417 0 3313 6117
2093 0 3325 6133
3421 0 3291 6125
3421 0 3297 6117
3421 0 3300 6128
3421 0 3300 6130
3421 0 3306 6122
3421 0 3308 6123
3421 0 3310 6110
3421 0 3314 6121
9077 0 3297 6082
9078 0 3298 6099
9079 0 3316 6103
9080 0 3269 6114
9081 0 3269 6125
9082 0 3288 6133
9083 0 3282 6110
9090 0 3297 6096
9123 0 3305 6100
9124 0 3279 6125
9138 0 3292 6101
9140 0 3315 6116
9148 0 3276 6118
9154 0 3274 6103
9160 0 3282 6099
9161 0 3277 6093
9162 0 3281 6093
9163 0 3277 6101
9167 0 3296 6088
9168 0 3287 6118
9183 0 3318 6082
9184 0 3275 6098
9185 0 3266 6133
9185 0 3279 6100
9185 0 3281 6082
9188 0 3279 6094
9241 0 3292 6120
9242 0 3323 6081
9475 0 3271 6083
2911 0 3289 6164
2911 0 3290 6162
2911 0 3291 6163
2911 0 3291 6165
2911 0 3292 6162
2911 0 3293 6164
2911 0 3300 6153
2911 0 3301 6155
2911 0 3303 6152
2911 0 3303 6154
2911 0 3303 6157
2911 0 3305 6153
9175 0 3306 6197
9176 0 3303 6199
9177 0 3300 6203
949 0 3279 9176
950 0 3277 9186
951 0 3310 9171
952 0 3284 9189
952 0 3287 9177
953 0 3306 9183
6188 0 3304 9196
6189 0 3304 9195
6190 0 3277 9170
6191 0 3307 9196
6193 0 3305 9193
6193 0 3305 9197
6193 0 3308 9194
794 0 3273 9263
794 0 3275 9226
794 0 3276 9248
794 0 3279 9222
794 0 3282 9244
794 0 3282 9273
794 0 3286 9227
794 0 3288 9265
794 0 3296 9248
794 0 3297 9232
794 0 3298 9225
794 0 3300 9241
794 0 3301 9252
794 0 3303 9235
794 0 3309 9224
794 0 3309 9265
794 0 3316 9255
794 0 3317 9240
795 0 3270 9264
795 0 3272 9246
795 0 3276 9235
795 0 3283 9243
795 0 3284 9252
795 0 3287 9268
795 0 3294 9233
795 0 3296 9261
795 0 3299 9254
795 0 3303 9266
795 0 3305 9234
796 0 3273 9251
796 0 3274 9223
796 0 3274 9262
796 0 3280 9240
796 0 3280 9251
796 0 3284 9247
796 0 3290 9232
796 0 3291 9262
796 0 3295 9251
796 0 3296 9229
796 0 3299 9244
796 0 3302 9232
796 0 3304 9252
796 0 3306 9223
796 0 3308 9262
796 0 3310 9237
433 0 3266 9399
433 0 3270 9380
433 0 3271 9387
434 0 3274 9397
434 0 3275 9389
434 0 3279 9377
434 0 3283 9401
434 0 3285 9381
434 0 3288 9393
435 0 3271 9358
435 0 3273 9366
435 0 3277 9352
435 0 3280 9368
436 0 3289 9362
436 0 3298 9379
436 0 3302 9350
436 0 3302 9398
436 0 3316 9352
436 0 3318 9403
1365 0 3270 9356
1365 0 3270 9364
1365 0 3270 9383
1365 0 3281 9350
1365 0 3285 9401
1365 0 3287 9359
1365 0 3288 9360
1365 0 3302 9400
1365 0 3306 9403
1365 0 3319 9352
1365 0 3320 9401
1365 0 3321 9354
1365 0 3322 9398
2078 0 3294 9375
2079 0 3306 9400
4632 0 3266 9459
4634 0 3273 9420
4634 0 3288 9446
4660 0 3268 9417
4660 0 3277 9452
4660 0 3286 9466
4660 0 3298 9432
4660 0 3317 9441
4661 0 3299 9467
4663 0 3287 9416
4665 0 3287 9414
4666 0 3291 9423
4666 0 3293 9435
4667 0 3279 9416
4668 0 3279 9414
4670 0 3271 9450
4670 0 3272 9429
4670 0 3276 9464
4670 0 3281 9438
4670 0 3292 9460
4670 0 3297 9412
4670 0 3297 9463
4670 0 3298 9438
4670 0 3299 9425
4670 0 3300 9453
4670 0 3301 9413
4670 0 3304 9451
4670 0 3307 9424
4670 0 3307 9457
4670 0 3320 9465
4670 0 3323 9432
4671 0 3266 9457
4671 0 3267 9431
4671 0 3267 9443
4671 0 3269 9420
4671 0 3273 9430
4671 0 3274 9465
4671 0 3282 9446
4671 0 3290 9466
4671 0 3292 9413
4671 0 3295 9468
4671 0 3303 9425
4671 0 3323 9439
4672 0 3272 9433
4672 0 3272 9452
4672 0 3273 9422
4672 0 3275 9459
4672 0 3277 9454
4672 0 3289 9459
4672 0 3289 9468
4672 0 3297 9426
4672 0 3297 9468
4672 0 3298 9413
4672 0 3305 9443
4672 0 3306 9412
4672 0 3306 9425
4672 0 3314 9458
4672 0 3322 9426
4673 0 3267 9428
4673 0 3267 9441
4673 0 3270 9415
4673 0 3273 9460
4673 0 3276 9434
4673 0 3294 9413
4673 0 3300 9412
4673 0 3301 9425
4673 0 3309 9422
6230 0 3302 9466
491 0 3307 9506
956 0 3272 9514
956 0 3273 9519
956 0 3277 9512
956 0 3277 9522
956 0 3278 9517
956 0 3281 9521
956 0 3281 9526
956 0 3282 9516
956 0 3284 9524
956 0 3315 9502
956 0 3318 9496
956 0 3319 9507
956 0 3322 9502
956 0 3323 9495
956 0 3324 9510
956 0 3327 9500
956 0 3327 9506
958 0 3299 9532
958 0 3301 9528
958 0 3305 9516
958 0 3305 9522
958 0 3309 9480
958 0 3309 9529
958 0 3311 9521
958 0 3315 9481
958 0 3315 9528
958 0 3317 9476
958 0 3317 9522
958 0 3318 9486
958 0 3322 9478
958 0 3322 9483
958 0 3327 9482
960 0 3268 9482
960 0 3275 9478
960 0 3277 9492
960 0 3278 9485
960 0 3284 9481
966 0 3296 9497
966 0 3296 9500
966 0 3296 9506
966 0 3297 9509
966 0 3298 9495
966 0 3299 9504
966 0 3300 9500
966 0 3300 9507
966 0 3301 9497
958 0 3303 9537
958 0 3309 9537
996 0 3324 9607
5324 0 3319 9615
5330 0 3312 9652
5330 0 3316 9632
5331 0 3312 9646
5331 0 3314 9636
5332 0 3315 9620
5332 0 3324 9621
5333 0 3314 9630
5334 0 3318 9602
5334 0 3323 9645
5335 0 3320 9632
5335 0 3322 9617
5339 0 3321 9646
4688 0 3276 9836
4688 0 3287 9840
4689 0 3280 9849
4690 0 3286 9830
4691 0 3269 9849
4691 0 3291 9843
4692 0 3269 9843
4692 0 3275 9833
4693 0 3305 9832
4693 0 3305 9843
4693 0 3311 9850
4693 0 3312 9845
4693 0 3313 9827
4693 0 3315 9837
4693 0 3319 9832
4693 0 3319 9849
4693 0 3323 9842
4694 0 3302 9806
4694 0 3302 9816
4694 0 3304 9801
4694 0 3310 9796
4694 0 3312 9811
4694 0 3313 9805
4694 0 3313 9817
4694 0 3314 9797
4694 0 3319 9800
4694 0 3319 9806
4694 0 3321 9811
4695 0 3269 9798
4695 0 3269 9806
4695 0 3269 9814
4695 0 3275 9817
4695 0 3276 9809
4695 0 3280 9803
4695 0 3282 9797
4695 0 3285 9812
4695 0 3288 9819
4695 0 3289 9809
4695 0 3290 9797
74 0 3270 9914
74 0 3275 9909
75 0 3274 9913
76 0 3275 9911
2854 0 3269 9869
2854 0 3274 9873
2854 0 3275 9865
2854 0 3276 9871
2854 0 3277 9863
2854 0 3277 9872
2862 0 3283 9896
2863 0 3279 9894
9118 0 3295 12581
1267 0 3333 2864
1267 0 3335 2860
1267 0 3338 2864
5786 0 3346 2826
19 0 3348 2942
23 0 3347 2942
2552 0 3380 2893
4184 0 3337 2922
4184 0 3343 2931
4184 0 3349 2922
4184 0 3351 2927
4184 0 3357 2922
4184 0 3359 2927
4184 0 3364 2937
4185 0 3329 2933
4185 0 3330 2931
4185 0 3331 2933
4185 0 3343 2895
4185 0 3345 2896
4185 0 3346 2894
4185 0 3348 2894
4185 0 3376 2934
4185 0 3378 2933
4185 0 3378 2935
4185 0 3381 2907
4185 0 3383 2905
4185 0 3383 2908
4185 0 3384 2907
20 0 3350 3001
23 0 3350 3000
739 0 3359 3000
1615 0 3359 2990
1974 0 3353 3002
1975 0 3354 2987
1975 0 3354 3000
1975 0 3361 3003
1975 0 3362 2988
1975 0 3371 2984
1976 0 3354 2994
1976 0 3357 3001
1976 0 3360 2999
1976 0 3367 2997
3442 0 3364 3001
3534 0 3360 2957
3535 0 3361 2955
3536 0 3352 2974
3537 0 3359 2987
3538 0 3350 2967
3539 0 3352 2958
3539 0 3355 2972
3539 0 3364 2980
3541 0 3346 2987
3542 0 3354 2953
3543 0 3342 2962
3543 0 3343 2964
3544 0 3328 2952
3544 0 3328 2957
3544 0 3331 2955
3544 0 3331 2961
3545 0 3354 2952
3548 0 3334 2949
3569 0 3338 2961
6134 0 3360 2970
6135 0 3351 2971
6136 0 3334 2956
6138 0 3333 2952
6138 0 3338 2946
6138 0 3338 2950
6138 0 3342 2958
6138 0 3344 2950
6138 0 3346 2945
6138 0 3346 2954
6138 0 3347 2961
6138 0 3351 2961
6138 0 3352 2951
6139 0 3355 2949
6139 0 3358 2969
6139 0 3362 2975
6140 0 3342 2954
6140 0 3355 2957
6140 0 3361 2969
6140 0 3363 2963
6141 0 3349 2954
6141 0 3359 2975
6141 0 3361 2967
6141 0 3365 2991
6141 0 3367 2983
458 0 3387 3017
458 0 3387 3068
459 0 3384 3015
460 0 3386 3065
462 0 3384 3013
462 0 3387 3014
463 0 3385 3067
463 0 3389 3065
1792 0 3335 3019
1792 0 3366 3034
1793 0 3338 3021
1793 0 3364 3033
1793 0 3365 3036
1794 0 3364 3034
1795 0 3337 3020
6589 0 3364 3171
10374 0 3372 3152
10374 0 3375 3144
10374 0 3376 3150
10374 0 3380 3152
10375 0 3361 3147
10376 0 3373 3148
10376 0 3379 3144
10376 0 3381 3147
2570 0 3362 3222
3346 0 3329 3234
3347 0 3360 3242
3348 0 3359 3222
3349 0 3329 3233
3350 0 3385 3204
3351 0 3361 3242
3340 0 3383 3269
3341 0 3362 3273
3342 0 3368 3278
3343 0 3373 3272
3344 0 3358 3276
3345 0 3372 3279
3352 0 3375 3285
5975 0 3367 3304
5976 0 3364 3308
5978 0 3363 3304
5985 0 3359 3304
5988 0 3364 3311
3628 0 3370 3387
3630 0 3356 3385
3635 0 3364 3342
3636 0 3360 3343
3637 0 3364 3339
3638 0 3365 3333
3639 0 3355 3333
3640 0 3376 3377
3641 0 3381 3379
3642 0 3376 3373
1933 0 3357 3415
1937 0 3357 3446
1938 0 3364 3445
3628 0 3362 3416
3630 0 3354 3408
3630 0 3365 3429
3630 0 3373 3418
3631 0 3350 3401
3631 0 3362 3408
3631 0 3366 3425
3632 0 3363 3397
3633 0 3370 3416
3634 0 3348 3424
5138 0 3376 3429
7767 0 3362 3446
1259 0 3361 3505
2827 0 3341 3478
2827 0 3343 3484
2827 0 3345 3484
2827 0 3350 3493
2827 0 3353 3494
2827 0 3361 3484
2827 0 3364 3489
2827 0 3370 3497
2827 0 3379 3478
2827 0 3379 3484
2827 0 3387 3483
2827 0 3388 3494
2827 0 3389 3483
260 0 3338 3676
260 0 3339 3694
260 0 3346 3707
261 0 3333 3685
261 0 3337 3701
262 0 3333 3699
262 0 3348 3685
263 0 3332 3693
263 0 3339 3683
264 0 3331 3672
264 0 3347 3694
6610 0 3332 3734
1535 0 3349 3793
1535 0 3350 3817
3097 0 3343 5915
6705 0 3391 5929
3021 0 3361 6063
3021 0 3361 6066
3021 0 3362 6062
3021 0 3365 6061
3021 0 3366 6063
3021 0 3367 6061
3021 0 3368 6070
3021 0 3369 6062
3021 0 3369 6064
3021 0 3374 6062
3426 0 3335 6023
3426 0 3341 6023
3426 0 3344 6018
3426 0 3359 6028
3426 0 3363 6024
3426 0 3363 6031
3544 0 3371 9301
3544 0 3371 9303
3544 0 3371 9305
3544 0 3371 9307
3544 0 3371 9309
3544 0 3373 9301
3544 0 3373 9303
3544 0 3373 9306
3544 0 3373 9308
3544 0 3375 9301
3544 0 3375 9303
3544 0 3375 9305
3544 0 3375 9307
3544 0 3375 9309
4738 0 3371 9320
956 0 3331 9501
958 0 3329 9487
958 0 3333 9490
958 0 3336 9494
1529 0 3350 9567
1529 0 3354 9566
1529 0 3356 9566
1529 0 3360 9567
1529 0 3362 9588
1529 0 3371 9576
1529 0 3371 9578
4739 0 3367 9586
4740 0 3368 9587
4741 0 3368 9585
4765 0 3379 9556
5981 0 3364 9647
5985 0 3382 9631
5986 0 3382 9655
5987 0 3350 9652
5988 0 3347 9623
70 0 3373 9748
70 0 3378 9748
70 0 3382 9753
71 0 3368 9748
71 0 3378 9757
71 0 3383 9746
72 0 3376 9751
72 0 3380 9756
73 0 3377 9743
73 0 3377 9754
3629 0 3351 9756
70 0 3373 9812
70 0 3378 9812
70 0 3382 9817
71 0 3368 9812
71 0 3378 9821
71 0 3383 9810
72 0 3376 9815
72 0 3380 9820
73 0 3377 9807
73 0 3377 9818
3629 0 3351 9820
7864 0 3348 10075
7864 0 3351 10084
7864 0 3353 10080
7864 0 3357 10076
7864 0 3360 10081
7864 0 3364 10074
7864 0 3364 10079
7864 0 3369 10068
7864 0 3370 10064
7864 0 3372 10066
7878 0 3334 10060
7878 0 3350 10052
7879 0 3333 10052
7879 0 3342 10056
7880 0 3336 10056
7880 0 3345 10052
7861 0 3356 10157
7861 0 3361 10159
7861 0 3366 10155
7865 0 3335 10138
7865 0 3340 10130
7865 0 3341 10138
7866 0 3332 10125
7866 0 3333 10130
7867 0 3337 10134
7867 0 3339 10144
7876 0 3354 10120
7876 0 3359 10114
7876 0 3361 10125
7876 0 3367 10117
22 0 3401 2918
23 0 3400 2918
1350 0 3443 2902
1792 0 3409 2889
1793 0 3411 2885
1793 0 3415 2885
1794 0 3413 2888
1795 0 3395 2932
1796 0 3396 2934
1797 0 3397 2932
4745 0 3441 2933
4746 0 3421 2914
4747 0 3439 2891
4748 0 3415 2938
4749 0 3436 2901
4751 0 3427 2900
4752 0 3448 2898
4753 0 3424 2906
4754 0 3407 2925
4755 0 3414 2906
4756 0 3442 2912
4757 0 3438 2917
4758 0 3438 2914
4759 0 3442 2920
4760 0 3424 2929
4761 0 3430 2914
4762 0 3425 2889
4762 0 3425 2891
4762 0 3425 2893
4762 0 3425 2894
7369 0 3428 2910
10641 0 3446 2903
10644 0 3449 2905
10647 0 3449 2901
10701 0 3450 2903
3544 0 3403 2963
3544 0 3429 2976
4185 0 3400 2997
4185 0 3402 2999
4185 0 3403 2997
4185 0 3445 2993
4185 0 3446 2992
4185 0 3448 2991
4185 0 3448 2994
458 0 3404 3062
458 0 3441 3061
458 0 3445 3034
459 0 3438 3060
460 0 3405 3059
460 0 3411 3034
460 0 3445 3031
461 0 3414 3032
462 0 3441 3059
462 0 3443 3033
462 0 3443 3059
463 0 3400 3032
463 0 3402 3061
463 0 3404 3060
463 0 3407 3067
463 0 3408 3060
463 0 3411 3065
463 0 3412 3032
463 0 3412 3049
463 0 3414 3029
463 0 3417 3036
463 0 3418 3032
463 0 3419 3034
463 0 3422 3058
463 0 3424 3059
463 0 3435 3057
463 0 3435 3062
463 0 3439 3013
463 0 3439 3065
463 0 3440 3016
463 0 3443 3012
463 0 3443 3017
463 0 3443 3034
463 0 3443 3047
463 0 3446 3014
3544 0 3396 3029
3544 0 3397 3044
3544 0 3398 3038
4185 0 3406 3014
4185 0 3408 3013
4185 0 3408 3016
4185 0 3410 3015
2903 0 3402 3134
2903 0 3403 3090
2903 0 3405 3101
2903 0 3405 3133
2903 0 3407 3132
2903 0 3408 3095
2903 0 3410 3088
2903 0 3412 3081
2903 0 3414 3075
2903 0 3415 3080
2903 0 3417 3073
5551 0 3402 3095
5551 0 3406 3097
5551 0 3407 3085
5551 0 3410 3085
1795 0 3438 3153
1795 0 3440 3152
1796 0 3438 3152
1796 0 3439 3154
1797 0 3437 3154
5137 0 3414 3156
5551 0 3395 3143
5551 0 3396 3158
5551 0 3400 3149
5551 0 3404 3144
5551 0 3406 3152
5551 0 3408 3147
3611 0 3444 3258
2634 0 3425 3317
2634 0 3427 3319
2634 0 3430 3291
2634 0 3434 3286
2634 0 3438 3294
2634 0 3443 3306
2634 0 3445 3286
2634 0 3451 3291
2634 0 3451 3309
2646 0 3425 3278
2646 0 3426 3277
2646 0 3438 3312
2646 0 3445 3284
2646 0 3447 3269
2646 0 3452 3308
2648 0 3430 3310
2648 0 3430 3311
2648 0 3439 3312
2648 0 3448 3268
2648 0 3450 3308
2649 0 3421 3291
2649 0 3423 3299
2649 0 3426 3308
2649 0 3429 3299
2649 0 3432 3287
2649 0 3437 3302
2649 0 3438 3290
2649 0 3438 3311
2649 0 3447 3284
2649 0 3447 3286
2649 0 3448 3300
2649 0 3454 3309
2651 0 3426 3275
2651 0 3431 3309
2651 0 3447 3267
2651 0 3452 3307
2655 0 3437 3272
2655 0 3439 3276
2655 0 3440 3271
2655 0 3440 3280
2655 0 3443 3272
2655 0 3445 3274
945 0 3401 3361
945 0 3404 3371
945 0 3406 3354
945 0 3406 3386
945 0 3407 3379
945 0 3411 3380
945 0 3412 3357
945 0 3414 3365
945 0 3415 3372
945 0 3415 3390
945 0 3416 3345
945 0 3417 3337
945 0 3417 3385
945 0 3418 3356
945 0 3419 3361
945 0 3420 3333
945 0 3423 3348
945 0 3424 3337
945 0 3426 3366
945 0 3427 3379
945 0 3427 3389
945 0 3429 3330
945 0 3429 3352
945 0 3430 3344
945 0 3431 3366
945 0 3436 3389
945 0 3441 3364
945 0 3443 3383
945 0 3447 3391
945 0 3449 3345
945 0 3453 3357
945 0 3453 3386
945 0 3454 3346
945 0 3454 3369
2634 0 3409 3391
2634 0 3414 3357
2634 0 3416 3362
2634 0 3419 3370
2634 0 3427 3377
2634 0 3441 3355
2646 0 3430 3375
2648 0 3439 3354
2649 0 3411 3361
2649 0 3416 3363
2649 0 3416 3371
2649 0 3417 3368
2649 0 3430 3380
2651 0 3411 3387
2651 0 3422 3377
2651 0 3441 3353
3483 0 3409 3369
3483 0 3420 3349
3483 0 3430 3340
3483 0 3435 3330
3483 0 3435 3359
3483 0 3437 3374
3483 0 3446 3385
3483 0 3447 3388
3483 0 3450 3370
3483 0 3450 3387
3483 0 3451 3336
3483 0 3452 3355
945 0 3410 3398
945 0 3413 3423
945 0 3413 3443
945 0 3414 3418
945 0 3415 3407
945 0 3415 3432
945 0 3419 3395
945 0 3419 3413
945 0 3420 3425
945 0 3420 3435
945 0 3420 3440
945 0 3422 3395
945 0 3424 3403
945 0 3425 3395
945 0 3426 3419
945 0 3427 3431
945 0 3428 3395
945 0 3428 3445
945 0 3429 3436
945 0 3432 3419
945 0 3432 3445
945 0 3437 3401
945 0 3437 3435
945 0 3441 3415
945 0 3441 3428
945 0 3442 3395
945 0 3443 3432
945 0 3444 3406
945 0 3445 3394
945 0 3448 3393
945 0 3450 3423
945 0 3450 3430
945 0 3451 3396
945 0 3453 3395
945 0 3453 3436
945 0 3454 3414
2634 0 3413 3410
2634 0 3421 3408
2634 0 3423 3408
2634 0 3425 3424
2634 0 3442 3405
2646 0 3422 3406
2646 0 3424 3427
2646 0 3428 3400
2646 0 3439 3398
2646 0 3446 3405
2654 0 3424 3409
2654 0 3425 3407
2654 0 3425 3410
2654 0 3431 3415
2654 0 3434 3417
2654 0 3440 3410
3483 0 3418 3420
3483 0 3424 3452
3483 0 3428 3409
3483 0 3433 3416
3483 0 3434 3394
3483 0 3436 3407
3483 0 3438 3414
3483 0 3439 3449
3483 0 3446 3439
3483 0 3454 3410
3483 0 3454 3423
0 0 3454 3468
289 0 3412 3512
289 0 3412 3515
289 0 3413 3514
289 0 3414 3512
289 0 3415 3518
289 0 3416 3509
289 0 3416 3511
289 0 3417 3518
289 0 3418 3509
289 0 3419 3512
289 0 3420 3517
289 0 3420 3518
289 0 3423 3461
289 0 3426 3465
289 0 3427 3463
289 0 3428 3458
289 0 3428 3465
289 0 3430 3462
289 0 3430 3467
289 0 3433 3458
289 0 3433 3468
289 0 3434 3464
947 0 3444 3459
1036 0 3444 3485
1579 0 3432 3487
2940 0 3438 3487
2941 0 3437 3487
2942 0 3434 3483
2943 0 3435 3483
2944 0 3433 3486
2945 0 3434 3486
3484 0 3410 3484
3484 0 3410 3493
3485 0 3415 3489
3486 0 3411 3489
3486 0 3415 3485
6222 0 3406 3492
6223 0 3405 3492
414 0 3429 3564
414 0 3433 3552
414 0 3436 3559
414 0 3439 3539
414 0 3439 3544
414 0 3440 3560
414 0 3443 3546
414 0 3444 3537
448 0 3412 3549
448 0 3412 3563
448 0 3412 3575
448 0 3413 3559
448 0 3413 3571
448 0 3420 3551
448 0 3421 3573
448 0 3424 3558
448 0 3424 3567
448 0 3428 3544
448 0 3428 3553
448 0 3430 3571
448 0 3439 3574
453 0 3410 3570
453 0 3411 3546
453 0 3411 3560
453 0 3417 3570
453 0 3421 3544
453 0 3423 3555
453 0 3429 3574
453 0 3441 3571
454 0 3419 3574
454 0 3427 3548
454 0 3428 3569
2827 0 3411 3536
2827 0 3418 3522
2827 0 3425 3525
2827 0 3429 3522
2827 0 3432 3527
2827 0 3434 3521
2827 0 3445 3526
1491 0 3422 9568
1491 0 3428 9565
1496 0 3419 9564
2827 0 3409 9637
2827 0 3410 9640
2827 0 3411 9644
2827 0 3414 9643
2827 0 3418 9642
2827 0 3419 9646
2827 0 3420 9631
2827 0 3421 9629
2827 0 3423 9625
2827 0 3433 9638
2827 0 3434 9636
2827 0 3436 9636
2834 0 3410 9632
2834 0 3411 9620
2834 0 3416 9620
2834 0 3425 9637
6448 0 3427 9644
6448 0 3428 9658
6469 0 3423 9658
6470 0 3420 9657
6470 0 3429 9648
3487 0 3405 9902
9515 0 3439 9897
9805 0 3440 9895
2854 0 3419 10078
2854 0 3433 10061
2854 0 3440 10072
6605 0 3430 10070
7868 0 3410 10065
7869 0 3418 10063
7870 0 3415 10068
7877 0 3439 10082
7877 0 3439 10088
7877 0 3444 10077
7877 0 3444 10096
7877 0 3445 10085
7868 0 3396 10119
7869 0 3402 10119
7870 0 3397 10124
7871 0 3421 10153
7871 0 3426 10143
7871 0 3428 10151
7871 0 3432 10148
7871 0 3432 10152
7872 0 3421 10159
7872 0 3424 10148
7872 0 3433 10139
7873 0 3425 10156
7873 0 3434 10144
21 0 3467 3110
25 0 3467 3109
1985 0 3483 3093
1986 0 3483 3090
1988 0 3472 3086
1988 0 3475 3100
1988 0 3482 3084
1988 0 3489 3102
6277 0 3488 3090
4476 0 3471 3199
4476 0 3472 3196
4476 0 3474 3193
4476 0 3476 3191
4476 0 3479 3189
4476 0 3482 3186
4476 0 3484 3185
4476 0 3486 3184
4476 0 3489 3184
4476 0 3490 3183
4476 0 3492 3181
4476 0 3494 3178
2854 0 3483 3210
2854 0 3489 3211
2854 0 3490 3243
2854 0 3492 3228
2854 0 3496 3230
2854 0 3496 3242
2854 0 3498 3212
2854 0 3500 3224
2854 0 3505 3230
2854 0 3506 3243
2854 0 3508 3225
2854 0 3512 3228
2854 0 3516 3222
2934 0 3475 3235
2935 0 3476 3235
2936 0 3479 3237
2937 0 3480 3237
2938 0 3481 3241
2939 0 3480 3241
3237 0 3458 3225
3237 0 3459 3229
3237 0 3459 3234
3237 0 3460 3231
3237 0 3461 3236
3237 0 3462 3240
3488 0 3486 3241
4444 0 3490 3241
4445 0 3517 3241
4446 0 3513 3234
4447 0 3491 3242
4448 0 3503 3231
4449 0 3511 3224
4450 0 3489 3222
4451 0 3514 3228
4452 0 3509 3209
4453 0 3482 3210
4454 0 3483 3243
4455 0 3489 3221
4456 0 3508 3208
4457 0 3482 3208
4458 0 3484 3207
4459 0 3504 3242
4461 0 3514 3209
4463 0 3498 3242
4464 0 3480 3222
4465 0 3479 3223
4466 0 3499 3241
4467 0 3485 3237
4468 0 3492 3235
4469 0 3504 3235
4479 0 3515 3242
6214 0 3496 3212
6215 0 3493 3211
6216 0 3513 3241
6217 0 3513 3242
6218 0 3514 3241
1276 0 3474 3280
1276 0 3478 3307
1276 0 3479 3283
1276 0 3480 3271
1276 0 3482 3302
1276 0 3483 3283
1276 0 3483 3295
1276 0 3487 3272
1276 0 3488 3282
1276 0 3488 3288
1276 0 3489 3267
1276 0 3489 3302
1276 0 3492 3285
1276 0 3493 3293
1276 0 3496 3277
1276 0 3496 3296
1276 0 3500 3286
1276 0 3501 3294
1276 0 3501 3297
1276 0 3501 3313
1276 0 3501 3321
1276 0 3504 3299
1276 0 3507 3301
1276 0 3513 3321
1276 0 3516 3315
1287 0 3496 3289
1289 0 3489 3296
1293 0 3466 3306
1293 0 3471 3285
1293 0 3479 3300
1293 0 3499 3298
1293 0 3502 3277
1293 0 3511 3300
1293 0 3517 3285
1294 0 3466 3309
1294 0 3476 3288
1294 0 3481 3305
1294 0 3485 3271
1294 0 3488 3284
1294 0 3495 3285
1294 0 3503 3302
1294 0 3506 3304
1294 0 3509 3284
1297 0 3469 3308
1297 0 3474 3293
1297 0 3491 3291
1297 0 3496 3271
1297 0 3503 3288
1298 0 3472 3304
1298 0 3475 3274
1298 0 3477 3308
1298 0 3481 3277
1298 0 3487 3277
1298 0 3493 3299
1298 0 3504 3281
1298 0 3515 3302
10590 0 3479 3320
945 0 3456 3343
945 0 3456 3366
945 0 3456 3390
945 0 3457 3351
945 0 3457 3356
945 0 3457 3370
945 0 3457 3378
945 0 3458 3340
945 0 3460 3375
945 0 3463 3336
945 0 3463 3341
945 0 3463 3353
945 0 3464 3372
945 0 3464 3380
945 0 3465 3359
945 0 3466 3332
945 0 3467 3380
945 0 3468 3348
945 0 3469 3368
945 0 3469 3390
945 0 3470 3381
945 0 3472 3362
945 0 3473 3352
945 0 3474 3380
945 0 3474 3387
945 0 3475 3373
945 0 3477 3354
945 0 3478 3328
945 0 3482 3343
945 0 3485 3373
945 0 3486 3329
945 0 3486 3380
945 0 3487 3368
945 0 3488 3343
945 0 3488 3350
945 0 3488 3357
945 0 3491 3376
945 0 3491 3381
945 0 3491 3388
945 0 3492 3360
945 0 3492 3371
945 0 3494 3328
945 0 3494 3341
945 0 3498 3354
945 0 3500 3385
945 0 3501 3388
945 0 3502 3328
945 0 3502 3350
945 0 3502 3363
945 0 3503 3359
945 0 3505 3379
945 0 3507 3348
945 0 3508 3367
945 0 3510 3341
945 0 3510 3381
945 0 3512 3328
945 0 3513 3383
945 0 3517 3329
945 0 3517 3336
2634 0 3458 3347
2634 0 3463 3346
2634 0 3466 3364
2634 0 3467 3345
2634 0 3478 3371
2634 0 3487 3378
2634 0 3494 3380
2634 0 3498 3382
2634 0 3501 3382
2634 0 3503 3380
2634 0 3506 3382
2646 0 3477 3368
2646 0 3480 3363
2646 0 3494 3389
2646 0 3496 3386
2647 0 3474 3347
2650 0 3471 3346
2651 0 3463 3357
2651 0 3473 3348
2651 0 3477 3367
2652 0 3473 3346
945 0 3457 3411
945 0 3458 3401
945 0 3461 3406
945 0 3461 3437
945 0 3462 3399
945 0 3463 3416
945 0 3463 3425
945 0 3463 3448
945 0 3464 3441
945 0 3466 3433
945 0 3467 3415
945 0 3469 3397
945 0 3470 3426
945 0 3472 3420
945 0 3473 3394
945 0 3473 3412
945 0 3475 3401
945 0 3475 3440
945 0 3478 3429
945 0 3481 3406
945 0 3482 3419
945 0 3482 3431
945 0 3485 3436
945 0 3485 3451
945 0 3486 3399
945 0 3486 3407
945 0 3487 3423
945 0 3490 3395
945 0 3490 3446
945 0 3491 3430
945 0 3492 3405
945 0 3495 3439
945 0 3496 3395
945 0 3497 3409
945 0 3497 3417
945 0 3498 3452
945 0 3499 3446
945 0 3500 3422
945 0 3501 3403
945 0 3507 3428
945 0 3508 3393
945 0 3508 3400
945 0 3509 3421
945 0 3511 3397
945 0 3511 3408
945 0 3514 3418
945 0 3515 3414
945 0 3516 3404
945 0 3516 3448
945 0 3518 3399
945 0 3518 3417
945 0 3518 3428
2634 0 3456 3417
2634 0 3460 3418
2634 0 3460 3424
2634 0 3462 3432
2634 0 3469 3432
2634 0 3481 3442
2634 0 3482 3444
2634 0 3483 3445
2634 0 3493 3393
2634 0 3499 3394
2634 0 3500 3425
2634 0 3502 3425
2634 0 3504 3404
2634 0 3504 3422
2634 0 3506 3420
2634 0 3511 3393
2634 0 3516 3409
2645 0 3519 3439
2646 0 3456 3418
2646 0 3467 3404
2646 0 3471 3402
2646 0 3483 3440
2646 0 3485 3443
2646 0 3496 3421
2646 0 3504 3424
2646 0 3505 3418
2647 0 3486 3440
2647 0 3517 3437
2648 0 3495 3418
2648 0 3498 3420
2648 0 3505 3433
2648 0 3510 3435
2649 0 3463 3404
2649 0 3471 3399
2649 0 3472 3415
2649 0 3472 3418
2649 0 3477 3419
2649 0 3481 3439
2649 0 3481 3441
2650 0 3486 3442
2650 0 3496 3444
2651 0 3467 3409
2651 0 3467 3410
2651 0 3480 3424
2651 0 3484 3442
2652 0 3485 3441
2653 0 3479 3434
2653 0 3481 3437
2653 0 3482 3430
2653 0 3483 3449
2653 0 3490 3444
8295 0 3508 3440
402 0 3511 3509
686 0 3497 3478
2613 0 3489 3490
2614 0 3490 3474
2615 0 3497 3497
2616 0 3474 3474
2617 0 3495 3476
2618 0 3511 3482
2619 0 3502 3487
2620 0 3483 3478
2621 0 3501 3493
2622 0 3485 3488
2624 0 3497 3474
2626 0 3483 3495
2628 0 3479 3492
2629 0 3479 3498
2630 0 3490 3473
2631 0 3505 3491
2633 0 3514 3479
2633 0 3514 3481
3096 0 3480 3484
3483 0 3459 3457
3483 0 3460 3462
3483 0 3462 3459
3483 0 3463 3490
3483 0 3464 3511
3483 0 3465 3466
3483 0 3466 3495
3483 0 3466 3497
3483 0 3467 3485
3483 0 3467 3497
3483 0 3467 3509
3483 0 3469 3470
3483 0 3470 3469
3483 0 3471 3477
3483 0 3474 3505
3483 0 3476 3507
3483 0 3479 3511
3483 0 3480 3468
3483 0 3480 3470
3483 0 3482 3469
3483 0 3483 3511
3483 0 3484 3464
3483 0 3485 3509
3483 0 3490 3461
3483 0 3491 3460
3483 0 3494 3461
3483 0 3494 3512
3483 0 3498 3461
3483 0 3499 3513
3483 0 3501 3513
3483 0 3502 3464
3483 0 3504 3463
3483 0 3506 3512
3483 0 3506 3515
3483 0 3507 3515
3483 0 3509 3512
3483 0 3511 3488
3483 0 3513 3467
3483 0 3513 3487
3483 0 3513 3489
3483 0 3513 3503
3483 0 3514 3490
3483 0 3515 3495
3483 0 3515 3499
3483 0 3516 3469
5521 0 3465 3478
6269 0 3503 3477
6478 0 3507 3496
6524 0 3499 3506
6525 0 3475 3497
6526 0 3490 3503
6527 0 3493 3471
9801 0 3488 3478
9802 0 3495 3501
2996 0 3461 3558
531 0 3501 6072
531 0 3501 6075
531 0 3504 6072
531 0 3504 6075
531 0 3507 6072
531 0 3507 6075
531 0 3513 6136
531 0 3513 6139
531 0 3513 6142
531 0 3516 6136
531 0 3516 6139
531 0 3516 6142
962 0 3495 9489
962 0 3496 9502
963 0 3474 9496
966 0 3472 9490
966 0 3475 9504
966 0 3484 9510
966 0 3491 9498
966 0 3493 9492
966 0 3495 9508
5860 0 3487 9502
8277 0 3494 9628
8283 0 3497 9626
8286 0 3494 9626
1279 0 3477 9725
1279 0 3478 9721
1279 0 3483 9725
1279 0 3485 9721
1279 0 3486 9724
1279 0 3491 9724
1279 0 3494 9722
1279 0 3499 9722
1279 0 3499 9723
1279 0 3502 9723
1279 0 3508 9725
1279 0 3509 9722
1281 0 3470 9716
1281 0 3472 9705
1281 0 3472 9713
1281 0 3475 9702
1281 0 3476 9696
1281 0 3478 9706
1281 0 3478 9716
1281 0 3480 9713
1281 0 3483 9708
1281 0 3486 9698
1281 0 3486 9716
1281 0 3487 9706
1281 0 3488 9713
1281 0 3489 9701
1281 0 3495 9708
1281 0 3497 9697
1281 0 3498 9716
1281 0 3499 9702
1281 0 3500 9707
1281 0 3500 9713
1281 0 3506 9716
1281 0 3507 9699
1281 0 3508 9707
1281 0 3508 9713
1281 0 3513 9697
1281 0 3514 9705
1281 0 3514 9716
1281 0 3516 9713
1283 0 3460 9667
1283 0 3460 9687
1283 0 3461 9669
1283 0 3461 9678
1283 0 3467 9683
1283 0 3468 9676
1283 0 3472 9673
1283 0 3474 9668
1283 0 3474 9681
1283 0 3474 9687
1283 0 3478 9674
1283 0 3480 9681
1283 0 3484 9667
1283 0 3486 9676
1283 0 3486 9685
1285 0 3460 9695
1285 0 3460 9719
1285 0 3463 9697
1285 0 3463 9704
1285 0 3463 9709
1285 0 3463 9713
1285 0 3463 9721
1285 0 3464 9701
1285 0 3465 9706
1285 0 3465 9714
6143 0 3499 9672
6143 0 3499 9677
6143 0 3499 9682
6143 0 3502 9685
6143 0 3504 9669
6143 0 3507 9686
6143 0 3510 9669
6143 0 3512 9685
6143 0 3515 9672
6143 0 3515 9677
6143 0 3515 9682
111 0 3469 9806
111 0 3470 9804
2854 0 3476 9842
2854 0 3479 9835
2854 0 3479 9840
2854 0 3479 9841
2854 0 3480 9841
2854 0 3481 9828
2854 0 3485 9844
2854 0 3485 9845
2854 0 3486 9822
2854 0 3486 9843
2854 0 3486 9844
2854 0 3486 9845
2854 0 3487 9843
2854 0 3487 9844
2854 0 3492 9815
2854 0 3497 9808
2854 0 3502 9808
2856 0 3480 9830
2856 0 3484 9824
2856 0 3495 9812
2856 0 3502 9806
2862 0 3464 9818
2863 0 3463 9813
2864 0 3469 9816
3021 0 3466 9815
3021 0 3471 9806
3023 0 3467 9797
3023 0 3471 9796
3028 0 3466 9798
3045 0 3465 9797
3046 0 3466 9796
3049 0 3469 9797
3050 0 3469 9796
8296 0 3510 9836
9620 0 3506 9838
9626 0 3509 9831
9628 0 3514 9838
9630 0 3513 9843
9803 0 3504 9833
1273 0 3481 9943
1273 0 3493 9925
1274 0 3474 9933
1274 0 3487 9935
1275 0 3473 9943
1275 0 3488 9945
1275 0 3498 9937
3489 0 3530 3169
4477 0 3527 3169
4477 0 3529 3165
4477 0 3530 3165
4477 0 3531 3169
4477 0 3534 3175
4477 0 3536 3177
4477 0 3538 3179
4477 0 3540 3178
4477 0 3543 3180
9517 0 3529 3168
4427 0 3546 3218
4427 0 3572 3216
4427 0 3578 3231
4427 0 3579 3250
4428 0 3550 3213
4428 0 3567 3214
4428 0 3579 3207
4428 0 3582 3242
4429 0 3546 3206
4429 0 3575 3240
4429 0 3577 3216
4430 0 3540 3206
4430 0 3564 3232
4430 0 3578 3221
4430 0 3581 3210
4436 0 3550 3200
4436 0 3561 3246
4436 0 3562 3229
4436 0 3564 3206
4436 0 3564 3218
4436 0 3564 3253
4436 0 3567 3236
4437 0 3546 3249
4437 0 3556 3216
4437 0 3559 3200
4438 0 3564 3201
4438 0 3565 3241
4438 0 3582 3216
4438 0 3583 3200
1671 0 3564 3288
5046 0 3522 3284
6161 0 3575 3331
945 0 3523 3436
945 0 3526 3398
945 0 3531 3425
945 0 3548 3450
945 0 3563 3444
2634 0 3524 3413
2634 0 3530 3441
2634 0 3541 3410
2634 0 3544 3430
2634 0 3563 3438
2645 0 3531 3438
2645 0 3558 3453
2646 0 3540 3430
2647 0 3520 3407
2648 0 3530 3398
2650 0 3534 3428
2651 0 3545 3440
2906 0 3532 3446
2906 0 3537 3445
2906 0 3537 3451
2906 0 3547 3442
2906 0 3549 3437
2906 0 3549 3449
2906 0 3552 3450
2906 0 3554 3440
2906 0 3554 3453
2906 0 3556 3438
2906 0 3558 3444
2906 0 3562 3435
1035 0 3548 3516
2827 0 3565 3503
2827 0 3567 3481
2827 0 3580 3491
3233 0 3537 3496
3233 0 3545 3502
3233 0 3546 3462
3233 0 3548 3480
3233 0 3551 3489
3233 0 3554 3506
3233 0 3560 3462
3233 0 3566 3483
3233 0 3567 3474
3233 0 3572 3492
3233 0 3574 3507
3240 0 3556 3470
3240 0 3570 3507
3240 0 3577 3493
3240 0 3579 3477
5928 0 3544 3462
9516 0 3549 3517
10443 0 3566 3457
10443 0 3567 3503
2013 0 3551 3561
2014 0 3551 3550
2017 0 3552 3550
7495 0 3583 3974
8107 0 3582 3973
531 0 3556 5948
531 0 3558 5941
531 0 3562 5935
531 0 3567 5930
531 0 3573 5926
531 0 3580 5924
531 0 3556 5955
531 0 3558 5962
531 0 3562 5968
531 0 3567 5973
531 0 3573 5977
531 0 3580 5979
531 0 3582 6065
531 0 3582 6068
531 0 3582 6071
531 0 3524 6108
531 0 3524 6115
531 0 3526 6101
531 0 3526 6122
531 0 3530 6095
531 0 3530 6128
531 0 3535 6090
531 0 3535 6133
531 0 3541 6086
531 0 3541 6137
531 0 3544 6108
531 0 3544 6110
531 0 3544 6113
531 0 3544 6115
531 0 3545 6106
531 0 3545 6117
531 0 3546 6105
531 0 3546 6118
531 0 3548 6084
531 0 3548 6104
531 0 3548 6119
531 0 3548 6139
531 0 3550 6104
531 0 3550 6119
531 0 3553 6104
531 0 3553 6119
531 0 3555 6084
531 0 3555 6104
531 0 3555 6119
531 0 3555 6139
531 0 3557 6105
531 0 3557 6118
531 0 3558 6106
531 0 3558 6117
531 0 3559 6108
531 0 3559 6110
531 0 3559 6113
531 0 3559 6115
531 0 3562 6086
531 0 3562 6137
531 0 3568 6090
531 0 3568 6134
531 0 3573 6095
531 0 3573 6129
531 0 3573 6138
531 0 3573 6141
531 0 3576 6138
531 0 3576 6141
531 0 3577 6101
531 0 3577 6122
531 0 3579 6108
531 0 3579 6115
531 0 3573 6144
531 0 3576 6144
1678 0 3548 9675
1678 0 3549 9679
1678 0 3551 9676
1678 0 3552 9679
1678 0 3552 9682
1678 0 3555 9675
1678 0 3555 9679
1679 0 3531 9694
1679 0 3534 9690
1679 0 3534 9698
1679 0 3535 9695
1679 0 3537 9692
1679 0 3539 9695
1680 0 3533 9692
1680 0 3536 9697
1681 0 3532 9696
1682 0 3537 9694
1683 0 3566 9693
1683 0 3567 9698
1683 0 3569 9695
1683 0 3570 9691
1683 0 3572 9697
1684 0 3566 9695
1684 0 3567 9691
1684 0 3567 9697
1684 0 3570 9697
1684 0 3571 9692
1684 0 3572 9694
1685 0 3549 9713
1685 0 3553 9707
1686 0 3548 9709
1687 0 3551 9714
1687 0 3555 9709
1688 0 3554 9713
484 0 3564 9741
484 0 3566 9735
484 0 3572 9741
484 0 3574 9737
5923 0 3549 9867
5924 0 3540 9873
5925 0 3554 9886
5925 0 3560 9908
5925 0 3565 9865
5925 0 3572 9908
5925 0 3573 9891
5925 0 3577 9875
5926 0 3527 9909
5926 0 3533 9912
5926 0 3540 9892
5926 0 3540 9902
5927 0 3528 9865
1273 0 3525 9932
1273 0 3529 9968
1273 0 3554 9928
1273 0 3554 9948
1274 0 3539 9958
1274 0 3547 9933
1274 0 3565 9960
1275 0 3534 9926
1275 0 3549 9957
1275 0 3552 9940
1275 0 3565 9951
7496 0 3551 10421
7502 0 3549 10420
7502 0 3549 10479
8109 0 3551 10480
3692 0 3603 3189
3692 0 3638 3196
3693 0 3618 3187
3693 0 3639 3193
3717 0 3597 3193
3718 0 3621 3182
3719 0 3629 3190
3729 0 3614 3189
3730 0 3601 3183
3732 0 3638 3187
3788 0 3599 3190
3789 0 3603 3195
3790 0 3593 3187
3793 0 3632 3196
3799 0 3608 3189
3801 0 3596 3184
3803 0 3624 3196
3804 0 3623 3189
3814 0 3597 3189
3816 0 3614 3196
3817 0 3623 3184
3828 0 3592 3183
3830 0 3609 3186
3831 0 3636 3195
3692 0 3634 3228
3693 0 3630 3220
3694 0 3630 3213
3694 0 3631 3225
3695 0 3633 3211
3717 0 3600 3245
3718 0 3626 3224
3718 0 3634 3200
3719 0 3593 3208
3719 0 3615 3248
3719 0 3629 3252
3729 0 3607 3225
3729 0 3611 3205
3730 0 3626 3245
3731 0 3606 3217
3772 0 3602 3209
3779 0 3604 3201
3780 0 3595 3212
3781 0 3612 3211
3784 0 3615 3207
3785 0 3605 3218
3786 0 3604 3222
3786 0 3624 3205
3787 0 3625 3214
3788 0 3609 3207
3788 0 3623 3228
3789 0 3603 3215
3789 0 3608 3201
3790 0 3610 3217
3791 0 3598 3207
3792 0 3592 3222
3793 0 3619 3230
3793 0 3620 3220
3797 0 3606 3209
3798 0 3627 3204
3799 0 3620 3200
3800 0 3617 3215
3800 0 3633 3233
3801 0 3619 3207
3802 0 3623 3212
3803 0 3613 3222
3805 0 3627 3231
3806 0 3621 3201
3807 0 3592 3227
3807 0 3593 3200
3808 0 3620 3214
3808 0 3637 3232
3809 0 3620 3203
3810 0 3615 3217
3810 0 3623 3200
3811 0 3626 3222
3812 0 3613 3211
3812 0 3631 3208
3813 0 3622 3228
3814 0 3627 3217
3815 0 3598 3200
3816 0 3618 3217
3817 0 3614 3224
3818 0 3623 3213
3828 0 3597 3208
3828 0 3619 3205
3828 0 3624 3225
3828 0 3625 3246
3828 0 3627 3255
3829 0 3602 3205
3829 0 3621 3213
3830 0 3622 3219
3830 0 3625 3200
3830 0 3630 3261
3831 0 3633 3240
3832 0 3593 3207
3832 0 3621 3207
8212 0 3644 3211
8251 0 3647 3208
8326 0 3631 3217
3717 0 3630 3279
3719 0 3636 3270
3730 0 3624 3322
3731 0 3631 3305
3780 0 3637 3275
3782 0 3615 3283
3782 0 3632 3286
3783 0 3610 3272
3783 0 3631 3300
3784 0 3628 3283
3784 0 3642 3282
3785 0 3616 3273
3785 0 3621 3284
3785 0 3632 3299
3786 0 3623 3283
3786 0 3638 3317
3787 0 3600 3280
3787 0 3624 3281
3788 0 3605 3268
3788 0 3627 3281
3788 0 3631 3325
3789 0 3629 3280
3792 0 3621 3325
3793 0 3622 3325
3797 0 3599 3285
3798 0 3601 3284
3798 0 3630 3308
3798 0 3636 3280
3799 0 3603 3285
3799 0 3632 3265
3799 0 3634 3310
3800 0 3605 3284
3800 0 3624 3271
3801 0 3607 3285
3802 0 3602 3275
3803 0 3611 3285
3804 0 3596 3265
3804 0 3621 3319
3805 0 3604 3264
3805 0 3635 3271
3805 0 3638 3296
3805 0 3640 3286
3806 0 3634 3269
3806 0 3638 3319
3807 0 3641 3278
3808 0 3595 3264
3808 0 3620 3321
3809 0 3639 3267
3812 0 3631 3299
3812 0 3641 3279
3813 0 3632 3313
3813 0 3642 3287
3814 0 3639 3287
3817 0 3631 3272
3828 0 3606 3273
3828 0 3624 3319
3828 0 3628 3297
3828 0 3631 3317
3828 0 3632 3276
3829 0 3605 3282
3829 0 3637 3313
3830 0 3636 3284
3830 0 3641 3301
3831 0 3629 3309
3831 0 3635 3296
3832 0 3631 3315
3832 0 3634 3294
9686 0 3599 3326
9712 0 3609 3325
9716 0 3598 3318
9717 0 3611 3319
9745 0 3603 3321
9759 0 3604 3326
9761 0 3596 3324
3828 0 3627 3335
6159 0 3584 3331
8293 0 3618 3377
8294 0 3620 3376
9588 0 3612 3363
9590 0 3617 3380
9592 0 3620 3379
9687 0 3642 3378
9688 0 3631 3383
9689 0 3616 3384
9690 0 3635 3384
9691 0 3611 3390
9693 0 3610 3345
9695 0 3608 3363
9696 0 3598 3353
9697 0 3596 3389
9698 0 3597 3361
9700 0 3631 3388
9701 0 3628 3380
9702 0 3645 3377
9703 0 3599 3337
9706 0 3643 3387
9707 0 3609 3338
9708 0 3599 3384
9710 0 3608 3382
9711 0 3593 3359
9714 0 3610 3384
9718 0 3604 3369
9718 0 3607 3369
9719 0 3603 3369
9719 0 3605 3369
9720 0 3645 3359
9721 0 3641 3336
9723 0 3619 3387
9724 0 3601 3379
9725 0 3590 3345
9726 0 3590 3344
9727 0 3630 3341
9728 0 3632 3334
9728 0 3637 3346
9731 0 3624 3346
9732 0 3624 3340
9732 0 3646 3354
9732 0 3647 3363
9735 0 3644 3340
9739 0 3614 3379
9741 0 3633 3376
9743 0 3627 3389
9744 0 3600 3390
9746 0 3590 3343
9749 0 3604 3345
9750 0 3592 3345
9751 0 3594 3345
9752 0 3595 3342
9753 0 3595 3344
9754 0 3593 3343
9755 0 3592 3344
9756 0 3597 3331
9756 0 3602 3363
9756 0 3625 3383
9757 0 3598 3366
9757 0 3603 3342
9758 0 3592 3352
9758 0 3634 3387
9759 0 3605 3360
9759 0 3605 3389
9760 0 3593 3365
9761 0 3596 3378
9761 0 3611 3359
9762 0 3599 3351
9762 0 3602 3384
9763 0 3596 3357
9763 0 3624 3375
10442 0 3626 3368
10442 0 3627 3357
10442 0 3629 3364
10442 0 3632 3360
10442 0 3632 3366
2645 0 3615 3425
2645 0 3619 3430
2645 0 3631 3427
2645 0 3634 3434
2646 0 3619 3437
2646 0 3624 3425
2647 0 3626 3435
2647 0 3637 3437
2649 0 3623 3437
2650 0 3618 3447
2650 0 3633 3445
2650 0 3639 3446
2652 0 3620 3453
2652 0 3632 3454
3233 0 3612 3434
3233 0 3620 3443
3233 0 3623 3452
3233 0 3628 3440
3233 0 3635 3447
3237 0 3614 3431
3237 0 3630 3430
8299 0 3591 3425
8299 0 3592 3452
8299 0 3593 3419
8299 0 3593 3455
8299 0 3594 3422
8299 0 3594 3450
8299 0 3595 3426
8299 0 3596 3445
8299 0 3596 3452
8299 0 3598 3424
8299 0 3598 3442
8299 0 3599 3447
8299 0 3600 3419
8299 0 3600 3422
8299 0 3604 3449
8299 0 3635 3423
8299 0 3635 3426
8299 0 3637 3424
8299 0 3640 3425
9685 0 3618 3393
9692 0 3602 3394
9694 0 3610 3394
9709 0 3622 3393
9713 0 3597 3392
9722 0 3598 3394
9740 0 3630 3393
2827 0 3588 3472
2827 0 3598 3509
2827 0 3599 3486
2827 0 3607 3462
2827 0 3611 3499
2827 0 3613 3482
2827 0 3627 3511
2827 0 3628 3473
2827 0 3636 3466
2827 0 3639 3510
3233 0 3588 3461
3233 0 3589 3493
3233 0 3590 3509
3233 0 3596 3476
3233 0 3599 3483
3233 0 3607 3460
3233 0 3613 3499
3233 0 3614 3515
3233 0 3620 3472
3233 0 3623 3504
3233 0 3626 3475
3233 0 3626 3491
3233 0 3629 3511
3233 0 3633 3463
3233 0 3644 3498
3237 0 3585 3478
3237 0 3586 3480
3237 0 3586 3496
3237 0 3592 3477
3237 0 3593 3458
3237 0 3593 3508
3237 0 3595 3491
3237 0 3597 3479
3237 0 3607 3466
3237 0 3617 3477
3237 0 3618 3514
3237 0 3631 3471
3237 0 3631 3499
3237 0 3632 3459
3237 0 3632 3475
3237 0 3638 3472
3237 0 3646 3467
3240 0 3586 3482
3240 0 3596 3477
3240 0 3600 3506
3240 0 3607 3497
3240 0 3610 3465
3240 0 3613 3491
3240 0 3617 3514
3240 0 3619 3502
3240 0 3628 3476
3240 0 3629 3509
3240 0 3630 3489
10443 0 3597 3489
10443 0 3611 3462
10443 0 3620 3500
10443 0 3636 3484
0 0 3596 3524
504 0 3627 3526
2666 0 3601 3527
2992 0 3611 3527
2992 0 3616 3525
2992 0 3620 3524
2992 0 3622 3527
2993 0 3627 3531
2993 0 3629 3530
2993 0 3631 3529
2993 0 3631 3531
2993 0 3632 3526
2993 0 3633 3525
4415 0 3617 3528
531 0 3587 5924
531 0 3594 5926
531 0 3600 5930
531 0 3605 5935
531 0 3609 5941
531 0 3611 5948
2849 0 3588 5924
2849 0 3592 5924
531 0 3587 5979
531 0 3594 5977
531 0 3605 5969
531 0 3609 5962
531 0 3611 5955
531 0 3585 6065
531 0 3585 6068
531 0 3585 6071
7857 0 3618 9086
7857 0 3625 9062
7857 0 3625 9069
7857 0 3626 9085
7857 0 3629 9074
7857 0 3636 9067
7857 0 3640 9056
7857 0 3644 9065
7857 0 3646 9056
8014 0 3594 9067
8014 0 3594 9081
8014 0 3595 9073
8014 0 3598 9073
8014 0 3599 9063
8014 0 3603 9068
8014 0 3604 9079
8014 0 3607 9063
8014 0 3609 9072
8014 0 3612 9065
8014 0 3613 9077
8014 0 3623 9040
8014 0 3623 9048
8014 0 3625 9035
8014 0 3627 9053
8014 0 3628 9044
8014 0 3632 9038
8014 0 3633 9049
8014 0 3633 9052
8014 0 3637 9034
8014 0 3638 9079
8014 0 3639 9043
8014 0 3641 9053
8014 0 3642 9038
8014 0 3647 9078
7857 0 3616 9089
7857 0 3616 9095
7857 0 3622 9110
7857 0 3625 9091
7857 0 3627 9099
7857 0 3629 9110
7857 0 3634 9106
7857 0 3645 9109
7857 0 3646 9117
8014 0 3594 9098
8014 0 3595 9110
8014 0 3598 9093
8014 0 3598 9103
8014 0 3600 9112
8014 0 3603 9096
8014 0 3604 9107
8014 0 3608 9112
8014 0 3609 9102
8014 0 3612 9102
8014 0 3613 9094
8014 0 3613 9108
8014 0 3623 9128
8014 0 3623 9136
8014 0 3625 9123
8014 0 3627 9141
8014 0 3628 9132
8014 0 3632 9126
8014 0 3633 9137
8014 0 3633 9140
8014 0 3637 9122
8014 0 3638 9088
8014 0 3639 9097
8014 0 3639 9131
8014 0 3641 9141
8015 0 3601 9132
8016 0 3607 9133
8017 0 3601 9126
8018 0 3607 9127
1034 0 3600 9614
2854 0 3619 9621
2854 0 3627 9618
3773 0 3630 9643
5049 0 3598 9613
6160 0 3627 9646
8285 0 3598 9616
8290 0 3601 9612
8312 0 3600 9615
8313 0 3599 9611
8314 0 3623 9643
8315 0 3634 9623
8316 0 3638 9636
8317 0 3624 9630
8318 0 3594 9613
2854 0 3594 9677
2854 0 3598 9673
2854 0 3629 9683
2854 0 3629 9690
2854 0 3632 9696
2854 0 3636 9684
8279 0 3633 9690
8311 0 3594 9674
448 0 3609 9776
448 0 3616 9751
448 0 3617 9759
449 0 3612 9774
449 0 3622 9746
450 0 3608 9773
450 0 3620 9755
451 0 3611 9771
451 0 3619 9748
452 0 3616 9756
7276 0 3588 9736
7276 0 3592 9745
7276 0 3594 9742
7276 0 3596 9750
7276 0 3597 9735
7276 0 3599 9747
7276 0 3600 9739
8280 0 3611 9737
3022 0 3593 10217
3022 0 3603 10223
3022 0 3631 10228
3022 0 3635 10233
3022 0 3636 10227
7792 0 3596 10195
7792 0 3599 10186
7792 0 3601 10200
7792 0 3602 10193
7793 0 3605 10215
7793 0 3608 10204
7793 0 3610 10215
7793 0 3612 10210
7794 0 3623 10189
7794 0 3623 10195
7794 0 3624 10185
7794 0 3630 10193
7795 0 3634 10205
7795 0 3634 10212
7777 0 3597 10293
7792 0 3597 10254
7792 0 3602 10250
7792 0 3609 10251
7792 0 3615 10249
7793 0 3622 10291
7793 0 3627 10288
7793 0 3628 10282
7793 0 3634 10280
7794 0 3603 10273
7794 0 3604 10266
7794 0 3611 10280
7794 0 3612 10274
7795 0 3627 10246
7795 0 3632 10252
7795 0 3636 10246
7800 0 3596 10285
7800 0 3603 10295
7800 0 3606 10293
7800 0 3629 10266
7800 0 3637 10265
7800 0 3639 10268
7800 0 3640 10263
1330 0 3671 2930
1333 0 3672 2930
1053 0 3677 2978
1953 0 3681 2963
2854 0 3682 2948
2854 0 3688 2947
4015 0 3667 2981
4017 0 3673 2970
4018 0 3689 2954
4019 0 3666 2990
4020 0 3663 2980
4022 0 3695 2978
4023 0 3658 2952
4023 0 3664 2995
4023 0 3672 2967
4023 0 3675 2954
4023 0 3695 2950
4023 0 3695 2969
4024 0 3668 2994
4024 0 3678 2957
4024 0 3690 2979
4024 0 3691 2984
4025 0 3666 2983
4025 0 3691 2977
4026 0 3655 2973
4026 0 3670 2983
4027 0 3667 2993
4027 0 3676 2991
4027 0 3683 2954
4027 0 3697 2990
4028 0 3656 2960
4028 0 3666 2977
4030 0 3671 2978
4030 0 3675 2988
4031 0 3683 2971
4032 0 3667 2963
4032 0 3686 2955
4033 0 3649 3004
4034 0 3653 3006
4035 0 3660 3005
4036 0 3665 3006
4037 0 3673 3006
4038 0 3682 3006
4039 0 3688 3006
4040 0 3692 3005
4041 0 3701 3006
4042 0 3710 3004
4054 0 3682 2981
4054 0 3682 2983
4055 0 3682 2982
1037 0 3689 3018
1038 0 3667 3009
1038 0 3668 3018
1038 0 3693 3036
1038 0 3702 3038
1040 0 3658 3054
1040 0 3670 3051
1040 0 3672 3060
1040 0 3685 3055
1040 0 3689 3046
1040 0 3694 3056
1040 0 3697 3062
1040 0 3710 3057
1041 0 3674 3044
1041 0 3675 3042
1041 0 3676 3045
1041 0 3677 3042
1041 0 3683 3044
1041 0 3685 3044
1041 0 3685 3046
1041 0 3687 3052
1041 0 3688 3051
1041 0 3691 3052
1041 0 3693 3048
1042 0 3670 3021
1042 0 3681 3012
1042 0 3696 3043
1043 0 3676 3021
1043 0 3676 3030
1043 0 3684 3032
1043 0 3697 3011
1044 0 3686 3030
1044 0 3698 3024
1044 0 3708 3030
1045 0 3701 3021
1046 0 3657 3010
1046 0 3686 3039
1046 0 3687 3020
1046 0 3703 3011
281 0 3677 3179
281 0 3706 3171
5047 0 3696 3181
5050 0 3684 3182
5058 0 3706 3188
5059 0 3704 3192
5060 0 3707 3186
8281 0 3686 3186
8282 0 3697 3186
8284 0 3690 3189
8289 0 3705 3182
8291 0 3705 3189
8292 0 3708 3187
9518 0 3685 3181
9519 0 3689 3182
9520 0 3707 3188
9609 0 3683 3186
8206 0 3669 3215
8308 0 3672 3208
8309 0 3673 3207
8310 0 3674 3209
8319 0 3658 3221
8321 0 3651 3206
8322 0 3649 3206
8322 0 3652 3206
8323 0 3662 3224
8324 0 3662 3213
8325 0 3673 3223
8327 0 3649 3220
8328 0 3676 3230
8329 0 3652 3226
8330 0 3665 3222
8331 0 3649 3215
8332 0 3670 3220
8333 0 3652 3219
8334 0 3653 3213
8335 0 3672 3212
8268 0 3662 3278
9800 0 3692 3295
9827 0 3709 3315
9828 0 3709 3312
9829 0 3693 3309
9830 0 3705 3314
9831 0 3705 3303
9832 0 3708 3311
9833 0 3695 3314
9834 0 3709 3313
9835 0 3707 3298
9836 0 3706 3309
9837 0 3709 3299
9839 0 3693 3311
9840 0 3710 3310
9841 0 3710 3327
9842 0 3707 3313
9843 0 3703 3302
9844 0 3709 3309
9845 0 3697 3313
9846 0 3706 3312
9848 0 3710 3313
9589 0 3662 3347
9699 0 3657 3376
9704 0 3658 3379
9705 0 3664 3379
9727 0 3658 3361
9728 0 3653 3356
9728 0 3663 3354
9731 0 3648 3368
9731 0 3650 3345
9731 0 3661 3341
9732 0 3649 3337
9732 0 3656 3346
9732 0 3664 3369
9736 0 3653 3340
9737 0 3655 3368
9738 0 3651 3379
9742 0 3657 3355
9757 0 3648 3382
9847 0 3711 3329
9849 0 3709 3328
2906 0 3673 3416
2906 0 3675 3403
2906 0 3678 3403
2906 0 3678 3416
2906 0 3680 3407
2906 0 3680 3417
2906 0 3681 3396
2906 0 3681 3403
2906 0 3681 3413
2906 0 3682 3399
2906 0 3683 3406
2906 0 3683 3411
2906 0 3683 3416
2906 0 3684 3403
2906 0 3686 3414
2906 0 3696 3408
2906 0 3696 3411
2906 0 3699 3397
2906 0 3699 3405
2906 0 3701 3399
2906 0 3701 3406
2906 0 3703 3403
2906 0 3704 3400
3007 0 3668 3453
3007 0 3671 3453
8299 0 3686 3443
8299 0 3690 3438
8299 0 3690 3444
8299 0 3694 3439
8299 0 3696 3443
1330 0 3701 3503
1333 0 3701 3502
2985 0 3678 3510
2986 0 3660 3516
2988 0 3655 3516
2988 0 3662 3516
2995 0 3672 3491
2998 0 3658 3465
2998 0 3661 3494
2998 0 3661 3497
2998 0 3662 3463
2998 0 3662 3502
2998 0 3665 3493
2998 0 3668 3474
2998 0 3672 3503
2998 0 3673 3479
2998 0 3675 3496
2998 0 3679 3474
2998 0 3684 3485
2999 0 3648 3472
2999 0 3649 3503
3000 0 3658 3477
3001 0 3681 3496
3003 0 3687 3464
3003 0 3688 3464
3003 0 3691 3464
3004 0 3686 3503
3004 0 3689 3508
3004 0 3690 3514
3004 0 3691 3512
3004 0 3698 3497
3004 0 3704 3496
3005 0 3703 3487
3006 0 3691 3513
3007 0 3652 3484
3007 0 3652 3487
3007 0 3658 3508
3007 0 3661 3508
4011 0 3679 3495
5857 0 3660 3499
5858 0 3660 3499
5859 0 3689 3495
6127 0 3674 3484
6128 0 3657 3469
6573 0 3690 3464
6710 0 3660 3503
6710 0 3664 3488
6710 0 3667 3469
6710 0 3681 3502
6710 0 3684 3486
6710 0 3697 3473
8134 0 3674 3468
601 0 3680 3537
2999 0 3654 3536
2999 0 3657 3534
2999 0 3666 3529
2999 0 3668 3537
2999 0 3672 3520
2999 0 3673 3528
8267 0 3671 3543
7806 0 3683 3706
7788 0 3654 3746
7801 0 3669 3742
7801 0 3676 3744
7801 0 3677 3767
7801 0 3683 3746
7802 0 3678 3753
7802 0 3680 3756
7802 0 3684 3771
7802 0 3686 3766
281 0 3660 3828
281 0 3663 3837
471 0 3680 3825
471 0 3680 3835
471 0 3686 3823
471 0 3690 3831
471 0 3692 3816
471 0 3692 3838
471 0 3693 3823
7755 0 3708 3836
7756 0 3705 3838
7801 0 3666 3792
7802 0 3664 3784
7802 0 3665 3803
7802 0 3666 3780
7802 0 3666 3806
7802 0 3678 3804
7802 0 3682 3807
7802 0 3695 3802
7802 0 3699 3799
7831 0 3696 3796
7832 0 3704 3808
7833 0 3705 3827
281 0 3651 3884
281 0 3653 3845
281 0 3657 3860
281 0 3660 3893
281 0 3675 3899
281 0 3692 3902
281 0 3709 3902
471 0 3673 3858
471 0 3674 3878
471 0 3677 3850
471 0 3678 3846
471 0 3678 3867
471 0 3679 3857
471 0 3682 3848
471 0 3685 3858
471 0 3685 3867
471 0 3685 3890
471 0 3689 3845
471 0 3689 3857
471 0 3692 3868
471 0 3693 3847
471 0 3694 3853
471 0 3696 3859
471 0 3697 3864
471 0 3697 3890
471 0 3698 3846
471 0 3703 3872
1553 0 3657 3876
1553 0 3700 3900
7494 0 3662 3848
7498 0 3661 3849
7778 0 3690 3878
7800 0 3656 3878
7800 0 3657 3872
7800 0 3658 3875
7800 0 3707 3898
7823 0 3686 3883
7824 0 3692 3883
7825 0 3686 3884
7826 0 3686 3882
7827 0 3692 3884
7828 0 3692 3882
7829 0 3688 3880
7830 0 3690 3880
7834 0 3710 3883
7835 0 3697 3876
7838 0 3683 3870
7839 0 3681 3865
9298 0 3703 3852
7857 0 3649 9058
7857 0 3650 9066
7857 0 3656 9078
7857 0 3661 9069
7857 0 3666 9065
7857 0 3668 9076
7857 0 3670 9084
7857 0 3679 9080
7857 0 3679 9086
8014 0 3649 9078
8014 0 3653 9049
8014 0 3654 9034
8014 0 3656 9044
8014 0 3657 9085
8014 0 3658 9053
8014 0 3662 9035
8014 0 3662 9038
8014 0 3663 9049
8014 0 3667 9043
8014 0 3668 9034
8014 0 3670 9052
8014 0 3672 9039
8014 0 3672 9047
8014 0 3682 9067
8014 0 3682 9081
8014 0 3683 9073
8014 0 3686 9073
8014 0 3687 9063
8014 0 3691 9068
8014 0 3692 9079
8014 0 3695 9063
8014 0 3697 9072
8014 0 3697 9082
8014 0 3700 9065
8014 0 3701 9077
7857 0 3649 9119
7857 0 3651 9110
7857 0 3655 9119
7857 0 3657 9096
7857 0 3659 9108
7857 0 3666 9101
7857 0 3669 9090
7857 0 3670 9106
7857 0 3677 9089
8014 0 3650 9097
8014 0 3653 9137
8014 0 3654 9122
8014 0 3656 9132
8014 0 3657 9089
8014 0 3658 9141
8014 0 3662 9123
8014 0 3662 9126
8014 0 3663 9137
8014 0 3667 9131
8014 0 3668 9122
8014 0 3670 9140
8014 0 3672 9127
8014 0 3672 9135
8014 0 3682 9098
8014 0 3683 9110
8014 0 3686 9093
8014 0 3686 9103
8014 0 3688 9112
8014 0 3691 9096
8014 0 3692 9107
8014 0 3696 9112
8014 0 3697 9102
8014 0 3700 9102
8014 0 3701 9094
8014 0 3701 9108
8015 0 3650 9115
8015 0 3676 9109
8015 0 3687 9133
8016 0 3664 9103
8016 0 3675 9121
8017 0 3653 9112
8017 0 3654 9117
8017 0 3692 9127
8018 0 3661 9106
3242 0 3680 9958
1037 0 3725 3005
1037 0 3730 2954
1037 0 3734 2959
1037 0 3735 2989
1037 0 3744 3004
1037 0 3746 2950
1037 0 3752 2946
1037 0 3756 2999
1038 0 3716 3005
1038 0 3724 2953
1038 0 3738 2953
1038 0 3750 2975
1040 0 3754 2976
1040 0 3758 2981
1040 0 3759 2959
1040 0 3764 2952
1040 0 3771 2986
1040 0 3772 2956
1041 0 3753 2972
1041 0 3754 2967
1041 0 3755 2965
1041 0 3755 2970
1041 0 3755 2973
1041 0 3756 2976
1041 0 3757 2974
1042 0 3733 2957
1043 0 3774 3006
1044 0 3744 2947
1044 0 3744 3002
1045 0 3723 2986
1046 0 3721 3005
1052 0 3749 2972
1037 0 3722 3014
1037 0 3722 3048
1037 0 3744 3048
1037 0 3753 3038
1037 0 3755 3016
1038 0 3712 3043
1038 0 3720 3029
1038 0 3743 3014
1038 0 3748 3048
1038 0 3754 3033
1038 0 3758 3021
1038 0 3774 3039
1040 0 3718 3054
1040 0 3726 3063
1040 0 3728 3059
1040 0 3735 3058
1040 0 3737 3052
1040 0 3737 3062
1040 0 3741 3056
1040 0 3742 3066
1040 0 3755 3047
1040 0 3756 3056
1040 0 3758 3062
1040 0 3764 3042
1040 0 3764 3053
1040 0 3764 3059
1040 0 3769 3047
1040 0 3772 3061
1041 0 3729 3045
1041 0 3730 3044
1041 0 3730 3047
1041 0 3734 3045
1041 0 3735 3045
1041 0 3736 3050
1041 0 3740 3033
1041 0 3741 3035
1041 0 3741 3053
1041 0 3742 3019
1041 0 3742 3035
1041 0 3742 3053
1041 0 3745 3026
1041 0 3746 3025
1041 0 3747 3027
1041 0 3755 3029
1041 0 3759 3026
1041 0 3760 3027
1041 0 3766 3036
1041 0 3766 3037
1041 0 3766 3045
1042 0 3717 3036
1042 0 3734 3040
1042 0 3736 3019
1042 0 3741 3042
1042 0 3744 3055
1042 0 3762 3028
1042 0 3775 3053
1043 0 3713 3024
1043 0 3731 3016
1043 0 3739 3034
1043 0 3758 3016
1043 0 3764 3045
1044 0 3721 3039
1044 0 3726 3011
1044 0 3729 3032
1044 0 3748 3039
1044 0 3749 3050
1044 0 3751 3029
1044 0 3752 3019
1044 0 3760 3009
1044 0 3769 3023
1044 0 3773 3042
1046 0 3728 3021
1046 0 3744 3009
281 0 3712 3241
281 0 3724 3202
281 0 3727 3227
281 0 3732 3211
281 0 3745 3213
8272 0 3719 3215
2854 0 3727 3304
2854 0 3729 3302
2854 0 3740 3274
2854 0 3742 3272
2854 0 3745 3270
2854 0 3745 3275
2854 0 3746 3278
2854 0 3747 3272
2854 0 3750 3275
2856 0 3742 3274
2857 0 3749 3272
2858 0 3744 3268
2862 0 3747 3275
3483 0 3726 3289
3483 0 3732 3291
3483 0 3737 3280
3483 0 3745 3285
8269 0 3747 3299
8270 0 3749 3299
8271 0 3750 3300
8273 0 3738 3305
8274 0 3738 3309
8275 0 3739 3317
8276 0 3712 3315
8278 0 3729 3318
8287 0 3740 3314
8288 0 3735 3311
9507 0 3736 3316
9508 0 3736 3314
9823 0 3750 3296
9838 0 3712 3312
1029 0 3746 3334
3483 0 3726 3381
3483 0 3745 3359
3483 0 3749 3365
3483 0 3750 3354
3483 0 3757 3363
3483 0 3763 3337
4436 0 3734 3360
4437 0 3731 3358
4438 0 3732 3356
8299 0 3752 3358
8299 0 3754 3355
8299 0 3754 3365
8299 0 3756 3354
8299 0 3756 3367
8299 0 3757 3357
8300 0 3722 3369
8300 0 3750 3370
8301 0 3730 3365
8302 0 3745 3382
8303 0 3748 3376
8304 0 3719 3373
8305 0 3728 3374
8306 0 3737 3377
8307 0 3713 3368
8307 0 3740 3371
2834 0 3731 3393
2834 0 3743 3394
2834 0 3744 3399
2834 0 3751 3401
2834 0 3754 3398
2834 0 3759 3395
2854 0 3713 3492
2854 0 3714 3498
281 0 3719 3761
281 0 3720 3743
281 0 3722 3771
281 0 3729 3729
281 0 3736 3716
281 0 3755 3723
0 0 3712 3839
281 0 3714 3798
281 0 3728 3785
281 0 3773 3838
282 0 3761 3835
283 0 3767 3831
7497 0 3720 3812
7754 0 3715 3832
7769 0 3726 3816
7770 0 3736 3805
7771 0 3739 3805
7772 0 3714 3804
7773 0 3737 3824
7774 0 3753 3802
7787 0 3761 3828
7790 0 3732 3812
7791 0 3735 3815
281 0 3726 3859
281 0 3731 3900
281 0 3732 3874
281 0 3736 3852
281 0 3742 3882
281 0 3745 3873
281 0 3752 3900
281 0 3757 3888
281 0 3771 3893
1040 0 3716 3868
1040 0 3716 3875
1040 0 3716 3895
1040 0 3718 3886
1040 0 3723 3894
1040 0 3734 3891
1040 0 3743 3845
1553 0 3713 3848
1553 0 3714 3856
1553 0 3718 3847
1553 0 3718 3865
1553 0 3719 3872
1553 0 3721 3898
1553 0 3722 3887
1553 0 3727 3844
1553 0 3729 3893
1553 0 3735 3847
1553 0 3744 3848
1553 0 3750 3851
7493 0 3761 3869
7800 0 3714 3881
7800 0 3714 3887
7800 0 3714 3898
7800 0 3715 3845
7800 0 3715 3870
7800 0 3716 3849
7800 0 3716 3862
7800 0 3718 3843
7800 0 3718 3878
7800 0 3718 3892
7800 0 3720 3868
7800 0 3722 3845
7800 0 3723 3897
7800 0 3726 3889
7800 0 3731 3844
7800 0 3732 3848
7800 0 3735 3888
7800 0 3736 3845
7800 0 3746 3848
7800 0 3751 3853
7836 0 3717 3840
7837 0 3753 3851
5562 0 3752 5677
5606 0 3758 5673
5781 0 3745 5666
5813 0 3764 5668
5814 0 3738 5685
6562 0 3756 5666
6565 0 3721 5679
6566 0 3720 5661
6567 0 3728 5641
6568 0 3745 5638
6569 0 3766 5644
6570 0 3768 5663
6571 0 3768 5681
6572 0 3755 5688
6645 0 3741 5689
7721 0 3719 5678
1039 0 3718 9357
1039 0 3725 9370
1039 0 3734 9398
1039 0 3739 9385
1039 0 3747 9398
1039 0 3756 9391
1039 0 3761 9405
1047 0 3732 9390
1047 0 3741 9373
1048 0 3720 9349
1048 0 3726 9399
1048 0 3733 9353
1048 0 3733 9367
1048 0 3754 9385
1048 0 3759 9395
1049 0 3723 9379
1049 0 3724 9391
1049 0 3729 9349
1039 0 3720 9429
1039 0 3726 9442
1039 0 3745 9410
1039 0 3751 9425
1039 0 3763 9453
1039 0 3773 9461
1047 0 3721 9418
1047 0 3722 9439
1047 0 3729 9419
1047 0 3734 9461
1047 0 3739 9442
1047 0 3741 9418
1047 0 3751 9456
1047 0 3753 9460
1047 0 3755 9423
1047 0 3756 9432
1047 0 3764 9424
1047 0 3770 9451
1049 0 3729 9457
1049 0 3740 9452
1049 0 3741 9426
1049 0 3750 9447
1050 0 3717 9423
1050 0 3729 9428
1050 0 3731 9413
1050 0 3734 9445
1050 0 3737 9412
1050 0 3744 9463
1050 0 3748 9424
1050 0 3754 9439
1050 0 3762 9451
1050 0 3764 9463
1050 0 3769 9421
1050 0 3769 9465
1051 0 3764 9434
0 0 3792 2840
544 0 3785 2827
545 0 3784 2824
548 0 3779 2826
548 0 3789 2817
548 0 3794 2821
548 0 3808 2823
548 0 3812 2861
548 0 3813 2822
548 0 3818 2862
548 0 3819 2870
548 0 3821 2824
548 0 3831 2828
561 0 3808 2845
561 0 3812 2846
561 0 3815 2844
561 0 3819 2839
561 0 3819 2851
562 0 3810 2843
562 0 3813 2844
562 0 3821 2837
563 0 3811 2826
565 0 3827 2833
567 0 3815 2859
568 0 3793 2851
569 0 3784 2843
571 0 3803 2843
572 0 3810 2833
573 0 3824 2857
574 0 3817 2824
575 0 3799 2855
576 0 3796 2858
578 0 3795 2845
580 0 3792 2830
584 0 3800 2835
590 0 3794 2873
592 0 3804 2873
599 0 3803 2848
1954 0 3787 2824
1956 0 3787 2827
1817 0 3785 2974
1817 0 3806 2975
1817 0 3810 2972
1817 0 3812 2976
1817 0 3832 2974
1827 0 3822 2954
1828 0 3822 3005
1037 0 3779 3011
1037 0 3781 3030
1037 0 3792 3033
1037 0 3805 3028
1037 0 3821 3033
1037 0 3828 3058
1037 0 3836 3014
1038 0 3789 3027
1038 0 3832 3056
1038 0 3834 3021
1040 0 3777 3056
1040 0 3785 3053
1040 0 3791 3042
1040 0 3791 3048
1040 0 3798 3051
1040 0 3803 3049
1040 0 3808 3045
1040 0 3809 3038
1040 0 3812 3057
1040 0 3816 3062
1040 0 3817 3043
1040 0 3827 3038
1040 0 3828 3051
1040 0 3830 3066
1040 0 3831 3023
1040 0 3831 3030
1040 0 3834 3057
1040 0 3838 3029
1043 0 3786 3037
1044 0 3780 3021
1044 0 3790 3019
1045 0 3786 3022
1046 0 3782 3010
1814 0 3824 3015
1815 0 3801 3015
1816 0 3812 3021
3005 0 3792 3560
1553 0 3801 3754
1553 0 3817 3755
7800 0 3800 3752
7800 0 3802 3756
7800 0 3806 3755
7800 0 3817 3760
7776 0 3818 3809
7856 0 3786 9098
7856 0 3787 9110
7856 0 3790 9093
7856 0 3790 9103
7856 0 3792 9112
7856 0 3795 9096
7856 0 3796 9107
7856 0 3800 9112
7856 0 3801 9102
7856 0 3804 9102
7856 0 3805 9094
7856 0 3805 9108
7856 0 3815 9128
7856 0 3815 9136
7856 0 3816 9096
7856 0 3817 9123
7856 0 3819 9107
7856 0 3819 9141
7856 0 3820 9132
7856 0 3824 9126
7856 0 3825 9137
7856 0 3825 9140
7856 0 3829 9122
7856 0 3831 9131
7856 0 3833 9109
7856 0 3833 9141
7856 0 3834 9126
7856 0 3838 9123
7857 0 3793 9129
7857 0 3808 9089
7857 0 3808 9095
7857 0 3814 9110
7857 0 3817 9091
7857 0 3819 9099
7857 0 3821 9110
7857 0 3826 9106
7857 0 3837 9109
7857 0 3838 9117
7944 0 3793 9134
7944 0 3799 9128
7944 0 3830 9088
1955 0 3784 9225
1960 0 3784 9227
1961 0 3786 9226
1962 0 3783 9223
1963 0 3787 9222
1964 0 3786 9224
1039 0 3779 9430
1039 0 3781 9418
1039 0 3787 9443
1039 0 3797 9460
1039 0 3799 9446
1039 0 3801 9415
1039 0 3809 9459
1039 0 3810 9428
1039 0 3821 9417
1039 0 3821 9452
1039 0 3833 9421
1039 0 3833 9461
1048 0 3784 9464
1048 0 3788 9451
1048 0 3791 9433
1048 0 3808 9421
1048 0 3812 9448
1048 0 3813 9444
1048 0 3814 9459
1048 0 3824 9442
1048 0 3829 9439
1048 0 3832 9435
1049 0 3780 9460
1049 0 3794 9429
1049 0 3800 9438
1049 0 3824 9414
1049 0 3826 9431
1049 0 3827 9458
1050 0 3779 9438
1050 0 3785 9460
1050 0 3786 9416
1050 0 3791 9412
1050 0 3794 9443
1050 0 3806 9423
1050 0 3809 9438
1050 0 3813 9466
1050 0 3821 9423
1050 0 3822 9447
1050 0 3826 9465
1050 0 3830 9415
1051 0 3777 9449
1051 0 3792 9422
7856 0 3845 9137
7856 0 3846 9122
7856 0 3848 9111
7856 0 3848 9132
7856 0 3850 9141
7856 0 3854 9123
7856 0 3854 9126
7856 0 3855 9137
7856 0 3859 9108
7856 0 3859 9131
7856 0 3860 9122
7856 0 3861 9094
7856 0 3862 9140
7856 0 3864 9127
7856 0 3864 9135
7856 0 3874 9098
7856 0 3875 9089
7856 0 3875 9110
7856 0 3878 9093
7856 0 3878 9103
7856 0 3880 9112
7856 0 3883 9096
7856 0 3884 9107
7856 0 3888 9112
7856 0 3889 9102
7856 0 3892 9102
7856 0 3893 9094
7856 0 3893 9108
7857 0 3841 9119
7857 0 3843 9110
7857 0 3847 9119
7857 0 3849 9096
7857 0 3851 9108
7857 0 3858 9101
7857 0 3861 9090
7857 0 3862 9106
7857 0 3862 9113
7857 0 3869 9089
7857 0 3881 9134
7944 0 3841 9097
7944 0 3849 9088
7944 0 3880 9128
7944 0 3885 9132
7857 0 3974 9033
7857 0 3975 9032
7857 0 3983 9051
7857 0 3994 9040
7857 0 4002 9056
7857 0 4006 9080
7857 0 4010 9066
7857 0 4024 9025
7857 0 4030 9050
8488 0 3976 9032
8488 0 4009 9076
8488 0 4028 9064
8489 0 3971 9059
8489 0 3987 9086
8490 0 4012 9065
7857 0 4001 9089
7857 0 4004 9114
7857 0 4006 9094
7857 0 4010 9099
7857 0 4018 9105
7857 0 4025 9114
7857 0 4029 9118
8488 0 4007 9093
8488 0 4019 9109
8488 0 4030 9121
8489 0 3971 9135
8489 0 3981 9116
8489 0 4004 9140
8490 0 3973 9090
8490 0 4030 9112
7857 0 4038 9061
7857 0 4045 9070
7857 0 4053 9076
7857 0 4058 9044
7857 0 4059 9026
7857 0 4088 9032
7857 0 4088 9058
7857 0 4093 9081
8488 0 4043 9065
8488 0 4083 9057
8489 0 4032 9049
8489 0 4056 9085
7857 0 4033 9121
7857 0 4035 9147
7857 0 4043 9109
7857 0 4049 9101
7857 0 4058 9094
7857 0 4061 9089
8488 0 4054 9099
8488 0 4075 9088
8489 0 4083 9117
8490 0 4040 9110
8490 0 4060 9116
8392 0 4194 9093
8392 0 4218 9117
8393 0 4215 9115
8394 0 4193 9090
8395 0 4165 9100
8395 0 4170 9106
8395 0 4180 9093
8395 0 4184 9112
8395 0 4189 9105
8395 0 4199 9136
8395 0 4205 9122
8395 0 4206 9141
8395 0 4211 9117
8395 0 4218 9132
8396 0 4170 9096
8396 0 4179 9106
8396 0 4185 9103
8396 0 4194 9101
8396 0 4205 9131
8396 0 4208 9137
8396 0 4210 9146
8396 0 4215 9122
8397 0 4173 9112
8397 0 4174 9093
8397 0 4189 9097
8397 0 4199 9125
8397 0 4214 9141
8397 0 4218 9126
8398 0 4202 9098
8398 0 4213 9109
8392 0 4230 9115
8392 0 4254 9122
8393 0 4254 9093
8393 0 4258 9117
8394 0 4249 9092
8395 0 4229 9131
8395 0 4236 9146
8395 0 4241 9122
8395 0 4242 9141
8395 0 4248 9127
8395 0 4253 9100
8395 0 4258 9106
8395 0 4268 9093
8395 0 4272 9112
8395 0 4277 9105
8396 0 4232 9141
8396 0 4237 9117
8396 0 4239 9126
8396 0 4242 9132
8396 0 4258 9096
8396 0 4267 9106
8396 0 4273 9103
8396 0 4282 9101
8397 0 4229 9137
8397 0 4233 9122
8397 0 4248 9138
8397 0 4261 9112
8397 0 4262 9093
8397 0 4277 9097
8398 0 4234 9109
8398 0 4245 9098
2025 1 1277 10195
2027 1 1273 10199
2027 1 1278 10207
2027 1 1279 10213
2028 1 1272 10204
2029 1 1279 10200
8614 1 1327 10172
8614 1 1333 10171
2025 1 1287 10207
2026 1 1283 10210
2027 1 1284 10199
8612 1 1307 10232
8612 1 1310 10239
8612 1 1317 10234
8612 1 1342 10235
8614 1 1326 10179
8614 1 1326 10183
8614 1 1330 10183
8614 1 1331 10178
8614 1 1334 10189
8614 1 1335 10178
8614 1 1335 10186
8614 1 1336 10182
8614 1 1340 10180
8614 1 1340 10185
8606 1 1328 10240
8612 1 1301 10240
8612 1 1308 10253
8612 1 1309 10246
8612 1 1319 10241
8612 1 1341 10243
8612 1 1347 10229
8612 1 1349 10236
8612 1 1356 10239
8614 1 1346 10182
8612 1 1348 10242
1405 1 1429 3796
1406 1 1444 3784
240 1 1428 10087
240 1 1447 10068
240 1 1447 10078
240 1 1447 10089
5874 1 1420 10071
5874 1 1429 10066
5874 1 1440 10091
5874 1 1441 10065
5875 1 1430 10093
5875 1 1453 10082
5876 1 1423 10077
5876 1 1424 10091
5876 1 1434 10072
5876 1 1446 10061
5877 1 1436 10067
5877 1 1441 10086
5877 1 1452 10074
7668 1 1439 10079
11092 1 1528 3560
11094 1 1520 3557
11102 1 1522 3565
11106 1 1529 3568
11148 1 1486 3635
1407 1 1511 3768
1408 1 1507 3755
1407 1 1517 3834
8067 1 1485 9964
8067 1 1488 9950
8067 1 1501 9973
8067 1 1510 9958
8067 1 1511 9939
8067 1 1515 9974
8068 1 1492 9978
8068 1 1496 9932
8068 1 1504 9969
8068 1 1510 9953
8068 1 1523 9946
8069 1 1484 9973
8069 1 1497 9942
8069 1 1500 9954
8069 1 1523 9962
8070 1 1496 9958
8070 1 1509 9945
8070 1 1511 9965
8070 1 1512 9932
8070 1 1521 9960
8070 1 1522 9973
8071 1 1483 9961
8071 1 1484 9944
8071 1 1496 9968
8071 1 1503 9948
8071 1 1514 9950
8071 1 1515 9979
8072 1 1481 9950
8072 1 1495 9947
8072 1 1504 9930
8072 1 1511 9961
11133 1 1590 3528
1404 1 1555 3785
1407 1 1544 3781
1407 1 1555 3795
7016 1 1579 3818
8509 1 1579 3830
8510 1 1583 3814
8511 1 1584 3824
8624 1 1577 3819
8625 1 1577 3820
395 1 1637 3632
396 1 1638 3633
7924 1 1620 3673
7998 1 1619 3678
8542 1 1611 3682
8542 1 1612 3664
8542 1 1613 3674
8543 1 1618 3669
8543 1 1619 3680
8716 1 1605 3673
11092 1 1604 3682
11092 1 1655 3682
11094 1 1634 3660
11094 1 1643 3686
11098 1 1644 3660
11103 1 1624 3659
11104 1 1602 3664
11104 1 1649 3686
11104 1 1655 3664
11106 1 1637 3686
11130 1 1617 3677
11137 1 1621 3673
11138 1 1616 3668
11140 1 1621 3671
7065 1 1652 3719
1539 1 1661 5333
2919 1 1627 5326
2919 1 1634 5338
2919 1 1638 5331
2919 1 1639 5343
2919 1 1652 5339
2919 1 1653 5356
2919 1 1655 5328
6989 1 1670 3599
6992 1 1671 3600
7055 1 1687 3784
7055 1 1687 3803
7055 1 1709 3783
4321 1 1692 4261
4321 1 1693 4255
4321 1 1696 4251
4321 1 1697 4257
4321 1 1700 4260
4342 1 1698 4256
4344 1 1694 4257
4346 1 1694 4251
4347 1 1692 4258
7900 1 1780 3566
330 1 1764 3732
2855 1 1749 3731
2855 1 1749 3758
2855 1 1783 3719
2855 1 1791 3737
6982 1 1785 3755
6987 1 1749 3761
6989 1 1775 3732
6990 1 1749 3751
6990 1 1769 3751
6991 1 1775 3733
6992 1 1748 3732
11097 1 1786 3780
11102 1 1781 3777
1539 1 1789 5333
2919 1 1755 5326
2919 1 1762 5338
2919 1 1766 5331
2919 1 1767 5343
2919 1 1780 5339
2919 1 1781 5356
2919 1 1783 5328
7415 1 1797 3500
11127 1 1824 3695
2263 1 1850 4392
2264 1 1847 4394
2264 1 1848 4390
2264 1 1849 4387
2264 1 1849 4394
2264 1 1851 4390
5939 1 1797 4377
5939 1 1799 4371
5939 1 1799 4376
5939 1 1801 4372
5939 1 1801 4391
5939 1 1803 4372
5939 1 1803 4393
5939 1 1804 4392
5939 1 1808 4393
5942 1 1835 4360
5942 1 1848 4361
5942 1 1854 4359
5943 1 1831 4360
5943 1 1838 4359
5943 1 1844 4360
5943 1 1852 4360
7820 1 1820 4762
2854 1 1816 4836
2854 1 1823 4828
2854 1 1826 4829
4014 1 1814 4836
4047 1 1823 4833
4048 1 1825 4830
4049 1 1823 4827
4050 1 1825 4827
4051 1 1822 4835
4052 1 1825 4836
4053 1 1807 4836
4053 1 1809 4839
4053 1 1818 4819
4053 1 1819 4844
4053 1 1830 4817
4053 1 1831 4820
5942 1 1859 4360
5942 1 1864 4365
5943 1 1864 4395
5943 1 1864 4408
5943 1 1866 4401
5943 1 1877 4410
5943 1 1888 4409
4004 1 1859 4653
4004 1 1860 4664
4004 1 1861 4611
4004 1 1861 4627
4004 1 1861 4637
4004 1 1865 4649
4004 1 1866 4623
4004 1 1872 4655
4004 1 1872 4664
4004 1 1873 4645
4004 1 1876 4632
4004 1 1877 4644
4004 1 1877 4659
4004 1 1879 4657
4004 1 1881 4630
4004 1 1885 4612
4004 1 1886 4648
4004 1 1886 4667
4004 1 1889 4629
4004 1 1895 4651
4004 1 1896 4612
4004 1 1897 4626
4004 1 1897 4633
4004 1 1909 4630
4004 1 1910 4656
4004 1 1912 4619
4004 1 1916 4612
10710 1 1883 4830
10711 1 1883 4818
742 1 1895 4869
754 1 1886 4870
241 1 1897 9001
242 1 1900 8998
243 1 1897 9005
244 1 1891 8998
246 1 1889 8995
248 1 1910 8995
250 1 1911 9002
251 1 1918 9005
5194 1 1900 9010
7955 1 1888 9003
5945 1 1939 4376
5945 1 1948 4376
379 1 1952 4768
10544 1 1941 6066
10544 1 1945 6069
10545 1 1940 6070
10545 1 1944 6065
252 1 1942 8967
256 1 1946 8971
261 1 1944 8996
262 1 1939 8991
265 1 1928 8973
266 1 1925 8968
267 1 1931 8967
268 1 1930 8986
269 1 1931 8979
3017 1 1978 8979
3017 1 1979 8991
3017 1 1983 9004
7951 1 1969 8987
7989 1 1970 9022
7990 1 1976 9012
7991 1 1974 9017
7991 1 1977 9023
7989 1 1957 9037
7989 1 1971 9045
7989 1 1971 9073
7990 1 1963 9077
7990 1 1968 9040
7990 1 1969 9066
7991 1 1962 9044
7991 1 1964 9034
7991 1 1965 9072
7991 1 1968 9080
7991 1 1972 9077
7991 1 1975 9036
3257 1 2010 4710
3257 1 2010 4714
3413 1 2012 4713
10710 1 2011 4830
10711 1 2011 4818
6095 1 2033 5530
7988 1 2010 9007
7989 1 2003 8981
7989 1 2018 8993
7989 1 2028 8971
7989 1 2039 8971
7990 1 1996 8985
7990 1 1997 8967
7990 1 2009 8995
7990 1 2034 8972
7991 1 2000 8965
7991 1 2002 8989
7991 1 2009 8977
7991 1 2015 8980
7991 1 2019 8988
7991 1 2022 8973
7991 1 2035 8978
7991 1 2035 8984
3847 1 2075 3905
7122 1 2068 5402
7123 1 2069 5386
7124 1 2082 5400
7125 1 2070 5408
7126 1 2067 5420
7127 1 2083 5413
7128 1 2083 5411
7143 1 2099 5425
1979 1 2063 5556
1979 1 2064 5516
7983 1 2049 9006
10544 1 2133 2994
10544 1 2137 2997
10545 1 2132 2998
10545 1 2136 2993
2854 1 2130 3899
3862 1 2139 3900
3864 1 2141 3898
3866 1 2139 3897
6163 1 2138 3891
3871 1 2141 3904
4560 1 2153 4546
4562 1 2150 4591
9214 1 2155 4566
9215 1 2131 4602
9217 1 2122 4562
9218 1 2134 4565
9219 1 2132 4554
9220 1 2149 4646
9220 1 2150 4648
9220 1 2153 4646
9220 1 2153 4649
9220 1 2156 4646
9220 1 2157 4649
9220 1 2159 4635
9220 1 2159 4642
9220 1 2159 4646
9220 1 2159 4650
9220 1 2160 4662
9220 1 2163 4653
9220 1 2163 4660
9221 1 2133 4647
3104 1 2154 4686
3104 1 2154 4695
3104 1 2155 4708
3104 1 2157 4699
3104 1 2161 4689
4531 1 2170 4727
4560 1 2116 4732
4562 1 2127 4679
4562 1 2132 4712
4562 1 2143 4675
4562 1 2146 4691
4562 1 2149 4711
4562 1 2161 4720
4562 1 2165 4692
9213 1 2120 4708
9213 1 2121 4714
9213 1 2122 4695
9213 1 2122 4720
9213 1 2123 4701
9213 1 2128 4719
9213 1 2129 4698
9213 1 2129 4707
9213 1 2129 4725
9213 1 2134 4702
9213 1 2136 4718
9213 1 2137 4725
9213 1 2139 4697
9213 1 2141 4709
9213 1 2145 4703
9213 1 2145 4721
602 1 2162 5115
603 1 2144 5109
605 1 2132 5100
627 1 2149 5093
628 1 2151 5094
629 1 2154 5094
630 1 2158 5094
631 1 2158 5096
632 1 2160 5094
633 1 2152 5096
634 1 2148 5096
3862 1 2223 3799
3864 1 2225 3795
3866 1 2223 3794
3871 1 2225 3803
6163 1 2222 3788
5127 1 2267 5516
5127 1 2278 5545
5128 1 2277 5525
1482 1 2341 3158
4540 1 2337 3177
4550 1 2354 3174
5296 1 2336 3167
5298 1 2337 3166
9234 1 2344 3172
1891 1 2330 3799
1891 1 2335 3811
7118 1 2311 9147
7118 1 2312 9150
7118 1 2314 9145
7118 1 2316 9145
7118 1 2318 9144
7118 1 2318 9145
7118 1 2320 9145
7118 1 2320 9149
7118 1 2321 9140
7118 1 2322 9143
7118 1 2322 9147
7118 1 2323 9139
7118 1 2324 9141
7118 1 2325 9135
7118 1 2326 9137
7118 1 2329 9138
7118 1 2330 9136
7118 1 2332 9139
7118 1 2333 9138
7118 1 2335 9140
7118 1 2337 9142
7118 1 2339 9140
7118 1 2339 9144
7118 1 2341 9139
7118 1 2343 9143
7118 1 2343 9145
7118 1 2346 9144
7118 1 2348 9144
7118 1 2349 9147
7118 1 2356 9148
7118 1 2358 9150
7118 1 2361 9148
7118 1 2361 9151
7118 1 2327 9153
7118 1 2331 9156
7118 1 2332 9166
7118 1 2333 9157
7118 1 2333 9165
7118 1 2334 9161
7118 1 2336 9165
7118 1 2336 9172
7118 1 2337 9167
7118 1 2339 9173
7118 1 2340 9167
7118 1 2342 9165
7118 1 2343 9178
7118 1 2344 9167
7118 1 2344 9176
7118 1 2346 9166
7118 1 2346 9180
7118 1 2347 9163
7118 1 2350 9180
7118 1 2352 9179
7118 1 2353 9163
7118 1 2355 9180
7118 1 2356 9157
7118 1 2356 9181
7118 1 2357 9156
7118 1 2357 9161
7118 1 2358 9153
7118 1 2358 9158
7118 1 2360 9180
7118 1 2361 9183
7118 1 2365 9153
7118 1 2365 9184
7118 1 2367 9155
7118 1 2337 9232
7118 1 2338 9239
7118 1 2338 9247
7118 1 2339 9230
7118 1 2340 9231
7118 1 2340 9233
7118 1 2340 9237
7118 1 2340 9243
7118 1 2340 9249
7118 1 2341 9236
7118 1 2341 9252
7118 1 2342 9228
7118 1 2344 9252
7118 1 2347 9253
7118 1 2348 9227
7118 1 2350 9229
7118 1 2350 9253
7118 1 2352 9230
7118 1 2352 9252
7118 1 2353 9228
7118 1 2354 9232
7118 1 2355 9229
7118 1 2355 9232
7118 1 2355 9235
7118 1 2355 9255
7118 1 2357 9238
7118 1 2357 9241
7118 1 2357 9252
7118 1 2358 9244
7118 1 2358 9248
7118 1 2358 9257
7118 1 2359 9241
7118 1 2359 9250
7118 1 2360 9252
7118 1 2360 9256
7118 1 2361 9249
7118 1 2361 9254
7118 1 2363 9257
7118 1 2365 9261
2566 1 2416 3414
6077 1 2413 3445
6077 1 2415 3435
6077 1 2416 3416
6077 1 2424 3434
6078 1 2424 3430
6079 1 2409 3436
6086 1 2398 3451
6086 1 2414 3447
6087 1 2392 3450
6087 1 2415 3415
6087 1 2416 3434
6087 1 2423 3425
6087 1 2424 3442
6095 1 2393 3451
6095 1 2408 3437
2559 1 2417 3496
2572 1 2395 3477
2575 1 2420 3474
6081 1 2409 3470
6081 1 2416 3466
6081 1 2420 3466
6086 1 2397 3514
6087 1 2382 3506
6087 1 2418 3472
6094 1 2417 3493
6094 1 2418 3495
6095 1 2394 3500
6095 1 2417 3483
6096 1 2400 3514
6096 1 2418 3485
6532 1 2417 3498
7180 1 2390 3514
7188 1 2388 3514
7194 1 2383 3509
7118 1 2371 9183
7118 1 2372 9157
7118 1 2376 9156
7118 1 2376 9180
7118 1 2377 9159
7118 1 2378 9176
7118 1 2384 9171
7118 1 2386 9169
7118 1 2392 9169
7118 1 2392 9173
7118 1 2395 9164
7118 1 2396 9175
7118 1 2398 9162
7118 1 2399 9177
7118 1 2400 9163
7118 1 2402 9175
7118 1 2403 9161
7118 1 2404 9177
7118 1 2407 9163
7118 1 2408 9165
7118 1 2408 9176
7118 1 2411 9178
7118 1 2412 9164
7118 1 2413 9178
7118 1 2415 9163
7118 1 2417 9179
7118 1 2419 9178
7118 1 2420 9159
7118 1 2421 9177
7118 1 2423 9174
7118 1 2423 9176
7118 1 2424 9159
7118 1 2425 9173
7118 1 2427 9158
7118 1 2427 9160
7118 1 2427 9172
7118 1 2427 9189
7118 1 2428 9186
7118 1 2430 9160
7118 1 2430 9174
7118 1 2431 9172
7119 1 2378 9210
7119 1 2380 9213
7119 1 2387 9206
7119 1 2388 9200
7119 1 2390 9193
7119 1 2395 9196
7119 1 2399 9193
7119 1 2402 9192
7119 1 2406 9208
7119 1 2406 9212
7119 1 2407 9199
7119 1 2409 9210
7119 1 2411 9197
7119 1 2412 9193
7119 1 2415 9196
7118 1 2370 9266
7118 1 2372 9268
7118 1 2377 9273
7118 1 2380 9271
7118 1 2383 9272
7118 1 2385 9273
7118 1 2388 9273
7118 1 2389 9272
7118 1 2392 9270
7118 1 2394 9272
7118 1 2398 9271
7118 1 2398 9273
7118 1 2402 9270
7118 1 2405 9273
7118 1 2406 9271
7118 1 2409 9275
7118 1 2411 9273
7118 1 2415 9271
7118 1 2417 9272
7119 1 2378 9218
7119 1 2378 9232
7119 1 2378 9235
7119 1 2378 9251
7119 1 2380 9245
7119 1 2380 9257
7119 1 2382 9223
7119 1 2385 9222
7119 1 2385 9228
7119 1 2385 9260
7119 1 2387 9237
7119 1 2389 9235
7119 1 2391 9223
7119 1 2393 9241
7119 1 2393 9248
7119 1 2394 9225
7119 1 2394 9259
7119 1 2396 9230
7119 1 2396 9246
7119 1 2397 9236
7119 1 2397 9257
7119 1 2399 9234
7119 1 2400 9222
7119 1 2403 9262
7119 1 2404 9222
7119 1 2405 9247
7119 1 2406 9245
7119 1 2407 9218
7119 1 2409 9217
7119 1 2409 9233
7119 1 2409 9258
7119 1 2411 9260
7119 1 2413 9232
7119 1 2413 9237
7119 1 2414 9241
7119 1 2415 9254
7119 1 2416 9256
7119 1 2419 9245
7119 1 2420 9250
1892 1 2389 10290
1892 1 2391 10290
1892 1 2393 10290
1892 1 2395 10290
1892 1 2396 10295
1892 1 2397 10289
5823 1 2390 10286
5823 1 2393 10286
5823 1 2396 10286
5824 1 2376 10280
5824 1 2378 10271
5824 1 2386 10268
5824 1 2397 10271
5824 1 2401 10285
5825 1 2381 10285
5825 1 2382 10275
5825 1 2388 10272
5825 1 2388 10283
5825 1 2393 10280
5825 1 2398 10278
5825 1 2420 10274
5826 1 2383 10281
5826 1 2388 10277
5826 1 2394 10274
5827 1 2397 10294
5828 1 2406 10259
5828 1 2414 10257
5829 1 2415 10284
5829 1 2421 10266
5830 1 2416 10272
5830 1 2419 10282
5831 1 2413 10265
5831 1 2414 10277
5831 1 2420 10270
7953 1 2454 2853
8040 1 2448 2857
6404 1 2437 3160
2567 1 2488 3409
2574 1 2446 3418
2576 1 2435 3403
4974 1 2458 3417
4974 1 2460 3417
6080 1 2475 3422
6081 1 2445 3429
6084 1 2443 3425
6084 1 2448 3424
6084 1 2448 3427
6086 1 2479 3407
6087 1 2480 3406
6087 1 2486 3400
6171 1 2445 3416
6171 1 2445 3433
6563 1 2443 3424
12 1 2448 3509
14 1 2482 3510
16 1 2493 3488
1424 1 2478 3463
2020 1 2484 3486
2547 1 2439 3502
2548 1 2442 3503
2550 1 2439 3503
2562 1 2447 3501
2563 1 2448 3500
2656 1 2449 3501
2657 1 2448 3503
2657 1 2450 3503
6077 1 2483 3500
6078 1 2474 3500
6079 1 2484 3501
6081 1 2467 3495
6081 1 2473 3495
6082 1 2464 3496
6084 1 2439 3487
6084 1 2448 3480
6086 1 2449 3486
6086 1 2457 3488
6086 1 2476 3488
6087 1 2437 3463
6087 1 2448 3489
6087 1 2482 3508
6094 1 2449 3492
6094 1 2450 3490
6094 1 2474 3490
6094 1 2482 3492
6094 1 2482 3498
6095 1 2443 3464
6095 1 2443 3502
6095 1 2448 3496
6095 1 2449 3506
6095 1 2457 3498
6095 1 2474 3498
6095 1 2480 3502
6095 1 2481 3482
6095 1 2490 3503
6096 1 2445 3502
6096 1 2453 3488
6096 1 2475 3502
6531 1 2480 3490
6532 1 2482 3487
6532 1 2482 3489
6563 1 2440 3488
7182 1 2479 3463
7186 1 2436 3465
7190 1 2484 3489
7192 1 2484 3490
7945 1 2450 3480
7118 1 2433 9184
7118 1 2435 9184
7118 1 2436 9164
7118 1 2436 9182
7118 1 2437 9160
7118 1 2437 9185
7118 1 2438 9168
7118 1 2438 9179
7118 1 2438 9181
7118 1 2439 9157
7118 1 2439 9170
7118 1 2439 9183
7118 1 2440 9166
7118 1 2440 9180
7118 1 2440 9184
7118 1 2441 9161
7118 1 2441 9177
7118 1 2442 9158
7118 1 2442 9167
7118 1 2442 9173
7118 1 2442 9179
7118 1 2443 9163
7118 1 2443 9170
7118 1 2443 9176
7118 1 2444 9157
7118 1 2444 9160
7118 1 2444 9165
7118 1 2445 9169
7118 1 2445 9171
7118 1 2447 9158
7118 1 2447 9164
7118 1 2447 9167
7118 1 2448 9158
7118 1 2449 9160
7118 1 2449 9164
7118 1 2449 9170
7118 1 2452 9162
7118 1 2452 9165
7118 1 2452 9166
7962 1 2529 2839
7968 1 2558 2858
7973 1 2544 2862
7977 1 2553 2858
5420 1 2544 3112
5420 1 2545 3116
5420 1 2549 3112
5420 1 2549 3116
5421 1 2533 3086
5421 1 2533 3094
5421 1 2534 3097
5421 1 2535 3088
5421 1 2537 3078
5421 1 2537 3102
5421 1 2539 3107
5421 1 2551 3109
5421 1 2553 3073
5421 1 2558 3073
4965 1 2527 3161
4972 1 2503 3255
9230 1 2551 3327
4266 1 2531 3330
4423 1 2509 3639
3666 1 2502 3852
3667 1 2502 3868
3668 1 2501 3859
3669 1 2505 3856
3669 1 2505 3864
3670 1 2499 3857
9641 1 2499 5971
9641 1 2499 5993
9641 1 2531 5965
9641 1 2537 5990
9642 1 2503 5978
9642 1 2503 6000
9642 1 2534 5998
9642 1 2546 5964
9642 1 2547 5991
9643 1 2555 5984
9644 1 2555 6000
5242 1 2506 9051
5242 1 2506 9061
5242 1 2527 9069
5242 1 2538 9041
5242 1 2538 9069
5242 1 2554 9051
7118 1 2506 9047
7118 1 2506 9056
7118 1 2508 9045
7118 1 2511 9045
7118 1 2520 9070
7118 1 2534 9069
7118 1 2536 9068
7118 1 2544 9069
7118 1 2547 9066
7118 1 2550 9057
7119 1 2504 9059
7119 1 2541 9042
7119 1 2545 9069
7119 1 2546 9040
7119 1 2548 9059
7119 1 2551 9038
7119 1 2552 9050
7119 1 2558 9038
7118 1 2555 9261
7118 1 2557 9259
7118 1 2559 9265
7980 1 2574 2835
3247 1 2595 3087
3249 1 2595 3088
3257 1 2586 3089
3257 1 2593 3084
3257 1 2595 3090
5421 1 2567 3109
5421 1 2572 3109
5421 1 2595 3073
5421 1 2600 3109
5421 1 2609 3073
5421 1 2610 3107
5421 1 2615 3073
5421 1 2618 3099
5421 1 2620 3077
5421 1 2620 3095
4246 1 2595 3210
1198 1 2573 3268
1203 1 2573 3269
2555 1 2572 3299
3293 1 2572 3292
3293 1 2576 3293
3293 1 2578 3285
3293 1 2581 3286
3293 1 2581 3307
3293 1 2582 3306
3293 1 2584 3288
3293 1 2584 3304
3293 1 2585 3290
3293 1 2586 3289
3293 1 2586 3303
3293 1 2587 3291
3293 1 2588 3301
3298 1 2618 3294
3299 1 2573 3322
9228 1 2578 3293
10421 1 2620 3292
765 1 2612 3877
2845 1 2582 9068
5242 1 2583 9068
5242 1 2583 9073
5242 1 2594 9052
5242 1 2616 9038
5242 1 2620 9074
7118 1 2561 9040
7118 1 2564 9038
7118 1 2582 9070
7118 1 2590 9076
7118 1 2592 9081
7118 1 2596 9048
7118 1 2599 9045
7118 1 2602 9079
7118 1 2607 9044
7118 1 2610 9049
7118 1 2610 9079
7118 1 2611 9081
7118 1 2612 9041
7118 1 2612 9077
7118 1 2613 9053
7118 1 2613 9079
7118 1 2616 9065
7119 1 2584 9072
7119 1 2591 9079
7119 1 2595 9047
7119 1 2597 9050
7119 1 2603 9078
7119 1 2606 9080
7119 1 2608 9040
7119 1 2610 9043
7119 1 2613 9058
7119 1 2614 9076
7119 1 2615 9037
7119 1 2616 9059
7119 1 2618 9068
7119 1 2619 9073
7119 1 2622 9074
7117 1 2568 9123
7118 1 2617 9207
7118 1 2619 9206
7118 1 2620 9202
7119 1 2617 9214
7119 1 2618 9213
7119 1 2622 9202
7119 1 2623 9200
7118 1 2606 9273
7118 1 2607 9271
7118 1 2609 9270
7118 1 2614 9272
7118 1 2615 9274
7118 1 2617 9273
7118 1 2618 9220
7118 1 2619 9218
7118 1 2620 9227
7118 1 2621 9271
7119 1 2612 9274
7119 1 2619 9272
7119 1 2620 9224
7119 1 2620 9229
7119 1 2622 9227
1422 1 2678 3086
10707 1 2671 3172
511 1 2667 3241
829 1 2661 3990
843 1 2645 4004
1981 1 2651 4006
1981 1 2656 4000
1981 1 2663 4005
1981 1 2672 3995
1981 1 2675 3984
1982 1 2640 4009
847 1 2653 4038
848 1 2637 4041
849 1 2633 4039
849 1 2633 4040
849 1 2633 4041
849 1 2633 4042
849 1 2633 4043
849 1 2633 4044
849 1 2634 4039
849 1 2634 4040
849 1 2634 4041
849 1 2634 4042
849 1 2634 4043
849 1 2634 4044
850 1 2636 4037
850 1 2636 4038
850 1 2637 4037
850 1 2637 4038
850 1 2638 4037
850 1 2638 4038
850 1 2639 4037
850 1 2639 4038
850 1 2640 4037
850 1 2640 4038
850 1 2641 4037
850 1 2641 4038
851 1 2636 4045
851 1 2636 4046
851 1 2637 4045
851 1 2637 4046
851 1 2638 4045
851 1 2638 4046
851 1 2639 4045
851 1 2639 4046
851 1 2640 4045
851 1 2640 4046
851 1 2641 4045
851 1 2641 4046
4058 1 2634 4688
5242 1 2632 9042
5242 1 2639 9068
5242 1 2650 9047
5242 1 2655 9082
5242 1 2672 9076
5242 1 2679 9042
7118 1 2626 9040
7118 1 2627 9071
7118 1 2633 9045
7118 1 2633 9053
7118 1 2636 9069
7118 1 2638 9058
7118 1 2641 9086
7118 1 2642 9055
7118 1 2648 9057
7118 1 2649 9054
7118 1 2649 9087
7118 1 2651 9050
7118 1 2651 9070
7118 1 2652 9061
7118 1 2658 9078
7118 1 2658 9080
7118 1 2659 9043
7118 1 2669 9082
7118 1 2672 9079
7118 1 2675 9049
7118 1 2677 9064
7118 1 2677 9071
7118 1 2678 9044
7118 1 2678 9049
7118 1 2678 9056
7118 1 2678 9071
7118 1 2679 9063
7118 1 2680 9063
7119 1 2628 9072
7119 1 2629 9040
7119 1 2635 9054
7119 1 2636 9058
7119 1 2637 9067
7119 1 2639 9056
7119 1 2639 9064
7119 1 2647 9054
7119 1 2647 9087
7119 1 2650 9061
7119 1 2651 9045
7119 1 2651 9069
7119 1 2653 9071
7119 1 2656 9076
7119 1 2657 9044
7119 1 2669 9084
7119 1 2671 9082
7119 1 2674 9050
7119 1 2675 9040
7119 1 2677 9073
7119 1 2678 9058
7119 1 2678 9070
7119 1 2679 9046
7119 1 2679 9070
7119 1 2680 9056
5242 1 2640 9088
5242 1 2652 9134
5242 1 2668 9100
7118 1 2627 9137
7118 1 2629 9138
7118 1 2637 9094
7118 1 2638 9089
7118 1 2640 9135
7118 1 2645 9088
7118 1 2645 9137
7118 1 2646 9135
7118 1 2652 9119
7118 1 2652 9129
7118 1 2653 9136
7118 1 2654 9117
7118 1 2654 9126
7118 1 2656 9116
7118 1 2657 9138
7118 1 2659 9116
7118 1 2663 9107
7118 1 2665 9105
7118 1 2666 9094
7118 1 2666 9098
7118 1 2667 9101
7118 1 2668 9091
7118 1 2668 9093
7119 1 2626 9139
7119 1 2631 9136
7119 1 2638 9093
7119 1 2639 9137
7119 1 2645 9135
7119 1 2652 9127
7119 1 2653 9120
7119 1 2653 9130
7119 1 2658 9139
7119 1 2661 9113
7119 1 2662 9107
7119 1 2664 9106
7119 1 2666 9102
7119 1 2667 9089
7119 1 2668 9094
7118 1 2652 9200
7118 1 2657 9203
7118 1 2664 9169
7118 1 2666 9173
7119 1 2627 9201
7119 1 2628 9199
7119 1 2631 9201
7119 1 2648 9184
7119 1 2653 9177
7119 1 2655 9175
7119 1 2657 9202
7119 1 2663 9173
7119 1 2664 9180
7119 1 2665 9185
7119 1 2666 9184
7118 1 2629 9232
7118 1 2629 9241
7118 1 2630 9234
7118 1 2630 9243
7118 1 2631 9242
7119 1 2624 9271
7119 1 2627 9227
7119 1 2627 9233
7119 1 2627 9269
7119 1 2627 9271
7119 1 2629 9235
7119 1 2629 9270
7119 1 2630 9269
5238 1 2734 2792
5269 1 2737 2793
6270 1 2710 3281
3960 1 2725 3378
3515 1 2700 3475
4212 1 2745 3576
4216 1 2736 3576
6194 1 2739 3579
6197 1 2734 3581
6199 1 2746 3581
1503 1 2710 3830
5550 1 2702 3829
5550 1 2717 3804
5550 1 2719 3816
5550 1 2722 3833
5550 1 2723 3836
5554 1 2708 3815
5554 1 2725 3833
5554 1 2730 3806
5555 1 2703 3822
5555 1 2708 3822
5555 1 2715 3808
5555 1 2720 3805
5555 1 2720 3834
5555 1 2734 3823
2273 1 2732 5275
2280 1 2735 5275
2272 1 2702 5352
2282 1 2701 5352
2298 1 2742 5339
2301 1 2726 5372
2302 1 2712 5369
2315 1 2730 5365
2319 1 2741 5344
2320 1 2744 5333
2321 1 2743 5345
2322 1 2746 5333
2324 1 2741 5334
2325 1 2741 5341
2327 1 2744 5342
2329 1 2742 5338
2331 1 2743 5341
2333 1 2744 5338
2335 1 2744 5336
2337 1 2740 5334
3186 1 2744 5353
6282 1 2730 5366
6283 1 2737 5351
5238 1 2767 2765
5238 1 2769 2798
5238 1 2778 2768
5238 1 2793 2789
5238 1 2794 2780
5238 1 2806 2787
5254 1 2797 2798
5255 1 2805 2788
5256 1 2805 2782
5272 1 2768 2794
5272 1 2774 2799
5275 1 2790 2790
5275 1 2797 2780
5275 1 2797 2791
5364 1 2763 2961
4698 1 2780 3087
6548 1 2794 3076
6550 1 2786 3074
5061 1 2768 3282
5061 1 2770 3282
5061 1 2773 3291
5061 1 2780 3283
5061 1 2780 3290
5061 1 2783 3286
5061 1 2784 3279
5061 1 2785 3282
5065 1 2766 3288
5075 1 2781 3290
5075 1 2785 3284
5076 1 2768 3285
5076 1 2784 3277
5077 1 2773 3282
5077 1 2787 3280
6251 1 2768 3289
6251 1 2780 3288
3517 1 2766 3406
3517 1 2767 3400
3517 1 2770 3396
3517 1 2771 3402
3517 1 2774 3405
3519 1 2759 3515
3522 1 2766 3511
3523 1 2755 3512
3524 1 2761 3503
4066 1 2762 4688
720 1 2764 4944
720 1 2796 4976
720 1 2798 4950
720 1 2806 4939
721 1 2762 4962
721 1 2763 4973
721 1 2780 4977
721 1 2787 4967
721 1 2796 4959
722 1 2771 4947
722 1 2775 4963
722 1 2781 4948
722 1 2792 4942
722 1 2798 4954
723 1 2761 4950
723 1 2765 4938
723 1 2770 4955
723 1 2772 4940
723 1 2777 4943
723 1 2782 4967
723 1 2797 4965
723 1 2799 4937
723 1 2799 4941
723 1 2807 4968
723 1 2808 4975
723 1 2809 4953
1482 1 2789 6102
5296 1 2784 6111
257 1 2775 9834
257 1 2785 9808
257 1 2798 9809
257 1 2798 9828
258 1 2774 9812
258 1 2783 9838
258 1 2785 9823
258 1 2799 9818
259 1 2775 9803
259 1 2777 9826
259 1 2796 9841
259 1 2807 9814
405 1 2869 2982
5358 1 2863 2997
5360 1 2870 2974
5865 1 2849 3235
4068 1 2851 3342
4068 1 2854 3350
2459 1 2840 3541
2471 1 2855 3536
2473 1 2855 3552
6072 1 2872 3539
6073 1 2867 3556
6074 1 2867 3544
1008 1 2847 5102
1009 1 2848 5096
6224 1 2832 5098
6225 1 2861 5093
6226 1 2858 5087
1872 1 2817 9818
1872 1 2820 9819
1872 1 2824 9818
1872 1 2858 9828
1872 1 2862 9826
7653 1 2874 9828
640 1 2827 10064
641 1 2828 10104
642 1 2828 10095
743 1 2855 10052
936 1 2829 10079
937 1 2836 10089
939 1 2825 10086
939 1 2836 10077
940 1 2829 10083
941 1 2839 10101
942 1 2830 10086
4140 1 2842 10056
4141 1 2840 10054
4142 1 2846 10055
4143 1 2827 10081
4145 1 2856 10056
4145 1 2858 10058
4146 1 2859 10055
4147 1 2857 10055
4147 1 2857 10059
4157 1 2844 10057
8423 1 2841 10061
2372 1 2862 10225
2382 1 2839 10195
5990 1 2868 10194
5991 1 2870 10209
5992 1 2869 10205
5998 1 2870 10196
5999 1 2867 10203
6000 1 2868 10209
6027 1 2877 10199
6028 1 2875 10198
6029 1 2877 10201
6030 1 2877 10202
6032 1 2879 10202
6044 1 2828 10210
6052 1 2827 10212
6536 1 2869 10189
6538 1 2872 10189
6539 1 2870 10190
6540 1 2878 10196
6541 1 2877 10195
6542 1 2872 10190
6546 1 2836 10192
6547 1 2835 10193
2854 1 2932 3242
2854 1 2934 3240
3975 1 2929 3249
3976 1 2926 3254
3977 1 2927 3251
3978 1 2930 3253
3979 1 2925 3255
5809 1 2934 3284
2056 1 2906 3333
2057 1 2909 3336
2058 1 2906 3336
2059 1 2909 3333
3258 1 2898 3432
3258 1 2906 3451
5044 1 2897 3426
4924 1 2894 3510
8400 1 2938 3516
4096 1 2892 3558
4096 1 2903 3559
4096 1 2904 3570
4097 1 2893 3559
4097 1 2904 3568
4097 1 2905 3557
4098 1 2893 3569
4101 1 2905 3539
4103 1 2902 3565
2209 1 2918 5282
2209 1 2921 5294
2210 1 2918 5286
2210 1 2919 5296
2210 1 2920 5281
2210 1 2921 5290
2211 1 2919 5289
2211 1 2921 5285
2212 1 2916 5288
2212 1 2921 5277
2212 1 2924 5286
2213 1 2918 5293
2214 1 2917 5284
2214 1 2923 5289
3136 1 2919 5293
3137 1 2918 5280
3137 1 2922 5283
5878 1 2889 9804
5878 1 2926 9812
5879 1 2891 9810
5880 1 2896 9813
5881 1 2917 9812
5882 1 2922 9809
5882 1 2942 9818
7672 1 2906 9815
3241 1 2915 10194
5993 1 2889 10211
5994 1 2890 10207
5995 1 2891 10196
5996 1 2890 10192
6021 1 2891 10210
6022 1 2890 10205
6023 1 2893 10196
6024 1 2892 10190
6031 1 2880 10201
6033 1 2882 10201
6034 1 2884 10203
6035 1 2882 10199
6036 1 2885 10199
6037 1 2882 10196
6038 1 2884 10195
6039 1 2880 10195
6040 1 2880 10194
6043 1 2880 10199
3284 1 2967 3210
3285 1 2967 3213
1317 1 2956 3373
1798 1 2958 3341
1798 1 2961 3351
1798 1 2969 3329
1798 1 2969 3338
1798 1 2974 3337
1798 1 2978 3329
1799 1 2963 3336
1799 1 2982 3345
1799 1 2983 3335
1799 1 2989 3338
1800 1 2987 3345
2556 1 2984 3342
3100 1 2981 3341
3263 1 2956 3369
3277 1 2970 3369
3278 1 2973 3369
7457 1 2953 3390
3190 1 2958 5003
3191 1 2956 5008
3192 1 2962 5008
4817 1 2968 9523
4817 1 2969 9512
4817 1 2980 9511
4817 1 2990 9519
4818 1 2975 9512
4819 1 2972 9516
4819 1 2978 9518
4820 1 2948 9522
4820 1 2949 9525
4820 1 2951 9522
4820 1 2952 9528
4820 1 2953 9523
4820 1 2954 9530
4821 1 2949 9528
4821 1 2952 9525
4822 1 2972 9519
4822 1 2975 9518
4822 1 2976 9516
4822 1 2977 9520
4822 1 2977 9522
4822 1 2981 9517
4822 1 2983 9519
4822 1 2984 9516
4823 1 2972 9497
4823 1 2983 9494
4824 1 2970 9492
4824 1 2978 9495
4825 1 2968 9487
4825 1 2984 9499
4826 1 2963 9492
4827 1 2976 9490
4827 1 2980 9485
4828 1 2964 9485
4828 1 2988 9497
4829 1 2976 9485
4829 1 2983 9487
4830 1 2959 9485
4830 1 2978 9481
4831 1 2959 9495
4831 1 2981 9493
4832 1 2986 9494
4833 1 2963 9498
4833 1 2974 9492
4834 1 2975 9498
4834 1 2986 9487
4835 1 2969 9494
4836 1 2958 9500
4836 1 2962 9503
4837 1 2960 9500
4837 1 2972 9494
4838 1 2963 9488
4838 1 2975 9495
4839 1 2964 9496
4839 1 2964 9502
4840 1 2978 9498
4840 1 2992 9485
4841 1 2971 9486
4841 1 2983 9490
4842 1 2962 9480
4842 1 2988 9492
4843 1 2958 9490
4843 1 2981 9482
4844 1 2967 9498
4844 1 2972 9500
4845 1 2973 9490
4845 1 2993 9498
4846 1 2957 9503
4846 1 2984 9496
5878 1 2953 9827
5879 1 2944 9809
5879 1 2955 9821
5880 1 2951 9814
5881 1 2946 9824
1546 1 3016 3184
1547 1 3016 3182
1548 1 3011 3181
1549 1 3019 3180
1550 1 3012 3185
5442 1 3013 3192
818 1 3048 3207
1979 1 3046 3207
295 1 3010 3341
296 1 3017 3348
3266 1 3036 3345
3273 1 3028 3329
3273 1 3039 3388
3273 1 3051 3329
3273 1 3056 3389
3274 1 3031 3389
3274 1 3038 3329
3274 1 3049 3389
3274 1 3059 3330
3274 1 3064 3384
5794 1 3043 3373
5795 1 3046 3383
6110 1 3053 3378
6742 1 3049 3356
517 1 3015 3515
517 1 3023 3512
517 1 3023 3516
517 1 3024 3510
2578 1 3046 3488
2579 1 3045 3492
2579 1 3056 3497
5230 1 3058 3488
6109 1 3052 3496
531 1 3022 3624
531 1 3022 3639
531 1 3023 3632
531 1 3028 3626
531 1 3029 3637
531 1 3035 3631
531 1 3036 3624
531 1 3036 3639
3189 1 3049 4977
3193 1 3048 4975
3194 1 3042 4972
5919 1 3050 4962
5920 1 3051 4963
3190 1 3018 5072
3191 1 3017 5060
3195 1 3044 5105
3196 1 3059 5090
9020 1 3030 6128
3232 1 3108 3161
3257 1 3107 3157
3257 1 3112 3157
5081 1 3112 3162
5931 1 3108 3164
2114 1 3087 3254
3111 1 3097 3269
473 1 3094 3356
474 1 3098 3359
505 1 3101 3356
506 1 3108 3358
507 1 3123 3356
7457 1 3080 3513
3568 1 3091 9324
6145 1 3091 9307
6146 1 3115 9323
6147 1 3104 9286
6148 1 3105 9297
6152 1 3102 9311
2870 1 3193 3361
2871 1 3191 3351
3010 1 3175 3403
3011 1 3175 3414
5040 1 3162 3430
6268 1 3158 3425
10371 1 3142 3641
6441 1 3191 4595
6441 1 3191 4601
6442 1 3158 4589
6442 1 3194 4599
6443 1 3152 4569
6447 1 3158 4560
6447 1 3174 4566
6447 1 3195 4577
6449 1 3155 4591
6451 1 3144 4589
6452 1 3145 4583
6453 1 3176 4576
6454 1 3145 4574
6454 1 3182 4586
6456 1 3175 4579
6457 1 3151 4573
6458 1 3171 4571
6458 1 3179 4586
6460 1 3144 4549
6460 1 3190 4587
6461 1 3146 4565
6461 1 3195 4582
6462 1 3159 4603
6463 1 3141 4547
6464 1 3170 4559
815 1 3212 3220
3106 1 3206 3219
3108 1 3209 3215
3111 1 3211 3213
3220 1 3210 3212
6288 1 3209 3219
6709 1 3206 3218
8368 1 3210 3249
3107 1 3234 3385
5211 1 3246 3384
3014 1 3231 3395
3108 1 3231 3399
6019 1 3253 3453
6020 1 3262 3442
2557 1 3209 3474
2900 1 3255 3488
3010 1 3201 3495
3010 1 3204 3491
3010 1 3205 3494
3010 1 3205 3498
5785 1 3252 9517
4207 1 3280 2774
4636 1 3291 3032
4665 1 3286 3036
1807 1 3319 3138
1902 1 3264 3455
3014 1 3277 3495
3497 1 3306 3512
4988 1 3279 3503
526 1 3288 3931
526 1 3289 3930
6117 1 3294 3934
8919 1 3294 5918
5788 1 3372 2847
6140 1 3367 2991
5976 1 3365 3318
5984 1 3362 3318
5986 1 3364 3311
5987 1 3363 3307
7768 1 3362 3451
7819 1 3363 3454
7820 1 3363 3453
7821 1 3364 3453
7822 1 3363 3452
5982 1 3362 9644
4750 1 3410 2929
3484 1 3412 3489
3484 1 3414 3487
3485 1 3411 3485
3485 1 3415 3489
3486 1 3416 3491
2 1 3413 3550
2 1 3424 3551
2 1 3428 3543
3 1 3428 3551
3 1 3438 3549
4 1 3411 3534
4 1 3423 3542
4 1 3435 3545
4 1 3442 3550
5 1 3413 3545
5 1 3420 3537
5 1 3427 3539
5 1 3431 3548
5 1 3442 3544
443 1 3433 3556
443 1 3434 3563
443 1 3446 3575
444 1 3439 3575
444 1 3440 3564
444 1 3446 3569
444 1 3448 3573
445 1 3438 3555
445 1 3443 3560
445 1 3443 3572
446 1 3434 3570
446 1 3435 3559
446 1 3439 3569
447 1 3434 3575
447 1 3442 3556
484 1 3416 3561
484 1 3417 3565
484 1 3419 3559
484 1 3422 3567
484 1 3424 3560
484 1 3424 3564
484 1 3426 3557
485 1 3409 3571
485 1 3411 3567
485 1 3411 3576
485 1 3412 3560
485 1 3416 3557
485 1 3416 3573
485 1 3421 3574
485 1 3426 3573
6122 1 3448 3550
2623 1 3499 3474
2625 1 3490 3472
2627 1 3498 3472
2632 1 3479 3498
3751 1 3591 3197
3753 1 3598 3172
3755 1 3589 3169
3730 1 3637 3237
3748 1 3589 3212
3748 1 3595 3207
3749 1 3589 3253
3749 1 3601 3225
3750 1 3618 3204
3751 1 3605 3254
3751 1 3607 3239
3753 1 3595 3215
3754 1 3589 3229
3754 1 3629 3219
3755 1 3590 3261
3784 1 3615 3222
3787 1 3617 3230
3792 1 3631 3235
3799 1 3607 3213
3801 1 3623 3219
8265 1 3640 3235
8265 1 3644 3213
8265 1 3644 3225
8266 1 3640 3203
3731 1 3616 3267
3749 1 3593 3281
3749 1 3617 3307
3749 1 3641 3315
3749 1 3644 3275
3750 1 3596 3307
3750 1 3601 3271
3750 1 3621 3280
3750 1 3630 3298
3750 1 3636 3286
3752 1 3614 3287
3753 1 3591 3271
3753 1 3606 3280
3753 1 3629 3310
3753 1 3635 3267
3753 1 3643 3300
3753 1 3645 3285
3754 1 3601 3297
9715 1 3609 3338
2997 1 3617 3544
8014 1 3586 9069
8014 1 3593 9072
8014 1 3593 9080
8014 1 3594 9063
8014 1 3601 9066
8014 1 3603 9065
8014 1 3603 9080
8014 1 3604 9069
8014 1 3604 9076
8014 1 3614 9065
8014 1 3614 9073
8014 1 3614 9079
8014 1 3621 9076
8014 1 3623 9053
8014 1 3625 9033
8014 1 3625 9044
8014 1 3626 9046
8014 1 3629 9043
8014 1 3629 9061
8014 1 3632 9054
8014 1 3633 9033
8014 1 3636 9026
8014 1 3636 9043
8014 1 3639 9033
8014 1 3640 9044
8014 1 3640 9054
8014 1 3586 9099
8014 1 3593 9096
8014 1 3593 9102
8014 1 3593 9110
8014 1 3603 9099
8014 1 3603 9106
8014 1 3604 9095
8014 1 3604 9110
8014 1 3606 9109
8014 1 3613 9112
8014 1 3614 9095
8014 1 3614 9103
8014 1 3621 9106
8014 1 3623 9141
8014 1 3625 9121
8014 1 3625 9132
8014 1 3626 9134
8014 1 3629 9131
8014 1 3629 9149
8014 1 3632 9142
8014 1 3633 9121
8014 1 3636 9114
8014 1 3636 9131
8014 1 3639 9121
8014 1 3640 9132
8014 1 3640 9142
2854 1 3679 2949
4016 1 3683 2948
4024 1 3670 2979
4025 1 3665 2983
4026 1 3663 2978
4027 1 3684 2949
4028 1 3656 2992
4028 1 3666 2976
4028 1 3682 2947
4029 1 3665 2995
4029 1 3679 2950
4029 1 3698 2997
4030 1 3670 2983
4031 1 3664 2992
4031 1 3676 2949
4032 1 3665 2990
2988 1 3653 3518
3004 1 3694 3518
3004 1 3698 3514
8014 1 3665 8990
8014 1 3666 8985
8014 1 3666 8997
8014 1 3672 8983
8014 1 3672 8999
8014 1 3679 8983
8014 1 3682 8984
8014 1 3687 9000
8014 1 3691 8983
8014 1 3693 8997
8014 1 3694 8986
8014 1 3655 9033
8014 1 3655 9043
8014 1 3656 9054
8014 1 3659 9044
8014 1 3659 9061
8014 1 3662 9054
8014 1 3663 9033
8014 1 3666 9026
8014 1 3666 9044
8014 1 3669 9041
8014 1 3670 9043
8014 1 3670 9054
8014 1 3672 9034
8014 1 3674 9069
8014 1 3681 9072
8014 1 3681 9080
8014 1 3682 9063
8014 1 3689 9066
8014 1 3691 9065
8014 1 3691 9080
8014 1 3692 9069
8014 1 3692 9076
8014 1 3702 9065
8014 1 3702 9073
8014 1 3702 9079
8014 1 3709 9076
8014 1 3655 9121
8014 1 3655 9131
8014 1 3656 9142
8014 1 3659 9132
8014 1 3659 9149
8014 1 3662 9142
8014 1 3663 9121
8014 1 3666 9114
8014 1 3666 9132
8014 1 3669 9129
8014 1 3670 9131
8014 1 3670 9142
8014 1 3672 9122
8014 1 3674 9099
8014 1 3681 9096
8014 1 3681 9102
8014 1 3681 9110
8014 1 3691 9099
8014 1 3691 9106
8014 1 3692 9095
8014 1 3692 9110
8014 1 3694 9109
8014 1 3701 9112
8014 1 3702 9095
8014 1 3702 9103
8014 1 3709 9106
1033 1 3720 3359
9825 1 3718 3358
9826 1 3719 3359
2854 1 3715 3502
4013 1 3713 3497
7819 1 3723 3784
7820 1 3723 3785
2854 1 3733 9710
2854 1 3738 9709
2854 1 3744 9711
2854 1 3750 9710
2854 1 3757 9711
2854 1 3760 9709
9509 1 3754 9711
9510 1 3759 9708
2827 1 3727 9755
2827 1 3729 9763
3019 1 3727 9779
3019 1 3730 9781
3019 1 3733 9780
3019 1 3735 9781
9407 1 3742 9768
9824 1 3727 9759
4823 1 3731 10271
4832 1 3728 10266
4838 1 3733 10263
7757 1 3732 10270
7758 1 3735 10271
7782 1 3737 10299
7782 1 3738 10297
7782 1 3738 10300
7782 1 3739 10292
7782 1 3739 10295
7782 1 3741 10292
7782 1 3741 10299
7782 1 3742 10290
7782 1 3744 10300
7782 1 3747 10300
7782 1 3748 10298
7783 1 3728 10293
7784 1 3765 10290
8668 1 3727 10252
8668 1 3732 10244
8668 1 3738 10254
8668 1 3742 10273
8668 1 3742 10281
8668 1 3752 10285
8668 1 3755 10248
8668 1 3769 10271
8668 1 3771 10296
8668 1 3772 10253
8668 1 3772 10285
8669 1 3727 10251
8669 1 3731 10244
8669 1 3739 10254
8669 1 3742 10272
8669 1 3743 10281
8669 1 3753 10285
8669 1 3754 10248
8669 1 3768 10271
8669 1 3772 10252
8669 1 3772 10296
8669 1 3773 10285
8670 1 3728 10251
8670 1 3731 10245
8670 1 3738 10253
8670 1 3742 10280
8670 1 3743 10273
8670 1 3752 10284
8670 1 3754 10247
8670 1 3770 10271
8670 1 3771 10295
8670 1 3772 10254
8670 1 3772 10286
8671 1 3728 10252
8671 1 3732 10245
8671 1 3739 10253
8671 1 3743 10272
8671 1 3743 10280
8671 1 3753 10284
8671 1 3755 10247
8671 1 3770 10270
8671 1 3772 10295
8671 1 3773 10254
8671 1 3773 10286
8672 1 3728 10253
8672 1 3733 10245
8672 1 3738 10252
8672 1 3741 10280
8672 1 3744 10272
8672 1 3751 10285
8672 1 3756 10248
8672 1 3771 10252
8672 1 3771 10270
8672 1 3772 10287
8672 1 3772 10294
8673 1 3727 10253
8673 1 3733 10244
8673 1 3739 10252
8673 1 3741 10281
8673 1 3744 10273
8673 1 3751 10284
8673 1 3756 10247
8673 1 3770 10252
8673 1 3770 10269
8673 1 3771 10294
8673 1 3773 10287
8674 1 3727 10254
8674 1 3732 10246
8674 1 3739 10255
8674 1 3742 10279
8674 1 3743 10274
8674 1 3752 10286
8674 1 3755 10249
8674 1 3769 10252
8674 1 3770 10295
8674 1 3771 10269
8674 1 3771 10286
543 1 3786 2824
561 1 3819 2838
561 1 3823 2836
561 1 3823 2846
562 1 3820 2840
562 1 3820 2851
562 1 3823 2839
581 1 3803 2872
593 1 3805 2874
1957 1 3786 2827
1958 1 3788 2826
7856 1 3778 9099
7856 1 3785 9096
7856 1 3785 9102
7856 1 3785 9110
7856 1 3795 9099
7856 1 3795 9106
7856 1 3796 9095
7856 1 3796 9110
7856 1 3798 9109
7856 1 3805 9112
7856 1 3806 9095
7856 1 3806 9103
7856 1 3813 9106
7856 1 3815 9141
7856 1 3817 9121
7856 1 3817 9132
7856 1 3818 9134
7856 1 3821 9131
7856 1 3821 9149
7856 1 3824 9142
7856 1 3825 9121
7856 1 3828 9114
7856 1 3828 9131
7856 1 3831 9121
7856 1 3832 9132
7856 1 3832 9142
564 1 3797 9253
566 1 3819 9253
570 1 3803 9249
583 1 3792 9254
585 1 3809 9253
587 1 3798 9258
589 1 3799 9247
591 1 3814 9250
594 1 3817 9259
596 1 3805 9255
598 1 3823 9254
3019 1 3784 9747
3019 1 3786 9777
3019 1 3798 9732
3019 1 3816 9732
3019 1 3826 9790
3019 1 3831 9747
3019 1 3832 9759
9400 1 3809 9735
9401 1 3810 9733
9402 1 3806 9734
9403 1 3807 9732
9404 1 3790 9760
9405 1 3808 9728
9408 1 3826 9760
9459 1 3806 9746
9460 1 3806 9757
9473 1 3811 9777
2025 1 3804 9829
2026 1 3810 9825
2028 1 3811 9830
2029 1 3805 9825
9406 1 3798 9817
9410 1 3784 9793
7796 1 3812 10251
7796 1 3817 10254
7796 1 3821 10250
7796 1 3824 10254
7796 1 3825 10248
7796 1 3826 10261
7796 1 3829 10256
7796 1 3830 10260
7796 1 3832 10245
7856 1 3847 9121
7856 1 3847 9131
7856 1 3848 9142
7856 1 3851 9132
7856 1 3851 9149
7856 1 3854 9142
7856 1 3855 9121
7856 1 3858 9114
7856 1 3858 9132
7856 1 3861 9129
7856 1 3862 9131
7856 1 3862 9142
7856 1 3864 9122
7856 1 3866 9099
7856 1 3873 9096
7856 1 3873 9102
7856 1 3873 9110
7856 1 3883 9099
7856 1 3883 9106
7856 1 3884 9095
7856 1 3884 9110
7856 1 3886 9109
7856 1 3893 9112
7856 1 3894 9095
7856 1 3894 9103
7856 1 3901 9106
433 1 3863 9777
433 1 3866 9765
433 1 3870 9764
433 1 3871 9778
433 1 3873 9760
433 1 3875 9762
433 1 3876 9768
433 1 3878 9757
433 1 3878 9766
433 1 3880 9755
433 1 3882 9763
433 1 3884 9760
433 1 3886 9754
435 1 3865 9778
435 1 3868 9767
435 1 3868 9775
435 1 3868 9786
435 1 3873 9782
435 1 3874 9766
435 1 3876 9759
435 1 3881 9769
2005 1 3845 9771
2005 1 3846 9747
2006 1 3849 9749
2007 1 3845 9777
2007 1 3849 9738
2008 1 3846 9741
2008 1 3847 9774
2018 1 3846 9735
2018 1 3847 9780
6762 1 3867 9777
6762 1 3871 9762
6762 1 3882 9756
6795 1 3866 9770
6795 1 3870 9784
6795 1 3885 9764
8395 1 4166 9106
8395 1 4177 9098
8395 1 4182 9110
8395 1 4189 9095
8395 1 4201 9134
8395 1 4205 9118
8395 1 4213 9129
8395 1 4216 9141
8396 1 4170 9095
8396 1 4177 9109
8396 1 4182 9102
8396 1 4194 9106
8396 1 4198 9100
8396 1 4202 9129
8396 1 4205 9146
8396 1 4209 9134
8396 1 4211 9150
8396 1 4216 9122
8397 1 4162 9099
8397 1 4170 9110
8397 1 4174 9099
8397 1 4189 9111
8397 1 4190 9099
8397 1 4200 9141
8397 1 4201 9122
8397 1 4212 9114
8397 1 4212 9126
8397 1 4212 9142
8399 1 4178 9127
8399 1 4179 9133
8399 1 4182 9127
8399 1 4184 9130
8395 1 4231 9122
8395 1 4234 9134
8395 1 4242 9145
8395 1 4246 9129
8395 1 4254 9106
8395 1 4265 9098
8395 1 4270 9110
8395 1 4277 9095
8396 1 4231 9141
8396 1 4236 9113
8396 1 4238 9129
8396 1 4242 9117
8396 1 4245 9134
8396 1 4258 9095
8396 1 4265 9109
8396 1 4270 9102
8396 1 4282 9106
8396 1 4286 9100
8397 1 4235 9121
8397 1 4235 9137
8397 1 4235 9149
8397 1 4246 9141
8397 1 4247 9122
8397 1 4250 9099
8397 1 4258 9110
8397 1 4262 9099
8397 1 4277 9111
8397 1 4278 9099
8399 1 4263 9130
8399 1 4265 9127
8399 1 4266 9133
8399 1 4269 9130
2075 2 1273 10212
2075 2 1277 10215
2076 2 1269 10211
2076 2 1274 10197
2077 2 1272 10194
2077 2 1275 10209
2079 2 1277 10203
104 2 1330 10194
104 2 1334 10192
104 2 1334 10200
104 2 1336 10212
104 2 1339 10209
104 2 1340 10198
104 2 1340 10202
2075 2 1281 10205
2078 2 1280 10214
2078 2 1282 10200
2078 2 1287 10210
2080 2 1282 10209
2080 2 1286 10203
104 2 1344 10199
104 2 1345 10204
104 2 1349 10197
104 2 1351 10194
104 2 1354 10198
11092 2 1413 3542
11092 2 1414 3525
11092 2 1416 3523
11092 2 1416 3545
11092 2 1416 3553
2030 2 1426 10078
2030 2 1433 10091
2030 2 1443 10078
2030 2 1450 10091
2031 2 1420 10087
2031 2 1428 10074
2031 2 1441 10075
2031 2 1441 10092
2031 2 1448 10081
2031 2 1453 10090
2032 2 1427 10082
2032 2 1432 10079
2032 2 1439 10088
2032 2 1446 10074
2032 2 1447 10085
2032 2 1452 10084
2032 2 1455 10094
7670 2 1456 10078
11061 2 1529 3567
11094 2 1519 3559
11098 2 1522 3568
11104 2 1530 3557
1553 2 1473 3625
8067 2 1481 9939
8067 2 1497 9950
8067 2 1500 9936
8067 2 1500 9964
8067 2 1503 9971
8067 2 1514 9942
8067 2 1521 9945
8068 2 1481 9964
8068 2 1493 9943
8068 2 1502 9943
8068 2 1506 9927
8068 2 1506 9934
8068 2 1526 9934
8069 2 1488 9939
8069 2 1494 9930
8069 2 1498 9979
8069 2 1503 9952
8069 2 1520 9962
8070 2 1486 9933
8070 2 1487 9962
8070 2 1502 9956
8070 2 1515 9969
8070 2 1519 9955
8070 2 1526 9950
8071 2 1481 9950
8071 2 1493 9958
8071 2 1505 9942
8071 2 1507 9978
8071 2 1516 9930
8071 2 1520 9940
8072 2 1481 9945
8072 2 1488 9955
8072 2 1492 9970
8072 2 1502 9941
8072 2 1507 9966
8072 2 1513 9950
8072 2 1519 9938
8072 2 1526 9960
11135 2 1593 3532
7472 2 1595 3668
7472 2 1595 3672
7472 2 1595 3674
7472 2 1595 3678
1613 2 1612 3679
2007 2 1619 3667
2057 2 1617 3669
2058 2 1618 3666
6523 2 1611 3679
7927 2 1614 3689
7930 2 1619 3677
8542 2 1612 3677
8543 2 1615 3664
7045 2 1616 3829
7065 2 1611 3823
7066 2 1609 3791
7067 2 1646 3820
3010 2 1651 5594
3010 2 1651 5600
3010 2 1651 5606
3010 2 1652 5612
3010 2 1653 5590
3010 2 1654 5598
3010 2 1654 5601
3010 2 1655 5610
3010 2 1655 5614
3010 2 1656 5591
3010 2 1657 5594
3010 2 1657 5599
3010 2 1657 5605
2005 2 1680 3678
11092 2 1669 3700
11092 2 1674 3699
11092 2 1678 3700
11092 2 1683 3699
11092 2 1688 3700
11092 2 1690 3649
11092 2 1690 3659
11092 2 1690 3667
11092 2 1690 3675
11092 2 1690 3687
11092 2 1690 3693
11092 2 1691 3653
11092 2 1691 3662
11092 2 1691 3672
11092 2 1691 3682
11092 2 1691 3697
7054 2 1692 3793
7375 2 1706 3799
3527 2 1695 4258
11144 2 1779 3567
2855 2 1784 3721
2855 2 1785 3755
6983 2 1782 3719
6983 2 1785 3758
6984 2 1791 3721
777 2 1761 5088
778 2 1761 5087
779 2 1786 5066
780 2 1787 5079
781 2 1765 5112
782 2 1734 5111
783 2 1737 5068
784 2 1770 5070
5939 2 1796 4383
5941 2 1803 4365
5941 2 1805 4370
5941 2 1810 4363
5941 2 1817 4362
5941 2 1817 4367
5942 2 1812 4392
5942 2 1814 4404
5942 2 1820 4392
5942 2 1820 4403
5942 2 1823 4386
5942 2 1841 4370
5942 2 1846 4373
5942 2 1848 4382
5943 2 1814 4407
5943 2 1817 4404
5943 2 1820 4389
5943 2 1822 4394
5943 2 1825 4388
5943 2 1839 4371
5943 2 1845 4370
5943 2 1848 4379
5943 2 1850 4382
785 2 1823 5087
3473 2 1823 5149
5942 2 1863 4380
5942 2 1864 4383
4004 2 1859 4665
4004 2 1860 4612
4004 2 1862 4621
4004 2 1862 4640
4004 2 1863 4657
4004 2 1869 4627
4004 2 1869 4651
4004 2 1881 4646
4004 2 1886 4612
4004 2 1886 4623
4004 2 1886 4647
4004 2 1886 4660
4004 2 1888 4629
4004 2 1896 4637
4004 2 1897 4629
4004 2 1897 4641
4004 2 1899 4614
4004 2 1899 4637
4004 2 1899 4664
4004 2 1900 4649
4004 2 1909 4641
4004 2 1910 4648
4004 2 1911 4626
4004 2 1911 4637
4004 2 1916 4613
4004 2 1916 4666
5945 2 1929 4387
5945 2 1930 4383
5945 2 1931 4392
5945 2 1939 4391
5945 2 1944 4394
5945 2 1951 4391
5945 2 1957 4393
10544 2 1940 6066
10544 2 1945 6069
10545 2 1941 6070
10545 2 1944 6066
6082 2 2012 5535
6082 2 2023 5544
1836 2 2058 4828
1836 2 2099 4833
1837 2 2065 4834
7129 2 2078 5409
7130 2 2067 5393
7131 2 2067 5420
7132 2 2089 5408
7133 2 2098 5403
7134 2 2098 5395
7135 2 2097 5425
10544 2 2132 2994
10544 2 2137 2997
10545 2 2133 2998
10545 2 2136 2994
3857 2 2138 3899
3860 2 2141 3891
3867 2 2143 3900
3859 2 2140 3916
3868 2 2138 3912
3872 2 2143 3905
3857 2 2222 3796
3859 2 2224 3813
3860 2 2225 3788
3867 2 2227 3802
3868 2 2222 3809
3872 2 2227 3797
5127 2 2277 5526
5127 2 2279 5554
5128 2 2270 5516
5128 2 2279 5541
9641 2 2252 5876
9643 2 2272 5876
9641 2 2251 5985
9641 2 2255 5992
9641 2 2256 5972
9641 2 2262 6006
9641 2 2273 5994
9641 2 2281 5965
9641 2 2290 6007
9641 2 2292 5986
1948 2 2364 3800
3465 2 2348 10362
1947 2 2372 3801
3690 2 2391 4619
3690 2 2392 4623
3691 2 2380 4627
3691 2 2386 4632
3819 2 2392 4626
3820 2 2395 4631
3821 2 2389 4634
3822 2 2397 4634
3823 2 2383 4636
3824 2 2378 4624
9641 2 2387 5857
9643 2 2409 5856
7952 2 2463 2847
8036 2 2466 2846
8037 2 2448 2847
6080 2 2475 3421
15 2 2468 3487
4973 2 2466 3500
4974 2 2463 3504
6081 2 2448 3497
6081 2 2463 3480
6081 2 2465 3497
6081 2 2465 3510
6081 2 2466 3480
6082 2 2448 3495
6082 2 2460 3487
6082 2 2467 3494
6082 2 2467 3510
6082 2 2471 3496
6082 2 2483 3495
6082 2 2483 3497
6086 2 2450 3496
6086 2 2467 3488
6086 2 2470 3503
6086 2 2481 3498
6096 2 2465 3490
2829 2 2472 4453
2829 2 2480 4454
2829 2 2483 4464
2829 2 2490 4451
866 2 2484 9392
867 2 2459 9394
868 2 2466 9389
869 2 2477 9384
870 2 2485 9398
879 2 2453 9393
879 2 2461 9403
879 2 2464 9380
866 2 2448 9442
866 2 2465 9454
866 2 2471 9422
867 2 2473 9430
867 2 2478 9442
867 2 2487 9455
868 2 2436 9452
868 2 2436 9465
868 2 2450 9460
868 2 2455 9440
868 2 2473 9439
868 2 2483 9408
869 2 2437 9429
869 2 2440 9438
869 2 2458 9408
870 2 2457 9420
870 2 2462 9431
870 2 2482 9422
879 2 2442 9436
879 2 2458 9413
879 2 2470 9435
879 2 2472 9460
879 2 2483 9413
879 2 2485 9447
4397 2 2549 3116
4398 2 2544 3117
4399 2 2544 3112
4400 2 2549 3112
9641 2 2523 5847
9643 2 2528 5863
9641 2 2500 6001
9641 2 2511 5977
9641 2 2520 5966
9641 2 2530 5954
9641 2 2537 5998
9641 2 2552 5992
9642 2 2499 5993
9642 2 2504 5980
9642 2 2517 5992
9642 2 2519 5955
9642 2 2535 5966
9642 2 2537 5991
9642 2 2548 5961
9642 2 2548 5999
9643 2 2511 5990
9643 2 2526 6015
9643 2 2555 5970
9644 2 2499 5963
9644 2 2538 5960
9644 2 2546 6008
3257 2 2586 3088
3257 2 2589 3085
3257 2 2593 3090
1213 2 2610 3143
3301 2 2572 3284
3301 2 2572 3309
3301 2 2582 3284
3301 2 2582 3309
3301 2 2588 3290
3301 2 2588 3303
6061 2 2667 3430
6062 2 2670 3429
6063 2 2669 3426
6064 2 2666 3427
470 2 2642 5202
470 2 2642 5212
470 2 2643 5224
470 2 2644 5206
470 2 2646 5226
470 2 2647 5198
470 2 2647 5219
470 2 2650 5211
470 2 2651 5204
470 2 2652 5230
470 2 2655 5225
470 2 2656 5210
470 2 2656 5218
470 2 2657 5229
470 2 2660 5199
470 2 2663 5211
470 2 2663 5223
470 2 2664 5201
470 2 2666 5197
470 2 2666 5216
470 2 2666 5222
470 2 2669 5204
470 2 2671 5226
470 2 2672 5211
470 2 2673 5201
470 2 2675 5215
488 2 2643 5198
488 2 2645 5222
488 2 2646 5212
488 2 2650 5202
488 2 2652 5218
488 2 2654 5227
488 2 2658 5207
488 2 2658 5216
488 2 2661 5224
488 2 2662 5199
488 2 2669 5218
488 2 2670 5202
488 2 2673 5213
489 2 2644 5199
489 2 2646 5223
489 2 2647 5213
489 2 2651 5203
489 2 2653 5219
489 2 2655 5228
489 2 2659 5208
489 2 2659 5217
489 2 2662 5225
489 2 2663 5200
489 2 2670 5219
489 2 2671 5203
489 2 2674 5214
2025 2 2631 9505
2026 2 2630 9482
2026 2 2638 9501
2027 2 2642 9506
2028 2 2633 9491
2028 2 2635 9477
2029 2 2646 9476
2078 2 2632 9585
2078 2 2635 9557
2079 2 2628 9543
2079 2 2634 9577
2079 2 2635 9562
2079 2 2643 9563
2080 2 2630 9551
2080 2 2640 9566
5194 2 2657 9570
5194 2 2660 9582
5194 2 2664 9581
5194 2 2669 9577
5194 2 2670 9580
5194 2 2673 9576
5194 2 2676 9574
5872 2 2662 9573
5873 2 2663 9578
5873 2 2667 9582
5873 2 2677 9570
5238 2 2749 2768
6807 2 2750 2797
6808 2 2721 2766
3961 2 2725 3381
4353 2 2751 3506
5921 2 2702 3463
2295 2 2741 5241
2271 2 2743 5284
2275 2 2740 5285
5238 2 2752 2798
5272 2 2774 2768
5272 2 2774 2777
5272 2 2780 2791
5272 2 2787 2793
6809 2 2768 2798
6810 2 2755 2770
3527 2 2769 3403
2461 2 2846 3539
2463 2 2848 3551
2463 2 2866 3544
2464 2 2854 3542
2464 2 2872 3552
2465 2 2855 3535
2465 2 2858 3550
2466 2 2851 3540
2466 2 2862 3550
2467 2 2851 3535
2467 2 2868 3552
2468 2 2842 3550
2468 2 2870 3541
1969 2 2825 3807
1970 2 2825 3811
720 2 2832 4959
721 2 2838 4948
722 2 2858 4964
723 2 2864 4946
3135 2 2848 5277
3136 2 2835 5286
3136 2 2859 5283
3137 2 2862 5292
3137 2 2878 5286
3138 2 2845 5283
3138 2 2873 5299
3139 2 2863 5307
3139 2 2864 5280
3139 2 2864 5281
3140 2 2854 5304
3140 2 2875 5296
3141 2 2862 5260
3141 2 2864 5293
3160 2 2843 5266
3160 2 2848 5282
3162 2 2832 5302
3163 2 2840 5303
3164 2 2828 5299
3165 2 2833 5297
3166 2 2837 5288
3166 2 2841 5281
3166 2 2858 5263
3167 2 2845 5260
3167 2 2848 5274
3168 2 2830 5284
3168 2 2837 5265
3168 2 2854 5273
3168 2 2867 5266
3169 2 2867 5305
3169 2 2878 5291
3170 2 2853 5264
3170 2 2866 5262
3171 2 2841 5263
3171 2 2842 5291
3172 2 2858 5304
3172 2 2861 5310
3172 2 2868 5288
3172 2 2874 5292
3173 2 2856 5269
3173 2 2870 5265
3174 2 2834 5283
3174 2 2840 5268
3175 2 2851 5274
3175 2 2863 5268
3176 2 2839 5275
3176 2 2842 5286
3176 2 2845 5269
3177 2 2851 5310
3177 2 2861 5297
3177 2 2878 5282
3178 2 2849 5270
3178 2 2866 5271
3179 2 2835 5271
3180 2 2849 5292
3180 2 2854 5299
3180 2 2873 5286
3180 2 2877 5310
3181 2 2846 5279
3181 2 2873 5260
3182 2 2833 5289
3182 2 2848 5259
3183 2 2855 5283
3183 2 2871 5310
3183 2 2876 5298
2215 2 2872 5358
2216 2 2866 5358
2217 2 2872 5352
2218 2 2868 5362
2233 2 2867 5313
2233 2 2877 5313
2233 2 2878 5332
2234 2 2828 5338
2234 2 2830 5318
2234 2 2836 5356
2234 2 2843 5332
2234 2 2846 5336
2234 2 2853 5322
2234 2 2854 5332
2234 2 2856 5362
2234 2 2857 5350
2234 2 2859 5317
2234 2 2864 5340
2234 2 2868 5323
2235 2 2832 5325
2235 2 2838 5347
2235 2 2840 5325
2235 2 2843 5338
2235 2 2843 5356
2235 2 2847 5346
2235 2 2857 5356
2236 2 2832 5353
2236 2 2834 5321
2236 2 2843 5322
2236 2 2843 5345
2236 2 2849 5343
2236 2 2850 5355
2237 2 2837 5352
2237 2 2838 5353
2237 2 2863 5332
2237 2 2864 5335
2237 2 2871 5312
2238 2 2836 5352
2238 2 2840 5334
2238 2 2864 5333
2238 2 2872 5313
2239 2 2837 5353
2239 2 2839 5333
2239 2 2839 5334
2239 2 2862 5334
2239 2 2871 5322
2239 2 2871 5323
2240 2 2836 5353
2240 2 2840 5333
2240 2 2863 5334
2240 2 2864 5334
2240 2 2870 5322
2240 2 2872 5312
2241 2 2854 5313
2241 2 2855 5312
2241 2 2856 5314
2241 2 2869 5344
2241 2 2870 5343
2241 2 2870 5345
2241 2 2876 5318
2241 2 2878 5317
2241 2 2878 5319
2241 2 2879 5318
2241 2 2879 5321
2242 2 2829 5328
2242 2 2835 5338
2242 2 2837 5344
2242 2 2838 5325
2242 2 2839 5319
2242 2 2843 5330
2242 2 2845 5347
2242 2 2847 5340
2242 2 2850 5351
2242 2 2852 5357
2242 2 2856 5347
2242 2 2859 5352
2242 2 2860 5356
2243 2 2827 5334
2243 2 2834 5350
2243 2 2836 5320
2243 2 2842 5345
2243 2 2843 5341
2243 2 2843 5364
2243 2 2844 5328
2243 2 2846 5358
2243 2 2851 5346
2243 2 2854 5351
2244 2 2827 5331
2244 2 2830 5315
2244 2 2832 5340
2244 2 2837 5342
2244 2 2838 5329
2244 2 2839 5360
2244 2 2843 5320
2244 2 2845 5352
2244 2 2846 5332
2244 2 2848 5342
2244 2 2851 5359
2244 2 2855 5345
2244 2 2860 5353
2245 2 2858 5329
2245 2 2863 5313
2245 2 2879 5327
2246 2 2864 5314
2246 2 2877 5327
2246 2 2879 5330
2247 2 2857 5331
2247 2 2864 5315
2247 2 2878 5328
2248 2 2858 5331
2248 2 2862 5314
2248 2 2865 5313
2248 2 2878 5329
2249 2 2856 5330
2249 2 2864 5312
2249 2 2879 5328
3133 2 2837 5335
3134 2 2839 5344
3135 2 2836 5349
3135 2 2872 5318
3136 2 2847 5352
3136 2 2858 5315
3136 2 2869 5328
3136 2 2875 5313
3137 2 2829 5330
3137 2 2853 5327
3137 2 2854 5347
3138 2 2854 5355
3138 2 2862 5336
3139 2 2873 5312
3141 2 2859 5325
938 2 2855 10054
939 2 2838 10098
940 2 2836 10095
940 2 2852 10107
941 2 2836 10087
941 2 2851 10052
942 2 2836 10074
1452 2 2830 10061
4120 2 2831 10086
4121 2 2822 10073
4122 2 2829 10100
4143 2 2836 10082
2854 2 2923 3245
2854 2 2924 3240
3972 2 2923 3251
3973 2 2926 3255
3973 2 2929 3251
3973 2 2930 3254
3974 2 2928 3253
3974 2 2933 3256
2056 2 2906 3336
2057 2 2909 3334
2058 2 2908 3332
2059 2 2910 3336
5841 2 2905 3334
4397 2 2933 4716
4398 2 2928 4717
4399 2 2928 4712
4400 2 2933 4712
2209 2 2881 5286
2209 2 2883 5308
2209 2 2886 5283
2209 2 2888 5290
2209 2 2890 5304
2209 2 2899 5295
2209 2 2902 5300
2209 2 2908 5299
2210 2 2880 5290
2210 2 2880 5307
2210 2 2881 5284
2210 2 2882 5294
2210 2 2883 5310
2210 2 2885 5305
2210 2 2886 5288
2210 2 2886 5311
2210 2 2888 5281
2210 2 2896 5292
2210 2 2897 5311
2210 2 2898 5311
2210 2 2900 5284
2210 2 2904 5299
2210 2 2907 5290
2210 2 2910 5296
2211 2 2881 5281
2211 2 2883 5285
2211 2 2883 5297
2211 2 2888 5295
2211 2 2888 5300
2211 2 2891 5287
2211 2 2891 5309
2211 2 2896 5297
2211 2 2896 5303
2211 2 2910 5299
2212 2 2881 5292
2212 2 2883 5303
2212 2 2887 5311
2212 2 2890 5283
2212 2 2897 5287
2212 2 2898 5307
2212 2 2903 5292
2212 2 2905 5302
2213 2 2883 5287
2213 2 2891 5292
2213 2 2894 5298
2213 2 2899 5304
2214 2 2886 5291
2214 2 2886 5301
2214 2 2891 5297
2214 2 2899 5287
2214 2 2907 5301
3133 2 2892 5302
3135 2 2891 5285
3136 2 2884 5295
3136 2 2909 5297
3129 2 2925 5322
3130 2 2932 5328
3131 2 2919 5327
3132 2 2921 5319
3133 2 2881 5324
3133 2 2889 5329
3133 2 2915 5345
3134 2 2886 5313
3134 2 2898 5313
3134 2 2902 5357
3134 2 2907 5348
3134 2 2920 5356
3134 2 2925 5352
3135 2 2880 5321
3135 2 2886 5323
3135 2 2892 5320
3135 2 2896 5312
3136 2 2884 5354
3136 2 2891 5361
3136 2 2897 5352
3136 2 2900 5355
3136 2 2910 5342
3136 2 2912 5353
3136 2 2914 5335
3136 2 2916 5342
3136 2 2916 5354
3136 2 2920 5347
3136 2 2920 5358
3136 2 2927 5354
3136 2 2931 5357
3136 2 2933 5347
3136 2 2936 5350
3137 2 2880 5318
3137 2 2880 5332
3137 2 2885 5312
3137 2 2888 5320
3137 2 2894 5325
3137 2 2898 5312
3138 2 2883 5349
3138 2 2884 5325
3138 2 2885 5315
3138 2 2886 5359
3138 2 2889 5322
3138 2 2894 5350
3138 2 2894 5362
3138 2 2922 5358
3138 2 2928 5356
3138 2 2935 5353
3140 2 2887 5312
3140 2 2898 5315
3141 2 2881 5329
3141 2 2886 5351
3141 2 2888 5313
3141 2 2903 5348
3141 2 2903 5363
3141 2 2906 5346
3141 2 2922 5353
3141 2 2930 5345
3159 2 2890 5356
3159 2 2903 5351
3159 2 2912 5338
3159 2 2913 5357
3159 2 2918 5337
3159 2 2918 5344
3159 2 2919 5342
3159 2 2922 5345
3159 2 2926 5341
3159 2 2927 5339
3159 2 2927 5345
3160 2 2937 5351
3161 2 2883 5356
3161 2 2887 5357
3161 2 2888 5363
3161 2 2902 5361
3161 2 2905 5355
3161 2 2917 5339
3161 2 2919 5360
3161 2 2920 5338
3161 2 2924 5340
3161 2 2929 5347
3161 2 2936 5348
4118 2 2890 10086
1798 2 2981 3339
1799 2 2972 3329
1799 2 2984 3350
1799 2 2985 3343
1800 2 2964 3352
1800 2 2966 3328
1800 2 2975 3328
1800 2 2990 3346
1829 2 2957 3341
4736 2 2983 3335
4771 2 2960 3336
659 2 2958 3497
668 2 2955 3496
6276 2 2968 3468
319 2 2993 4254
319 2 2993 4382
6178 2 2967 4794
6178 2 2977 4858
1552 2 3018 3179
517 2 3014 3516
517 2 3023 3514
517 2 3026 3507
2005 2 3110 3157
5005 2 3103 3163
5006 2 3110 3161
2831 2 3110 3366
3562 2 3110 3367
3063 2 3096 3428
10384 2 3134 3628
6178 2 3107 4794
6178 2 3102 4858
6144 2 3104 9307
6153 2 3108 9320
10372 2 3141 3641
6444 2 3156 4567
6455 2 3140 4557
6455 2 3188 4578
6456 2 3142 4560
6456 2 3159 4569
6459 2 3182 4577
6460 2 3186 4576
3227 2 3208 3222
6520 2 3209 3222
6709 2 3206 3219
6709 2 3228 3219
1901 2 3257 3454
1922 2 3261 3451
3010 2 3203 3479
3010 2 3204 3477
3010 2 3206 3478
3010 2 3206 3481
3010 2 3207 3476
3010 2 3208 3473
3010 2 3209 3471
3010 2 3210 3474
3010 2 3211 3468
3010 2 3221 3483
3010 2 3222 3470
3012 2 3209 3490
3012 2 3211 3490
3012 2 3213 3490
3012 2 3215 3490
3012 2 3217 3490
3013 2 3213 3491
5085 2 3204 3496
9106 2 3227 6058
9107 2 3242 6045
9114 2 3236 6055
9186 2 3233 6052
9187 2 3252 6071
9475 2 3259 6078
9109 2 3226 6105
9113 2 3242 6121
9117 2 3238 6117
9151 2 3263 6090
9183 2 3233 6113
9184 2 3252 6094
9475 2 3259 6087
5783 2 3224 9516
5783 2 3224 9517
5783 2 3224 9518
5783 2 3225 9516
5783 2 3225 9517
5783 2 3225 9518
5783 2 3226 9516
5783 2 3226 9517
5783 2 3226 9518
526 2 3286 3939
526 2 3287 3929
526 2 3289 3932
526 2 3290 3931
526 2 3293 3933
526 2 3296 3934
9110 2 3285 6044
9111 2 3302 6065
9115 2 3280 6066
9185 2 3276 6070
9188 2 3294 6052
9475 2 3264 6078
9108 2 3286 6120
9112 2 3306 6104
9116 2 3288 6107
9182 2 3294 6113
9189 2 3275 6094
9475 2 3268 6083
794 2 3276 9268
794 2 3277 9252
794 2 3277 9275
794 2 3279 9234
794 2 3289 9236
794 2 3296 9256
794 2 3301 9275
794 2 3305 9256
794 2 3308 9221
794 2 3311 9226
796 2 3292 9256
796 2 3299 9220
6139 2 3356 2984
5974 2 3364 9638
5975 2 3375 9640
5976 2 3354 9636
5980 2 3364 9626
5985 2 3362 9650
5987 2 3367 9650
9804 2 3417 3489
8 2 3433 3570
8 2 3435 3574
8 2 3437 3566
8 2 3439 3570
8 2 3441 3574
8 2 3443 3570
8 2 3444 3566
8 2 3445 3560
8 2 3446 3574
8 2 3447 3563
8 2 3449 3572
412 2 3432 3540
412 2 3435 3548
412 2 3437 3537
412 2 3439 3542
412 2 3439 3548
412 2 3443 3548
412 2 3445 3541
412 2 3446 3535
415 2 3408 3573
415 2 3411 3564
415 2 3411 3570
415 2 3411 3576
415 2 3413 3573
415 2 3414 3562
415 2 3415 3569
415 2 3418 3567
415 2 3419 3562
415 2 3421 3573
415 2 3422 3570
415 2 3423 3565
415 2 3426 3569
415 2 3427 3572
5921 2 3511 3480
955 2 3465 9502
955 2 3472 9516
955 2 3479 9478
955 2 3482 9526
955 2 3488 9490
955 2 3493 9510
955 2 3495 9501
955 2 3497 9476
955 2 3499 9511
955 2 3500 9520
955 2 3503 9527
955 2 3505 9520
955 2 3508 9525
957 2 3463 9481
957 2 3465 9486
957 2 3466 9476
957 2 3467 9489
957 2 3469 9481
957 2 3477 9501
957 2 3494 9491
959 2 3505 9493
959 2 3511 9499
966 2 3467 9485
966 2 3467 9503
966 2 3486 9500
966 2 3505 9524
2015 2 3549 3555
2016 2 3547 3555
3753 2 3619 3209
3749 2 3628 3324
3750 2 3642 3323
3753 2 3598 3293
3754 2 3613 3290
8014 2 3587 9071
8014 2 3589 9075
8014 2 3590 9070
8014 2 3597 9072
8014 2 3609 9072
8014 2 3616 9075
8014 2 3617 9070
8014 2 3620 9072
8014 2 3620 9075
8014 2 3630 9030
8014 2 3630 9057
8014 2 3631 9060
8014 2 3632 9027
8014 2 3632 9038
8014 2 3632 9050
8014 2 3635 9027
8014 2 3635 9031
8014 2 3635 9058
8014 2 3587 9100
8014 2 3587 9103
8014 2 3590 9105
8014 2 3591 9100
8014 2 3598 9103
8014 2 3610 9103
8014 2 3617 9105
8014 2 3618 9100
8014 2 3620 9104
8014 2 3630 9118
8014 2 3630 9145
8014 2 3631 9148
8014 2 3632 9115
8014 2 3632 9126
8014 2 3632 9138
8014 2 3635 9115
8014 2 3635 9119
8014 2 3635 9146
8014 2 3660 9029
8014 2 3660 9056
8014 2 3660 9060
8014 2 3663 9037
8014 2 3663 9049
8014 2 3663 9060
8014 2 3664 9027
8014 2 3665 9030
8014 2 3665 9057
8014 2 3675 9071
8014 2 3677 9075
8014 2 3678 9070
8014 2 3685 9072
8014 2 3697 9072
8014 2 3704 9075
8014 2 3705 9070
8014 2 3708 9072
8014 2 3708 9075
8014 2 3660 9117
8014 2 3660 9144
8014 2 3660 9148
8014 2 3663 9125
8014 2 3663 9137
8014 2 3663 9148
8014 2 3664 9115
8014 2 3665 9118
8014 2 3665 9145
8014 2 3675 9100
8014 2 3675 9103
8014 2 3678 9105
8014 2 3679 9100
8014 2 3686 9103
8014 2 3698 9103
8014 2 3705 9105
8014 2 3706 9100
8014 2 3708 9104
9677 2 3697 9752
9678 2 3682 9772
9679 2 3666 9745
9680 2 3667 9773
9681 2 3684 9749
9682 2 3666 9761
9683 2 3673 9776
9683 2 3679 9755
9683 2 3698 9756
9684 2 3665 9755
9684 2 3682 9765
9822 2 3692 9764
542 2 3786 2827
595 2 3794 2874
1959 2 3788 2825
7856 2 3779 9100
7856 2 3779 9103
7856 2 3782 9105
7856 2 3783 9100
7856 2 3790 9103
7856 2 3802 9103
7856 2 3809 9105
7856 2 3810 9100
7856 2 3812 9104
7856 2 3822 9118
7856 2 3822 9145
7856 2 3823 9148
7856 2 3824 9115
7856 2 3824 9126
7856 2 3824 9138
7856 2 3827 9115
7856 2 3827 9119
7856 2 3827 9146
9409 2 3821 9778
7856 2 3852 9117
7856 2 3852 9144
7856 2 3852 9148
7856 2 3855 9125
7856 2 3855 9137
7856 2 3855 9148
7856 2 3856 9115
7856 2 3857 9118
7856 2 3857 9145
7856 2 3867 9100
7856 2 3867 9103
7856 2 3870 9105
7856 2 3871 9100
7856 2 3878 9103
7856 2 3890 9103
7856 2 3897 9105
7856 2 3898 9100
7856 2 3900 9104
8395 2 4166 9103
8395 2 4208 9118
8396 2 4164 9100
8396 2 4174 9103
8396 2 4194 9105
8396 2 4206 9146
8396 2 4208 9126
8396 2 4211 9116
8397 2 4185 9103
8397 2 4192 9101
8397 2 4208 9137
8397 2 4210 9144
8395 2 4239 9145
8395 2 4254 9103
8396 2 4236 9147
8396 2 4239 9137
8396 2 4241 9117
8396 2 4252 9100
8396 2 4262 9103
8396 2 4282 9105
8397 2 4237 9119
8397 2 4239 9126
8397 2 4273 9103
8397 2 4280 9101
7656 3 1437 10081
7656 3 1441 10076
7656 3 1446 10082
7657 3 1434 10084
7657 3 1440 10073
7657 3 1443 10079
7664 3 1434 10079
7664 3 1438 10085
7664 3 1445 10076
8067 3 1491 9932
8067 3 1503 9957
8067 3 1516 9943
8067 3 1516 9971
8067 3 1524 9937
8068 3 1483 9966
8068 3 1491 9945
8068 3 1491 9971
8068 3 1503 9943
8068 3 1523 9935
8069 3 1483 9963
8069 3 1501 9966
8069 3 1501 9977
8069 3 1506 9950
8069 3 1524 9962
8070 3 1483 9943
8070 3 1504 9964
8070 3 1507 9937
8070 3 1524 9948
8071 3 1499 9951
8071 3 1503 9932
8071 3 1506 9978
8071 3 1516 9957
8072 3 1491 9957
8072 3 1516 9932
11136 3 1589 3530
11092 3 1595 3661
11092 3 1595 3685
11093 3 1595 3667
11093 3 1595 3679
5939 3 1799 4403
5939 3 1801 4408
5939 3 1804 4403
5941 3 1829 4407
5941 3 1835 4396
5941 3 1836 4403
5941 3 1841 4399
5941 3 1842 4405
5941 3 1849 4406
5943 3 1826 4376
5943 3 1830 4378
5943 3 1838 4379
5945 3 1968 4397
5945 3 1972 4400
5945 3 1972 4404
1779 3 1934 4427
4973 3 1970 5522
4974 3 1964 5522
6081 3 1964 5519
6081 3 1970 5519
10566 3 1965 6221
10566 3 1970 6224
10567 3 1970 6217
1487 3 2019 4957
1488 3 2023 4961
1489 3 2026 4963
1490 3 2007 4954
2023 3 2006 4959
7136 3 2067 5420
7137 3 2069 5408
7138 3 2080 5408
7139 3 2098 5403
7140 3 2084 5388
7141 3 2088 5385
7142 3 2097 5388
3873 3 2142 3894
6162 3 2138 3891
3872 3 2142 3911
5898 3 2135 4842
3873 3 2226 3791
3874 3 2226 3808
6162 3 2223 3788
5127 3 2278 5523
5127 3 2278 5544
5128 3 2264 5516
1236 3 2367 4960
4973 3 2415 3433
4973 3 2418 3474
4974 3 2412 3474
6081 3 2412 3471
6081 3 2418 3471
6091 3 2464 3501
1208 3 2594 3162
1209 3 2592 3163
6155 3 2648 3217
5921 3 2657 3295
5921 3 2656 3676
5232 3 2702 3405
3187 3 2706 5240
3188 3 2707 5239
5791 3 2754 9585
5791 3 2755 9548
5791 3 2756 9541
5791 3 2757 9589
5791 3 2758 9552
5791 3 2763 9540
5791 3 2764 9596
5791 3 2765 9586
5791 3 2766 9551
5791 3 2782 9540
5791 3 2788 9540
5791 3 2789 9548
5791 3 2793 9538
5791 3 2794 9595
5791 3 2800 9596
5791 3 2801 9594
5791 3 2811 9590
721 3 2900 4948
722 3 2926 4965
1800 3 2963 3340
1829 3 2960 3338
1829 3 2982 3352
6621 3 3053 10165
5921 3 3232 3401
4207 3 3281 2771
5921 3 3302 3192
526 3 3281 3934
526 3 3282 3938
5787 3 3366 2845
5921 3 3361 5919
11 3 3403 9968
11 3 3406 9961
11 3 3406 9971
11 3 3407 9957
11 3 3411 9961
11 3 3412 9969
11 3 3413 9965
11 3 3414 9954
11 3 3417 9959
11 3 3417 9970
11 3 3424 9960
11 3 3424 9969
416 3 3427 9965
416 3 3432 9965
416 3 3433 9956
416 3 3433 9961
416 3 3436 9964
416 3 3436 9971
416 3 3437 9967
416 3 3438 9954
416 3 3440 9960
416 3 3440 9971
416 3 3441 9974
416 3 3442 9956
416 3 3442 9966
416 3 3445 9970
486 3 3409 9939
486 3 3416 9942
486 3 3417 9931
486 3 3417 9937
486 3 3423 9935
487 3 3403 9934
487 3 3404 9940
487 3 3405 9929
487 3 3406 9949
487 3 3411 9945
487 3 3412 9935
487 3 3421 9939
1543 3 3427 9943
1543 3 3428 9932
1543 3 3432 9937
1543 3 3432 9947
1543 3 3433 9942
1543 3 3434 9932
1543 3 3437 9948
1543 3 3439 9932
1543 3 3439 9943
1543 3 3440 9928
1543 3 3440 9936
1543 3 3444 9931
5790 3 3424 9953
3750 3 3622 3212
3755 3 3610 3208
520 3 3736 3318
520 3 3738 3314
520 3 3739 3313
520 3 3739 3321
520 3 3742 3317
532 3 3738 3320
532 3 3739 3315
9434 3 3863 9942
9437 3 3879 9942
9440 3 3863 9958
9443 3 3879 9958
